chr,slope,t,p,q
1,-0.0016957015539775543,-1.4126719222568607,0.1584892777387598,0.20251407711063749
2,-0.0016346218162682285,-1.602132571822476,0.10987452276568117,0.15486723501863914
3,-0.0004922266848437259,-0.5520318486024378,0.5812187561023147,0.6226376583090393
4,-0.005221188641321546,-5.017833799208775,7.716758090923089e-07,3.549708721824621e-06
5,0.006628826886371167,6.66111119084341,8.497387777447185e-11,4.885997972032131e-10
6,0.0008965293455809577,0.9890231151195069,0.3232185610746161,0.37170134523580856
7,-0.004465262901686871,-3.057438501731187,0.0023743622212330268,0.005461033108835962
8,0.0027251911318093144,2.2047508926755044,0.028010418676503453,0.05368663579663162
9,-0.0018524682907549443,-1.3208596981715783,0.18726395830337425,0.22668794952513724
10,-0.007991097113084772,-6.762288982065899,4.541083324781779e-11,3.481497215666031e-10
11,-0.0006133812771598427,-0.531190187750683,0.5955664557738637,0.6226376583090393
12,-0.0032471837095495804,-3.734886480059148,0.00021359099824791263,0.0007017989942431415
13,0.006646364188448667,3.474735320114918,0.0005642924168260827,0.0015498712684807302
14,-0.0061851878968573835,-4.184010619120935,3.486358339075027e-05,0.00013364373633120935
15,0.0016813720491301672,1.5817006385788368,0.11446708675290719,0.15486723501863914
16,-0.012745465807437854,-9.406911101469749,3.314682820813671e-19,7.623770487871443e-18
17,-0.0025539894166435135,-2.4940197510940347,0.013012306851016245,0.02720755068848851
18,0.01862698149422054,9.312903188677263,6.924730446394672e-19,7.963440013353874e-18
19,-0.00033373284724496277,-0.2792689623983523,0.7801752382854237,0.7801752382854237
20,0.00228320777453671,1.8133655841962273,0.07048569655022481,0.10807806804367805
21,-0.003121689468559294,-2.0910551515935984,0.037120651599624875,0.06351310684290264
22,-0.005718203074272299,-3.4547917629961074,0.0006064713659272423,0.0015498712684807302
X,-0.002120982693232681,-2.0742684623301604,0.03866015199133204,0.06351310684290264
