sample,donor,cond,type,n_cells,n_genes,r_neighbours,r_random
healthy1_cd45+,healthy1,healthy,T_NK,165,2816,0.019445978,0.005059439
healthy2_cd45+,healthy2,healthy,B,285,1189,0.06591724,0.007214676
healthy2_cd45+,healthy2,healthy,Colangiocito,158,1912,0.05966256,0.012585696
healthy2_cd45+,healthy2,healthy,Endotelio,163,1419,0.05024299,0.0034367843
healthy2_cd45+,healthy2,healthy,Fagocito_mononuclear,330,1996,0.04751687,0.01923014
healthy2_cd45+,healthy2,healthy,Hepatocito,284,1570,0.060590226,0.013201438
healthy2_cd45+,healthy2,healthy,Mesenquima_HSC,469,1316,0.04823196,0.0073459246
healthy2_cd45+,healthy2,healthy,Plasma,233,1338,0.03322868,0.014058234
healthy2_cd45+,healthy2,healthy,T_NK,435,1271,0.032199766,0.0068461495
healthy2_cd45+,healthy2,healthy,pDC,560,1244,0.027372925,0.0073641613
healthy2_cd45-,healthy2,healthy,B,158,1336,0.051522944,0.01025419
healthy2_cd45-,healthy2,healthy,Colangiocito,201,3191,0.020669386,0.012700737
healthy2_cd45-,healthy2,healthy,Fagocito_mononuclear,312,2195,0.04813677,0.00896381
healthy2_cd45-,healthy2,healthy,Mesenquima_HSC,593,2020,0.029840115,0.010275233
healthy2_cd45-,healthy2,healthy,T_NK,422,1367,0.028724704,0.016308282
healthy2_cd45-,healthy2,healthy,pDC,352,1343,0.036457825,0.018473946
healthy3_cd45+,healthy3,healthy,B,177,3190,0.01858232,0.0016175711
healthy3_cd45+,healthy3,healthy,Fagocito_mononuclear,206,5812,0.030041445,0.013228222
healthy3_cd45+,healthy3,healthy,T_NK,238,3365,0.015452665,0.0055299243
healthy3_cd45+,healthy3,healthy,pDC,180,4406,0.022739202,0.009690121
healthy3_cd45-A,healthy3,healthy,Endotelio,366,5145,0.013047461,0.00524911
healthy3_cd45-A,healthy3,healthy,Fagocito_mononuclear,338,5569,0.021133533,0.010224055
healthy3_cd45-A,healthy3,healthy,Mesenquima_HSC,161,5097,0.02007173,0.011689346
healthy3_cd45-A,healthy3,healthy,T_NK,350,3589,0.016133426,0.003375041
healthy4_cd45+,healthy4,healthy,B,183,2836,0.026275741,0.012010993
healthy4_cd45+,healthy4,healthy,Fagocito_mononuclear,178,4878,0.025234742,0.0065589654
healthy4_cd45+,healthy4,healthy,T_NK,284,3163,0.015944066,0.0057741688
healthy4_cd45+,healthy4,healthy,pDC,414,3191,0.0095029585,0.005623366
healthy4_cd45-,healthy4,healthy,Endotelio,287,6897,0.01480976,0.006492627
healthy4_cd45-,healthy4,healthy,Fagocito_mononuclear,447,5969,0.01542221,0.0049791876
healthy4_cd45-,healthy4,healthy,T_NK,239,4233,0.014000429,0.0012369598
healthy4_cd45-,healthy4,healthy,pDC,156,4364,0.014295852,0.0063778628
healthy5_cd45+,healthy5,healthy,B,207,2306,0.0325048,0.018298423
healthy5_cd45+,healthy5,healthy,Colangiocito,205,3442,0.0441307,0.01619254
healthy5_cd45+,healthy5,healthy,Endotelio,206,2494,0.047398183,0.009794424
healthy5_cd45+,healthy5,healthy,Fagocito_mononuclear,339,3528,0.035327613,0.013974472
healthy5_cd45+,healthy5,healthy,Mesenquima_HSC,169,2175,0.026453814,0.014559214
healthy5_cd45+,healthy5,healthy,Plasma,162,2103,0.036986995,0.016050763
healthy5_cd45+,healthy5,healthy,T_NK,350,2107,0.019570716,0.006328879
healthy5_cd45+,healthy5,healthy,pDC,285,2471,0.03241848,0.010443256
cirrhotic1_cd45+,cirrhotic1,cirrhotic,Endotelio,177,4892,0.027002014,0.012591696
cirrhotic1_cd45+,cirrhotic1,cirrhotic,Fagocito_mononuclear,302,4530,0.029928373,0.012671587
cirrhotic1_cd45+,cirrhotic1,cirrhotic,T_NK,222,2641,0.024797017,0.0048439195
cirrhotic1_cd45+,cirrhotic1,cirrhotic,pDC,199,2877,0.020860085,0.005241414
cirrhotic1_cd45-A,cirrhotic1,cirrhotic,Colangiocito,151,6716,0.019316008,0.0138291735
cirrhotic1_cd45-A,cirrhotic1,cirrhotic,Endotelio,227,5744,0.023295231,0.011780932
cirrhotic1_cd45-A,cirrhotic1,cirrhotic,T_NK,159,2923,0.020719035,0.0036281473
cirrhotic1_cd45-B,cirrhotic1,cirrhotic,Colangiocito,216,6369,0.01686306,0.010470644
cirrhotic1_cd45-B,cirrhotic1,cirrhotic,T_NK,209,2914,0.02034194,0.005459549
cirrhotic2_cd45+,cirrhotic2,cirrhotic,Colangiocito,283,6830,0.01965108,0.016777346
cirrhotic2_cd45+,cirrhotic2,cirrhotic,Endotelio,382,5908,0.017056875,0.009049589
cirrhotic2_cd45+,cirrhotic2,cirrhotic,Fagocito_mononuclear,168,4982,0.025994768,0.009867537
cirrhotic2_cd45+,cirrhotic2,cirrhotic,T_NK,267,3239,0.017314412,0.0042612203
cirrhotic2_cd45+,cirrhotic2,cirrhotic,pDC,234,3533,0.017297631,0.0054936917
cirrhotic2_cd45-,cirrhotic2,cirrhotic,B,155,3164,0.017716138,0.0061655585
cirrhotic2_cd45-,cirrhotic2,cirrhotic,Colangiocito,159,7832,0.021317681,0.01580315
cirrhotic2_cd45-,cirrhotic2,cirrhotic,Endotelio,628,6249,0.0138626825,0.00758827
cirrhotic2_cd45-,cirrhotic2,cirrhotic,Fagocito_mononuclear,476,5944,0.018609539,0.009210717
cirrhotic2_cd45-,cirrhotic2,cirrhotic,T_NK,389,3644,0.017125838,0.004881689
cirrhotic3_cd45+,cirrhotic3,cirrhotic,Endotelio,307,4595,0.019972742,0.010873209
cirrhotic3_cd45+,cirrhotic3,cirrhotic,Fagocito_mononuclear,243,3786,0.026881142,0.010364578
cirrhotic3_cd45+,cirrhotic3,cirrhotic,Mesenquima_HSC,158,4325,0.03214554,0.017812777
cirrhotic3_cd45+,cirrhotic3,cirrhotic,T_NK,269,1937,0.023716548,0.004098746
cirrhotic3_cd45-,cirrhotic3,cirrhotic,Endotelio,502,5126,0.01795397,0.009400131
cirrhotic3_cd45-,cirrhotic3,cirrhotic,Fagocito_mononuclear,438,4673,0.022634186,0.012876799
cirrhotic3_cd45-,cirrhotic3,cirrhotic,T_NK,326,2780,0.027250716,0.006335719
cirrhotic4_cd45+,cirrhotic4,cirrhotic,B,376,2674,0.019261066,0.0042410293
cirrhotic4_cd45+,cirrhotic4,cirrhotic,Colangiocito,162,3592,0.03216872,0.012738466
cirrhotic4_cd45+,cirrhotic4,cirrhotic,Fagocito_mononuclear,384,5387,0.025911286,0.008318059
cirrhotic4_cd45+,cirrhotic4,cirrhotic,Mesenquima_HSC,150,2683,0.025509091,0.0072893873
cirrhotic4_cd45+,cirrhotic4,cirrhotic,T_NK,353,3077,0.015480669,0.0037057677
cirrhotic5_cd45+,cirrhotic5,cirrhotic,B,246,3655,0.015111967,0.008123824
cirrhotic5_cd45+,cirrhotic5,cirrhotic,Colangiocito,184,4711,0.02986523,0.009266972
cirrhotic5_cd45+,cirrhotic5,cirrhotic,Fagocito_mononuclear,198,6235,0.02343747,0.009151954
cirrhotic5_cd45+,cirrhotic5,cirrhotic,Plasma,163,5995,0.06214141,0.045484193
cirrhotic5_cd45+,cirrhotic5,cirrhotic,T_NK,238,4103,0.012367133,0.0043400396
