gsm,cohorte,estadio,orden,sexo,edad,nas
GSM3758005,GSE130970,F3,4,F,80.0,5.0
GSM3758006,GSE130970,F3,4,F,48.0,4.0
GSM3758007,GSE130970,F3,4,F,65.0,5.0
GSM3758008,GSE130970,F3,4,F,53.0,5.0
GSM3758009,GSE130970,F3,4,F,61.0,6.0
GSM3758010,GSE130970,F3,4,F,46.0,6.0
GSM3758011,GSE130970,F3,4,F,56.0,5.0
GSM3758012,GSE130970,F3,4,F,55.0,6.0
GSM3758013,GSE130970,F3,4,F,60.0,4.0
GSM3758014,GSE130970,F3,4,M,56.0,4.0
GSM3758015,GSE130970,F3,4,F,64.0,4.0
GSM3758016,GSE130970,F2,3,M,45.0,5.0
GSM3758017,GSE130970,F1,2,M,43.0,5.0
GSM3758018,GSE130970,F2,3,F,49.0,5.0
GSM3758019,GSE130970,F2,3,F,64.0,5.0
GSM3758020,GSE130970,F2,3,M,41.0,3.0
GSM3758021,GSE130970,F2,3,F,36.0,4.0
GSM3758022,GSE130970,F1,2,M,69.0,5.0
GSM3758023,GSE130970,F1,2,M,39.0,4.0
GSM3758024,GSE130970,F2,3,F,55.0,3.0
GSM3758025,GSE130970,F1,2,F,31.0,3.0
GSM3758026,GSE130970,F2,3,F,65.0,3.0
GSM3758027,GSE130970,F1,2,F,48.0,3.0
GSM3758028,GSE130970,F2,3,F,53.0,2.0
GSM3758029,GSE130970,F1,2,M,50.0,2.0
GSM3758030,GSE130970,F2,3,F,52.0,5.0
GSM3758031,GSE130970,F3,4,F,64.0,4.0
GSM3758032,GSE130970,F3,4,F,70.0,3.0
GSM3758033,GSE130970,F4,5,M,41.0,3.0
GSM3758034,GSE130970,F4,5,F,46.0,5.0
GSM3758035,GSE130970,F0,1,F,47.0,3.0
GSM3758036,GSE130970,F1,2,M,65.0,5.0
GSM3758037,GSE130970,F0,1,M,49.0,3.0
GSM3758038,GSE130970,F1,2,M,40.0,3.0
GSM3758039,GSE130970,F0,1,M,61.0,1.0
GSM3758040,GSE130970,F1,2,F,53.0,6.0
GSM3758041,GSE130970,F0,1,M,31.0,4.0
GSM3758042,GSE130970,F0,1,F,38.0,3.0
GSM3758043,GSE130970,F0,1,F,59.0,3.0
GSM3758044,GSE130970,F0,1,M,59.0,2.0
GSM3758045,GSE130970,F0,1,M,34.0,2.0
GSM3758046,GSE130970,F0,1,M,57.0,4.0
GSM3758047,GSE130970,F0,1,M,64.0,3.0
GSM3758048,GSE130970,F0,1,F,43.0,2.0
GSM3758049,GSE130970,F0,1,F,41.0,4.0
GSM3758050,GSE130970,F0,1,F,53.0,4.0
GSM3758051,GSE130970,F0,1,M,37.0,5.0
GSM3758052,GSE130970,F0,1,M,32.0,3.0
GSM3758053,GSE130970,F0,1,F,60.0,2.0
GSM3758054,GSE130970,F0,1,F,56.0,2.0
GSM3758055,GSE130970,F0,1,F,59.0,1.0
GSM3758056,GSE130970,F0,1,M,51.0,2.0
GSM3758057,GSE130970,F1,2,F,41.0,4.0
GSM3758058,GSE130970,F1,2,F,34.0,4.0
GSM3758059,GSE130970,F1,2,M,44.0,4.0
GSM3758060,GSE130970,F1,2,M,43.0,5.0
GSM3758061,GSE130970,F1,2,M,38.0,3.0
GSM3758062,GSE130970,F1,2,M,52.0,4.0
GSM3758063,GSE130970,F1,2,F,53.0,3.0
GSM3758064,GSE130970,F1,2,M,52.0,2.0
GSM3758065,GSE130970,F1,2,F,55.0,5.0
GSM3758066,GSE130970,F1,2,M,21.0,5.0
GSM3758067,GSE130970,F1,2,F,41.0,1.0
GSM3758068,GSE130970,F1,2,M,57.0,5.0
GSM3758069,GSE130970,F1,2,F,57.0,6.0
GSM3758070,GSE130970,F1,2,F,45.0,4.0
GSM3758071,GSE130970,F1,2,F,53.0,3.0
GSM3758072,GSE130970,F1,2,M,44.0,6.0
GSM3758073,GSE130970,F0,1,F,68.0,1.0
GSM3758074,GSE130970,F0,1,M,19.0,1.0
GSM3758075,GSE130970,Normal,0,F,64.0,0.0
GSM3758076,GSE130970,Normal,0,M,26.0,0.0
GSM3758077,GSE130970,Normal,0,F,60.0,0.0
GSM3758078,GSE130970,F3,4,F,77.0,6.0
GSM3758079,GSE130970,F1,2,F,55.0,6.0
GSM3758080,GSE130970,F1,2,F,54.0,5.0
GSM3758081,GSE130970,F1,2,F,35.0,3.0
GSM3758082,GSE130970,Normal,0,F,62.0,0.0
GSM3998167,GSE135251,F2,3,N,,4.0
GSM3998168,GSE135251,F3,4,N,,7.0
GSM3998169,GSE135251,F2,3,N,,7.0
GSM3998170,GSE135251,F3,4,N,,6.0
GSM3998171,GSE135251,F0,1,N,,5.0
GSM3998172,GSE135251,F1,2,N,,5.0
GSM3998173,GSE135251,F3,4,N,,6.0
GSM3998174,GSE135251,F2,3,N,,6.0
GSM3998175,GSE135251,F0,1,N,,2.0
GSM3998176,GSE135251,F2,3,N,,5.0
GSM3998177,GSE135251,F1,2,N,,1.0
GSM3998178,GSE135251,F2,3,N,,5.0
GSM3998179,GSE135251,F3,4,N,,8.0
GSM3998180,GSE135251,F2,3,N,,5.0
GSM3998181,GSE135251,F1,2,N,,4.0
GSM3998182,GSE135251,F2,3,N,,3.0
GSM3998183,GSE135251,F1,2,N,,6.0
GSM3998184,GSE135251,F2,3,N,,5.0
GSM3998185,GSE135251,F3,4,N,,6.0
GSM3998186,GSE135251,F2,3,N,,3.0
GSM3998187,GSE135251,F2,3,N,,8.0
GSM3998188,GSE135251,F3,4,N,,7.0
GSM3998189,GSE135251,F0,1,N,,5.0
GSM3998190,GSE135251,F3,4,N,,6.0
GSM3998191,GSE135251,F4,5,N,,6.0
GSM3998192,GSE135251,F1,2,N,,2.0
GSM3998193,GSE135251,F3,4,N,,5.0
GSM3998194,GSE135251,F1,2,N,,3.0
GSM3998195,GSE135251,F3,4,N,,5.0
GSM3998196,GSE135251,F1,2,N,,4.0
GSM3998197,GSE135251,F1,2,N,,2.0
GSM3998198,GSE135251,F1,2,N,,2.0
GSM3998199,GSE135251,F2,3,N,,5.0
GSM3998200,GSE135251,F3,4,N,,4.0
GSM3998201,GSE135251,F4,5,N,,8.0
GSM3998202,GSE135251,F0,1,N,,5.0
GSM3998203,GSE135251,F3,4,N,,4.0
GSM3998204,GSE135251,F1,2,N,,6.0
GSM3998205,GSE135251,F1,2,N,,3.0
GSM3998206,GSE135251,F0,1,N,,6.0
GSM3998207,GSE135251,F3,4,N,,6.0
GSM3998208,GSE135251,F4,5,N,,5.0
GSM3998209,GSE135251,F3,4,N,,8.0
GSM3998210,GSE135251,F3,4,N,,5.0
GSM3998211,GSE135251,F2,3,N,,5.0
GSM3998212,GSE135251,F1,2,N,,5.0
GSM3998213,GSE135251,F0,1,N,,4.0
GSM3998214,GSE135251,F4,5,N,,6.0
GSM3998215,GSE135251,F2,3,N,,7.0
GSM3998216,GSE135251,Control,0,N,,0.0
GSM3998217,GSE135251,Control,0,N,,0.0
GSM3998218,GSE135251,Control,0,N,,0.0
GSM3998219,GSE135251,F0,1,N,,2.0
GSM3998220,GSE135251,Control,0,N,,0.0
GSM3998221,GSE135251,Control,0,N,,0.0
GSM3998222,GSE135251,Control,0,N,,0.0
GSM3998223,GSE135251,Control,0,N,,0.0
GSM3998224,GSE135251,Control,0,N,,0.0
GSM3998225,GSE135251,F3,4,N,,6.0
GSM3998226,GSE135251,F4,5,N,,7.0
GSM3998227,GSE135251,F4,5,N,,3.0
GSM3998228,GSE135251,F1,2,N,,7.0
GSM3998229,GSE135251,F3,4,N,,5.0
GSM3998230,GSE135251,F4,5,N,,3.0
GSM3998231,GSE135251,F1,2,N,,3.0
GSM3998232,GSE135251,F1,2,N,,1.0
GSM3998233,GSE135251,F3,4,N,,4.0
GSM3998234,GSE135251,F1,2,N,,6.0
GSM3998235,GSE135251,F2,3,N,,4.0
GSM3998236,GSE135251,F1,2,N,,3.0
GSM3998237,GSE135251,F2,3,N,,4.0
GSM3998238,GSE135251,F2,3,N,,4.0
GSM3998239,GSE135251,F3,4,N,,5.0
GSM3998240,GSE135251,F2,3,N,,4.0
GSM3998241,GSE135251,F3,4,N,,6.0
GSM3998242,GSE135251,F4,5,N,,5.0
GSM3998243,GSE135251,F2,3,N,,4.0
GSM3998244,GSE135251,F0,1,N,,3.0
GSM3998245,GSE135251,F2,3,N,,4.0
GSM3998246,GSE135251,F2,3,N,,5.0
GSM3998247,GSE135251,F0,1,N,,4.0
GSM3998248,GSE135251,F2,3,N,,7.0
GSM3998249,GSE135251,F0,1,N,,2.0
GSM3998250,GSE135251,F4,5,N,,5.0
GSM3998251,GSE135251,F3,4,N,,5.0
GSM3998252,GSE135251,F2,3,N,,4.0
GSM3998253,GSE135251,F3,4,N,,8.0
GSM3998254,GSE135251,F0,1,N,,4.0
GSM3998255,GSE135251,F1,2,N,,5.0
GSM3998256,GSE135251,F2,3,N,,6.0
GSM3998257,GSE135251,F2,3,N,,7.0
GSM3998258,GSE135251,F4,5,N,,2.0
GSM3998259,GSE135251,F2,3,N,,6.0
GSM3998260,GSE135251,F2,3,N,,3.0
GSM3998261,GSE135251,F3,4,N,,7.0
GSM3998262,GSE135251,F3,4,N,,4.0
GSM3998263,GSE135251,F2,3,N,,6.0
GSM3998264,GSE135251,F2,3,N,,6.0
GSM3998265,GSE135251,F3,4,N,,3.0
GSM3998266,GSE135251,F0,1,N,,3.0
GSM3998267,GSE135251,F0,1,N,,2.0
GSM3998268,GSE135251,F3,4,N,,5.0
GSM3998269,GSE135251,F2,3,N,,5.0
GSM3998270,GSE135251,F0,1,N,,4.0
GSM3998271,GSE135251,F1,2,N,,6.0
GSM3998272,GSE135251,F0,1,N,,3.0
GSM3998273,GSE135251,F1,2,N,,6.0
GSM3998274,GSE135251,F3,4,N,,6.0
GSM3998275,GSE135251,F4,5,N,,1.0
GSM3998276,GSE135251,F0,1,N,,2.0
GSM3998277,GSE135251,F2,3,N,,4.0
GSM3998278,GSE135251,F2,3,N,,5.0
GSM3998279,GSE135251,F1,2,N,,2.0
GSM3998280,GSE135251,F3,4,N,,5.0
GSM3998281,GSE135251,F0,1,N,,1.0
GSM3998282,GSE135251,F3,4,N,,5.0
GSM3998283,GSE135251,F1,2,N,,2.0
GSM3998284,GSE135251,F2,3,N,,4.0
GSM3998285,GSE135251,F4,5,N,,4.0
GSM3998286,GSE135251,F0,1,N,,2.0
GSM3998287,GSE135251,F2,3,N,,4.0
GSM3998288,GSE135251,F0,1,N,,2.0
GSM3998289,GSE135251,F0,1,N,,3.0
GSM3998290,GSE135251,F0,1,N,,4.0
GSM3998291,GSE135251,F1,2,N,,6.0
GSM3998292,GSE135251,F1,2,N,,6.0
GSM3998293,GSE135251,F0,1,N,,3.0
GSM3998294,GSE135251,F1,2,N,,2.0
GSM3998295,GSE135251,F1,2,N,,3.0
GSM3998296,GSE135251,F1,2,N,,3.0
GSM3998297,GSE135251,F2,3,N,,5.0
GSM3998298,GSE135251,F3,4,N,,5.0
GSM3998299,GSE135251,F2,3,N,,4.0
GSM3998300,GSE135251,F1,2,N,,5.0
GSM3998301,GSE135251,F3,4,N,,4.0
GSM3998302,GSE135251,F1,2,N,,3.0
GSM3998303,GSE135251,F0,1,N,,1.0
GSM3998304,GSE135251,F0,1,N,,2.0
GSM3998305,GSE135251,F0,1,N,,1.0
GSM3998306,GSE135251,F1,2,N,,3.0
GSM3998307,GSE135251,F0,1,N,,1.0
GSM3998308,GSE135251,F3,4,N,,7.0
GSM3998309,GSE135251,F3,4,N,,5.0
GSM3998310,GSE135251,F1,2,N,,1.0
GSM3998311,GSE135251,F1,2,N,,3.0
GSM3998312,GSE135251,F2,3,N,,6.0
GSM3998313,GSE135251,F2,3,N,,7.0
GSM3998314,GSE135251,F3,4,N,,8.0
GSM3998315,GSE135251,F1,2,N,,5.0
GSM3998316,GSE135251,F1,2,N,,4.0
GSM3998317,GSE135251,F1,2,N,,5.0
GSM3998318,GSE135251,F2,3,N,,6.0
GSM3998319,GSE135251,F3,4,N,,4.0
GSM3998320,GSE135251,F1,2,N,,6.0
GSM3998321,GSE135251,F0,1,N,,4.0
GSM3998322,GSE135251,F3,4,N,,5.0
GSM3998323,GSE135251,F0,1,N,,4.0
GSM3998324,GSE135251,F3,4,N,,7.0
GSM3998325,GSE135251,F0,1,N,,4.0
GSM3998326,GSE135251,F0,1,N,,2.0
GSM3998327,GSE135251,F3,4,N,,7.0
GSM3998328,GSE135251,F3,4,N,,6.0
GSM3998329,GSE135251,F3,4,N,,7.0
GSM3998330,GSE135251,F3,4,N,,4.0
GSM3998331,GSE135251,F1,2,N,,3.0
GSM3998332,GSE135251,F4,5,N,,8.0
GSM3998333,GSE135251,F3,4,N,,5.0
GSM3998334,GSE135251,F3,4,N,,3.0
GSM3998335,GSE135251,F2,3,N,,4.0
GSM3998336,GSE135251,F0,1,N,,2.0
GSM3998337,GSE135251,F2,3,N,,5.0
GSM3998338,GSE135251,F3,4,N,,4.0
GSM3998339,GSE135251,F0,1,N,,4.0
GSM3998340,GSE135251,F3,4,N,,3.0
GSM3998341,GSE135251,Control,0,N,,0.0
GSM3998342,GSE135251,Control,0,N,,0.0
GSM3998343,GSE135251,F2,3,N,,5.0
GSM3998344,GSE135251,F1,2,N,,1.0
GSM3998345,GSE135251,F0,1,N,,2.0
GSM3998346,GSE135251,F0,1,N,,2.0
GSM3998347,GSE135251,F2,3,N,,6.0
GSM3998348,GSE135251,F2,3,N,,6.0
GSM3998349,GSE135251,F0,1,N,,1.0
GSM3998350,GSE135251,F2,3,N,,6.0
GSM3998351,GSE135251,F1,2,N,,4.0
GSM3998352,GSE135251,F1,2,N,,3.0
GSM3998353,GSE135251,F0,1,N,,2.0
GSM3998354,GSE135251,F3,4,N,,6.0
GSM3998355,GSE135251,F2,3,N,,7.0
GSM3998356,GSE135251,F2,3,N,,5.0
GSM3998357,GSE135251,F1,2,N,,6.0
GSM3998358,GSE135251,F1,2,N,,5.0
GSM3998359,GSE135251,F4,5,N,,5.0
GSM3998360,GSE135251,F2,3,N,,5.0
GSM3998361,GSE135251,F0,1,N,,1.0
GSM3998362,GSE135251,F2,3,N,,8.0
GSM3998363,GSE135251,F1,2,N,,5.0
GSM3998364,GSE135251,F3,4,N,,6.0
GSM3998365,GSE135251,F3,4,N,,3.0
GSM3998366,GSE135251,F0,1,N,,2.0
GSM3998367,GSE135251,F1,2,N,,5.0
GSM3998368,GSE135251,F2,3,N,,5.0
GSM3998369,GSE135251,F3,4,N,,6.0
GSM3998370,GSE135251,F2,3,N,,4.0
GSM3998371,GSE135251,F2,3,N,,6.0
GSM3998372,GSE135251,F3,4,N,,4.0
GSM3998373,GSE135251,F3,4,N,,5.0
GSM3998374,GSE135251,F3,4,N,,5.0
GSM3998375,GSE135251,F1,2,N,,6.0
GSM3998376,GSE135251,F2,3,N,,7.0
GSM3998377,GSE135251,F1,2,N,,4.0
GSM3998378,GSE135251,F3,4,N,,6.0
GSM3998379,GSE135251,F3,4,N,,7.0
GSM3998380,GSE135251,F1,2,N,,3.0
GSM3998381,GSE135251,F2,3,N,,5.0
GSM3998382,GSE135251,F3,4,N,,7.0
GSM4957321,GSE162694,F0,1,M,36.0,3.0
GSM4957322,GSE162694,F1,2,F,55.0,3.0
GSM4957323,GSE162694,Normal,0,F,25.0,0.0
GSM4957324,GSE162694,F3,4,F,46.0,7.0
GSM4957325,GSE162694,F1,2,M,47.0,5.0
GSM4957326,GSE162694,Normal,0,F,54.0,0.0
GSM4957327,GSE162694,F0,1,M,65.0,4.0
GSM4957328,GSE162694,F2,3,M,45.0,5.0
GSM4957329,GSE162694,F1,2,F,22.0,4.0
GSM4957330,GSE162694,Normal,0,F,55.0,0.0
GSM4957331,GSE162694,Normal,0,F,34.0,0.0
GSM4957332,GSE162694,F1,2,M,25.0,5.0
GSM4957333,GSE162694,F2,3,F,59.0,6.0
GSM4957334,GSE162694,F2,3,F,61.0,5.0
GSM4957335,GSE162694,F4,5,F,59.0,
GSM4957336,GSE162694,Normal,0,F,35.0,0.0
GSM4957337,GSE162694,F4,5,F,68.0,
GSM4957338,GSE162694,F4,5,F,64.0,
GSM4957339,GSE162694,F4,5,M,55.0,
GSM4957340,GSE162694,F4,5,F,56.0,
GSM4957341,GSE162694,F4,5,M,69.0,
GSM4957342,GSE162694,F4,5,M,48.0,
GSM4957343,GSE162694,F2,3,F,49.0,7.0
GSM4957344,GSE162694,F2,3,F,46.0,5.0
GSM4957345,GSE162694,F3,4,F,50.0,7.0
GSM4957346,GSE162694,F2,3,F,18.0,7.0
GSM4957347,GSE162694,F1,2,M,34.0,4.0
GSM4957348,GSE162694,F2,3,F,57.0,5.0
GSM4957349,GSE162694,F4,5,F,65.0,4.0
GSM4957350,GSE162694,F2,3,M,59.0,6.0
GSM4957351,GSE162694,F2,3,M,64.0,6.0
GSM4957352,GSE162694,F2,3,M,51.0,
GSM4957353,GSE162694,F2,3,F,35.0,7.0
GSM4957354,GSE162694,F2,3,F,51.0,7.0
GSM4957355,GSE162694,F3,4,M,61.0,
GSM4957356,GSE162694,F3,4,M,62.0,
GSM4957357,GSE162694,F2,3,M,54.0,7.0
GSM4957358,GSE162694,Normal,0,F,58.0,0.0
GSM4957359,GSE162694,F1,2,M,58.0,3.0
GSM4957360,GSE162694,F4,5,M,64.0,6.0
GSM4957361,GSE162694,F1,2,F,22.0,6.0
GSM4957362,GSE162694,F2,3,F,32.0,6.0
GSM4957363,GSE162694,F0,1,F,48.0,2.0
GSM4957364,GSE162694,F0,1,M,32.0,5.0
GSM4957365,GSE162694,F1,2,F,37.0,
GSM4957366,GSE162694,F4,5,F,59.0,
GSM4957367,GSE162694,F1,2,F,41.0,
GSM4957368,GSE162694,F0,1,F,56.0,
GSM4957369,GSE162694,F0,1,F,42.0,
GSM4957370,GSE162694,F1,2,F,26.0,
GSM4957371,GSE162694,F0,1,M,35.0,3.0
GSM4957372,GSE162694,F0,1,F,53.0,
GSM4957373,GSE162694,F0,1,F,45.0,
GSM4957374,GSE162694,F3,4,F,55.0,
GSM4957375,GSE162694,F0,1,F,52.0,
GSM4957376,GSE162694,F1,2,M,25.0,
GSM4957377,GSE162694,F1,2,M,44.0,
GSM4957378,GSE162694,F0,1,M,51.0,
GSM4957379,GSE162694,F0,1,F,28.0,
GSM4957380,GSE162694,F0,1,F,57.0,
GSM4957381,GSE162694,F1,2,M,37.0,5.0
GSM4957382,GSE162694,F0,1,F,57.0,
GSM4957383,GSE162694,F1,2,F,66.0,4.0
GSM4957384,GSE162694,F2,3,M,42.0,4.0
GSM4957385,GSE162694,F2,3,F,57.0,4.0
GSM4957386,GSE162694,F0,1,M,65.0,3.0
GSM4957387,GSE162694,F1,2,M,54.0,5.0
GSM4957388,GSE162694,F0,1,F,53.0,2.0
GSM4957389,GSE162694,F0,1,F,20.0,1.0
GSM4957390,GSE162694,F2,3,F,20.0,5.0
GSM4957391,GSE162694,Normal,0,F,61.0,0.0
GSM4957392,GSE162694,F1,2,M,40.0,5.0
GSM4957393,GSE162694,F1,2,F,64.0,6.0
GSM4957394,GSE162694,F0,1,F,30.0,3.0
GSM4957395,GSE162694,F4,5,M,61.0,0.0
GSM4957396,GSE162694,F2,3,F,25.0,7.0
GSM4957397,GSE162694,F0,1,F,54.0,4.0
GSM4957398,GSE162694,Normal,0,M,50.0,0.0
GSM4957399,GSE162694,F0,1,F,28.0,1.0
GSM4957400,GSE162694,F2,3,F,33.0,7.0
GSM4957401,GSE162694,F0,1,F,72.0,3.0
GSM4957402,GSE162694,Normal,0,F,44.0,0.0
GSM4957403,GSE162694,F3,4,F,45.0,5.0
GSM4957404,GSE162694,Normal,0,F,28.0,0.0
GSM4957405,GSE162694,F0,1,M,50.0,1.0
GSM4957406,GSE162694,Normal,0,F,22.0,0.0
GSM4957407,GSE162694,F3,4,M,32.0,6.0
GSM4957408,GSE162694,F0,1,F,53.0,2.0
GSM4957409,GSE162694,Normal,0,F,37.0,0.0
GSM4957410,GSE162694,F0,1,F,41.0,2.0
GSM4957411,GSE162694,F1,2,F,60.0,2.0
GSM4957412,GSE162694,F1,2,F,49.0,2.0
GSM4957413,GSE162694,Normal,0,F,47.0,0.0
GSM4957414,GSE162694,F0,1,F,40.0,3.0
GSM4957415,GSE162694,F2,3,F,34.0,1.0
GSM4957416,GSE162694,F0,1,F,25.0,1.0
GSM4957417,GSE162694,F1,2,F,32.0,1.0
GSM4957418,GSE162694,Normal,0,F,44.0,0.0
GSM4957419,GSE162694,F1,2,F,34.0,4.0
GSM4957420,GSE162694,F1,2,F,62.0,4.0
GSM4957421,GSE162694,Normal,0,F,60.0,0.0
GSM4957422,GSE162694,F0,1,F,46.0,3.0
GSM4957423,GSE162694,Normal,0,F,47.0,0.0
GSM4957424,GSE162694,F1,2,M,42.0,6.0
GSM4957425,GSE162694,Normal,0,F,28.0,0.0
GSM4957426,GSE162694,F1,2,F,56.0,5.0
GSM4957427,GSE162694,Normal,0,F,29.0,0.0
GSM4957428,GSE162694,F0,1,F,49.0,5.0
GSM4957429,GSE162694,Normal,0,F,49.0,0.0
GSM4957430,GSE162694,Normal,0,F,41.0,0.0
GSM4957431,GSE162694,F1,2,F,46.0,1.0
GSM4957432,GSE162694,F2,3,F,60.0,3.0
GSM4957433,GSE162694,F2,3,F,43.0,4.0
GSM4957434,GSE162694,Normal,0,F,54.0,0.0
GSM4957435,GSE162694,Normal,0,F,51.0,0.0
GSM4957436,GSE162694,F0,1,F,39.0,2.0
GSM4957437,GSE162694,Normal,0,F,37.0,0.0
GSM4957438,GSE162694,Normal,0,F,57.0,0.0
GSM4957439,GSE162694,Normal,0,F,49.0,0.0
GSM4957440,GSE162694,Normal,0,F,33.0,0.0
GSM4957441,GSE162694,Normal,0,F,32.0,0.0
GSM4957442,GSE162694,F0,1,F,53.0,1.0
GSM4957443,GSE162694,F1,2,F,21.0,1.0
GSM4957444,GSE162694,Normal,0,F,34.0,0.0
GSM4957445,GSE162694,F2,3,F,42.0,3.0
GSM4957446,GSE162694,F2,3,F,33.0,5.0
GSM4957447,GSE162694,F1,2,F,60.0,5.0
GSM4957448,GSE162694,F2,3,F,39.0,5.0
GSM4957449,GSE162694,F0,1,F,54.0,2.0
GSM4957450,GSE162694,F0,1,F,44.0,1.0
GSM4957451,GSE162694,F4,5,F,62.0,4.0
GSM4957452,GSE162694,F0,1,M,36.0,2.0
GSM4957453,GSE162694,Normal,0,F,52.0,0.0
GSM4957454,GSE162694,F1,2,F,68.0,6.0
GSM4957455,GSE162694,F1,2,F,58.0,1.0
GSM4957456,GSE162694,Normal,0,M,55.0,0.0
GSM4957457,GSE162694,F2,3,M,30.0,6.0
GSM4957458,GSE162694,F3,4,M,52.0,4.0
GSM4957459,GSE162694,F0,1,M,20.0,1.0
GSM4957460,GSE162694,F2,3,M,48.0,6.0
GSM4957461,GSE162694,F0,1,M,48.0,5.0
GSM4957462,GSE162694,F1,2,F,48.0,5.0
GSM4957463,GSE162694,Normal,0,M,52.0,0.0
