,adipose_subcutaneous,adipose_visceral_omentum,artery_aorta,brain_cerebellar_hemisphere,colon_transverse,kidney_cortex,liver,lung,muscle_skeletal,pancreas,whole_blood
adipose_subcutaneous,1.0,0.9321,0.7188,0.2106,0.7353,0.5835,0.3913,0.7475,0.4667,0.4844,0.2475
adipose_visceral_omentum,0.9321,1.0,0.7115,0.209,0.7436,0.6144,0.4142,0.7905,0.4429,0.5039,0.2666
artery_aorta,0.7188,0.7115,1.0,0.2333,0.7051,0.5394,0.3308,0.6495,0.4287,0.4613,0.1903
brain_cerebellar_hemisphere,0.2106,0.209,0.2333,1.0,0.2858,0.2653,0.1746,0.1957,0.2623,0.28,0.09
colon_transverse,0.7353,0.7436,0.7051,0.2858,1.0,0.6821,0.4399,0.7151,0.4634,0.6092,0.2645
kidney_cortex,0.5835,0.6144,0.5394,0.2653,0.6821,1.0,0.5343,0.6123,0.4147,0.6261,0.2298
liver,0.3913,0.4142,0.3308,0.1746,0.4399,0.5343,1.0,0.3833,0.3224,0.5147,0.2011
lung,0.7475,0.7905,0.6495,0.1957,0.7151,0.6123,0.3833,1.0,0.3592,0.4968,0.3694
muscle_skeletal,0.4667,0.4429,0.4287,0.2623,0.4634,0.4147,0.3224,0.3592,1.0,0.3835,0.1653
pancreas,0.4844,0.5039,0.4613,0.28,0.6092,0.6261,0.5147,0.4968,0.3835,1.0,0.2035
whole_blood,0.2475,0.2666,0.1903,0.09,0.2645,0.2298,0.2011,0.3694,0.1653,0.2035,1.0
