,Hepatocito,HSC,Colangiocito,Macrofago,Linfocito,Endotelio,cohorte,estadio,orden,nas,sexo,edad,offset,n_peaks
GSM3758005,0.1643,0.6438,0.8247,0.227,0.1927,0.0975,GSE130970,F3,4,5.0,F,80.0,3.1888,0.4783
GSM3758006,0.2834,0.3078,0.5093,-0.5888,-0.3174,-0.1134,GSE130970,F3,4,4.0,F,48.0,3.2165,0.3043
GSM3758007,0.1529,0.5779,0.7399,0.2459,0.485,0.0604,GSE130970,F3,4,5.0,F,65.0,3.1813,0.4783
GSM3758008,0.1403,0.2539,0.0261,0.6007,0.312,0.3183,GSE130970,F3,4,5.0,F,53.0,3.1856,0.2609
GSM3758009,-2.0521,1.7886,2.1304,0.8885,0.6774,-0.1542,GSE130970,F3,4,6.0,F,61.0,3.1542,0.3913
GSM3758010,0.1424,0.065,-0.0999,-0.3086,-0.4886,-0.146,GSE130970,F3,4,6.0,F,46.0,3.2377,0.2609
GSM3758011,0.4717,0.6781,0.8614,1.1713,1.2431,0.5411,GSE130970,F3,4,5.0,F,56.0,3.1946,0.3913
GSM3758012,0.3647,0.2789,-0.3625,0.6377,0.4682,0.4351,GSE130970,F3,4,6.0,F,55.0,3.2312,0.3043
GSM3758013,-0.1202,0.0823,0.3077,0.246,0.3026,0.0703,GSE130970,F3,4,4.0,F,60.0,3.2076,0.5652
GSM3758014,0.2924,-0.4162,-0.6182,-0.3443,-0.4224,-0.075,GSE130970,F3,4,4.0,M,56.0,3.2613,0.5217
GSM3758015,-0.0869,0.2115,0.6262,-1.069,-0.4052,-0.7367,GSE130970,F3,4,4.0,F,64.0,3.1959,0.5652
GSM3758016,-0.1686,0.0707,-0.0676,0.4141,0.1434,0.0099,GSE130970,F2,3,5.0,M,45.0,3.2058,0.3043
GSM3758017,-0.0685,-0.5186,-0.9731,0.1809,0.0767,0.0952,GSE130970,F1,2,5.0,M,43.0,3.2579,0.4348
GSM3758018,-0.2028,0.0673,0.6842,0.3107,0.6022,-0.0396,GSE130970,F2,3,5.0,F,49.0,3.1841,0.3913
GSM3758019,0.0339,-0.3846,-0.6426,0.2174,0.0998,0.0933,GSE130970,F2,3,5.0,F,64.0,3.2283,0.5217
GSM3758020,0.2085,-0.5299,-0.0093,0.1375,-0.4121,-0.0554,GSE130970,F2,3,3.0,M,41.0,3.2698,0.3043
GSM3758021,-0.193,0.4341,0.3751,0.1354,0.0366,0.1188,GSE130970,F2,3,4.0,F,36.0,3.186,0.3478
GSM3758022,-0.0135,-0.3342,0.2115,-0.0295,-0.2186,-0.114,GSE130970,F1,2,5.0,M,69.0,3.2334,0.3478
GSM3758023,-0.0293,-0.0555,0.2965,-0.1384,-0.4486,0.1392,GSE130970,F1,2,4.0,M,39.0,3.2425,0.2609
GSM3758024,0.1742,-0.1033,-0.3209,-0.32,0.1838,-0.2096,GSE130970,F2,3,3.0,F,55.0,3.2279,0.5217
GSM3758025,0.2298,0.0933,-0.1036,0.0427,-0.3757,0.0766,GSE130970,F1,2,3.0,F,31.0,3.2346,0.4348
GSM3758026,0.2971,0.0652,0.1139,0.102,-0.0491,0.2047,GSE130970,F2,3,3.0,F,65.0,3.2141,0.3043
GSM3758027,0.3496,-0.2432,-0.0726,0.1625,-0.1626,0.172,GSE130970,F1,2,3.0,F,48.0,3.2277,0.5652
GSM3758028,0.1168,-0.1466,0.3493,0.0556,1.1216,-0.3267,GSE130970,F2,3,2.0,F,53.0,3.1951,0.6522
GSM3758029,0.1161,0.6401,0.3395,-0.1238,0.344,0.4302,GSE130970,F1,2,2.0,M,50.0,3.1972,0.5652
GSM3758030,-0.063,0.1688,0.4475,0.8111,0.5933,0.0255,GSE130970,F2,3,5.0,F,52.0,3.2003,0.3478
GSM3758031,0.0648,-0.0052,0.4114,0.0649,0.7297,0.2836,GSE130970,F3,4,4.0,F,64.0,3.1966,0.3478
GSM3758032,-0.192,0.0199,0.1233,0.0347,0.0171,0.0703,GSE130970,F3,4,3.0,F,70.0,3.2199,0.3043
GSM3758033,-0.5002,1.0921,1.7843,0.445,0.8556,0.0883,GSE130970,F4,5,3.0,M,41.0,3.1629,0.4348
GSM3758034,-0.1328,0.4508,0.8027,0.7595,0.5905,0.0178,GSE130970,F4,5,5.0,F,46.0,3.1958,0.3478
GSM3758035,0.0715,-0.0524,-0.5767,0.3835,0.3194,0.2475,GSE130970,F0,1,3.0,F,47.0,3.2346,0.4348
GSM3758036,0.1573,-0.3487,-0.4601,0.0132,-0.0955,-0.1683,GSE130970,F1,2,5.0,M,65.0,3.2394,0.2174
GSM3758037,0.2446,-0.2512,-0.471,-0.3768,-0.5835,-0.1412,GSE130970,F0,1,3.0,M,49.0,3.2519,0.3478
GSM3758038,0.0004,-0.1481,-0.0052,0.3934,0.2612,0.1608,GSE130970,F1,2,3.0,M,40.0,3.2277,0.1739
GSM3758039,0.0819,0.3407,1.1617,-0.529,-0.9118,0.2454,GSE130970,F0,1,1.0,M,61.0,3.2064,0.5217
GSM3758040,-0.0127,-0.3143,-0.2455,-0.0667,0.3495,-0.1017,GSE130970,F1,2,6.0,F,53.0,3.2151,0.5217
GSM3758041,-0.0549,-0.4001,-0.081,-1.3673,-0.6013,-0.4969,GSE130970,F0,1,4.0,M,31.0,3.2466,0.3043
GSM3758042,0.0699,-0.3357,-0.4354,0.3485,-0.0334,0.2452,GSE130970,F0,1,3.0,F,38.0,3.2414,0.4348
GSM3758043,0.1205,-0.684,-0.9349,0.1744,-0.0548,-0.2445,GSE130970,F0,1,3.0,F,59.0,3.2532,0.3913
GSM3758044,0.2561,-0.2051,-0.1105,-0.142,-0.1543,0.1321,GSE130970,F0,1,2.0,M,59.0,3.2318,0.3913
GSM3758045,-0.1916,0.2867,-0.0892,-0.5112,-0.6698,0.2714,GSE130970,F0,1,2.0,M,34.0,3.2131,0.5652
GSM3758046,0.1724,-0.0704,-0.0388,-0.0187,0.0358,0.2421,GSE130970,F0,1,4.0,M,57.0,3.231,0.4348
GSM3758047,-0.5899,0.5176,-0.4818,-0.9123,-0.4014,0.0281,GSE130970,F0,1,3.0,M,64.0,3.1894,0.4783
GSM3758048,0.185,-0.2292,0.0954,0.6854,0.5275,0.4227,GSE130970,F0,1,2.0,F,43.0,3.2247,0.6087
GSM3758049,0.0199,0.2889,0.5836,0.6039,0.0346,0.4582,GSE130970,F0,1,4.0,F,41.0,3.2057,0.1739
GSM3758050,0.1563,-0.1639,-0.3415,-0.0628,-0.1707,0.2576,GSE130970,F0,1,4.0,F,53.0,3.2189,0.4783
GSM3758051,0.2977,-0.8483,-0.7804,0.7245,0.7374,0.0279,GSE130970,F0,1,5.0,M,37.0,3.2659,0.5652
GSM3758052,-0.0528,-0.1267,0.0364,0.0823,0.0178,-0.0394,GSE130970,F0,1,3.0,M,32.0,3.2287,0.5652
GSM3758053,0.335,-0.075,-0.6845,0.1624,-0.1561,-0.046,GSE130970,F0,1,2.0,F,60.0,3.2304,0.4783
GSM3758054,0.0928,-0.407,-1.0949,0.1118,0.0051,-0.1666,GSE130970,F0,1,2.0,F,56.0,3.2451,0.6522
GSM3758055,0.0815,-0.1322,-0.2074,0.3316,0.0433,-0.1089,GSE130970,F0,1,1.0,F,59.0,3.2251,0.5652
GSM3758056,-0.045,0.182,0.1507,0.0031,-0.3715,0.2592,GSE130970,F0,1,2.0,M,51.0,3.227,0.4348
GSM3758057,-0.1605,0.4062,-0.674,0.8303,-0.0424,0.2298,GSE130970,F1,2,4.0,F,41.0,3.2205,0.4348
GSM3758058,-0.2649,0.5347,-0.0158,0.508,0.4171,0.1269,GSE130970,F1,2,4.0,F,34.0,3.189,0.3913
GSM3758059,-0.0121,-0.4323,-0.2976,-0.3889,-0.5246,-0.1696,GSE130970,F1,2,4.0,M,44.0,3.274,0.3478
GSM3758060,-0.0986,-0.4901,-0.238,0.3215,0.2619,0.1023,GSE130970,F1,2,5.0,M,43.0,3.2291,0.5217
GSM3758061,0.1309,0.146,-0.2795,-0.4139,-0.5363,-0.0981,GSE130970,F1,2,3.0,M,38.0,3.2189,0.3913
GSM3758062,-0.0517,-0.409,-0.0785,-0.1933,-0.6241,-0.2045,GSE130970,F1,2,4.0,M,52.0,3.2465,0.4348
GSM3758063,-0.1047,-0.2843,-0.5713,0.2521,0.2568,-0.3894,GSE130970,F1,2,3.0,F,53.0,3.2166,0.4783
GSM3758064,-0.0078,-0.4334,-0.6827,-0.0671,-0.0643,-0.2923,GSE130970,F1,2,2.0,M,52.0,3.2354,0.4348
GSM3758065,-0.1405,0.0167,-0.4125,0.0998,0.1691,0.0671,GSE130970,F1,2,5.0,F,55.0,3.2099,0.5652
GSM3758066,-0.1441,-0.3261,-0.7013,0.0095,-0.1978,0.0839,GSE130970,F1,2,5.0,M,21.0,3.2499,0.4783
GSM3758067,0.1758,-0.6736,-1.1107,-0.6529,-0.7364,-0.3208,GSE130970,F1,2,1.0,F,41.0,3.2624,0.3478
GSM3758068,-0.0632,0.0129,0.1271,-0.1484,0.0577,-0.1111,GSE130970,F1,2,5.0,M,57.0,3.2197,0.4348
GSM3758069,0.0602,0.0031,-0.0906,0.4885,1.1567,0.2932,GSE130970,F1,2,6.0,F,57.0,3.2051,0.3478
GSM3758070,-0.018,-0.4393,0.1545,-0.0117,-0.0893,0.0984,GSE130970,F1,2,4.0,F,45.0,3.2212,0.2609
GSM3758071,0.1546,-0.7042,-0.4046,-0.5723,-0.6002,-0.2381,GSE130970,F1,2,3.0,F,53.0,3.2553,0.2609
GSM3758072,-0.233,-0.19,0.7212,-0.4072,-0.4588,-0.6082,GSE130970,F1,2,6.0,M,44.0,3.2148,0.5217
GSM3758073,0.2867,0.1029,-0.1483,-0.2882,-0.0836,0.2068,GSE130970,F0,1,1.0,F,68.0,3.2204,0.6087
GSM3758074,-0.0877,-0.1452,0.1449,0.0315,-0.1886,-0.1582,GSE130970,F0,1,1.0,M,19.0,3.227,0.3478
GSM3758075,0.3817,-0.6333,-1.5116,-0.5024,-0.8647,-0.1582,GSE130970,Normal,0,0.0,F,64.0,3.2751,0.5217
GSM3758076,0.1685,-0.225,-0.815,-1.0289,-0.7116,-0.1333,GSE130970,Normal,0,0.0,M,26.0,3.2671,0.6522
GSM3758077,0.2881,-0.2294,-0.0269,-0.4869,0.1554,-0.6001,GSE130970,Normal,0,0.0,F,60.0,3.222,0.4783
GSM3758078,0.3082,-0.1498,0.1016,-0.0376,-0.3846,-0.2901,GSE130970,F3,4,6.0,F,77.0,3.2248,0.4783
GSM3758079,-0.1694,0.0189,-0.0571,-0.6267,-0.1835,-0.5664,GSE130970,F1,2,6.0,F,55.0,3.205,0.1304
GSM3758080,-0.2188,-0.0275,-0.4648,-0.3153,-0.097,-0.1642,GSE130970,F1,2,5.0,F,54.0,3.2153,0.4783
GSM3758081,0.1952,-0.4379,0.0364,-0.9125,-1.1522,-0.0714,GSE130970,F1,2,3.0,F,35.0,3.2443,0.6087
GSM3758082,0.2287,0.2014,0.1638,-0.3024,-0.8359,0.2928,GSE130970,Normal,0,0.0,F,62.0,3.2193,0.3478
GSM3998167,0.0518,-0.4431,-0.036,-0.6635,-0.1934,-0.714,GSE135251,F2,3,4.0,N,,3.2291,0.5217
GSM3998168,-0.2398,0.3602,0.9033,-0.2851,0.6967,-0.5074,GSE135251,F3,4,7.0,N,,3.1751,0.4348
GSM3998169,-0.1906,0.1243,0.2655,0.1281,0.3692,-0.7244,GSE135251,F2,3,7.0,N,,3.1805,0.4348
GSM3998170,-0.2182,-0.1254,0.3761,-1.1811,0.5812,-0.9532,GSE135251,F3,4,6.0,N,,3.2084,0.3913
GSM3998171,-0.238,-0.5191,-0.3646,-1.1951,-0.1325,-0.8735,GSE135251,F0,1,5.0,N,,3.2196,0.3478
GSM3998172,0.1771,0.355,-0.1084,0.9543,0.4585,0.5576,GSE135251,F1,2,5.0,N,,3.2282,0.6957
GSM3998173,-0.4633,-0.4622,0.1161,-0.9261,-0.1731,-1.1917,GSE135251,F3,4,6.0,N,,3.2104,0.4348
GSM3998174,0.0458,-0.0805,-0.4176,0.3658,0.6933,0.4857,GSE135251,F2,3,6.0,N,,3.2281,0.4348
GSM3998175,0.1207,0.3618,-0.2559,0.3096,-0.4133,0.6734,GSE135251,F0,1,2.0,N,,3.2876,0.6957
GSM3998176,0.0816,-0.324,-0.3908,0.5524,0.2312,0.1198,GSE135251,F2,3,5.0,N,,3.2976,0.5217
GSM3998177,0.0608,-0.0483,-0.1543,0.5407,-0.6265,0.4667,GSE135251,F1,2,1.0,N,,3.2662,0.6087
GSM3998178,0.0885,0.0943,0.0877,0.896,0.2568,0.3095,GSE135251,F2,3,5.0,N,,3.2455,0.5652
GSM3998179,-0.0059,0.3766,0.6606,0.7622,0.2106,0.1782,GSE135251,F3,4,8.0,N,,3.2143,0.5217
GSM3998180,-0.1711,-0.2234,-0.1765,0.4885,0.0284,0.4338,GSE135251,F2,3,5.0,N,,3.2485,0.6957
GSM3998181,0.2152,-0.0502,-0.4971,0.5276,0.3816,0.6037,GSE135251,F1,2,4.0,N,,3.2599,0.6522
GSM3998182,0.3177,-0.093,-0.2023,0.7696,-0.1049,0.4198,GSE135251,F2,3,3.0,N,,3.2833,0.5217
GSM3998183,0.0664,-0.5339,-0.6207,0.6383,0.4702,0.1018,GSE135251,F1,2,6.0,N,,3.2482,0.6522
GSM3998184,0.0586,0.1852,0.2307,0.9441,0.4646,0.1938,GSE135251,F2,3,5.0,N,,3.2232,0.4783
GSM3998185,0.0415,0.3679,0.665,0.5229,0.0368,0.392,GSE135251,F3,4,6.0,N,,3.232,0.4783
GSM3998186,0.1378,-0.7284,-0.6252,0.408,-0.5009,0.0807,GSE135251,F2,3,3.0,N,,3.3133,0.5652
GSM3998187,-0.2697,0.2538,-0.2939,1.2112,0.6802,0.0318,GSE135251,F2,3,8.0,N,,3.2423,0.6087
GSM3998188,-0.1042,0.6923,0.8482,0.9126,0.4841,0.5977,GSE135251,F3,4,7.0,N,,3.2111,0.7391
GSM3998189,0.0312,0.5036,0.4552,0.326,0.4386,0.97,GSE135251,F0,1,5.0,N,,3.2136,0.6087
GSM3998190,0.0729,0.126,0.1,0.6056,0.2753,0.4581,GSE135251,F3,4,6.0,N,,3.2366,0.6087
GSM3998191,-0.306,0.4181,1.2697,-0.1728,0.4089,-0.0973,GSE135251,F4,5,6.0,N,,3.1829,0.5652
GSM3998192,0.0081,0.2619,0.7841,0.2955,-0.1959,0.9472,GSE135251,F1,2,2.0,N,,3.2005,0.5217
GSM3998193,-0.0298,-0.1599,0.5628,0.2923,0.5718,0.413,GSE135251,F3,4,5.0,N,,3.1976,0.4783
GSM3998194,-0.2155,-0.7438,-0.3483,0.4362,0.1489,0.2853,GSE135251,F1,2,3.0,N,,3.2554,0.7391
GSM3998195,-0.1556,0.2063,0.302,-0.996,0.6832,-0.379,GSE135251,F3,4,5.0,N,,3.1923,0.3043
GSM3998196,-0.1257,0.5767,0.4112,-0.9412,-0.0344,0.2938,GSE135251,F1,2,4.0,N,,3.1834,0.3913
GSM3998197,-0.1303,-0.3162,0.3041,-1.0426,-0.6168,-0.6553,GSE135251,F1,2,2.0,N,,3.2332,0.4783
GSM3998198,-0.1543,-0.4021,-0.2393,0.3477,0.1873,-0.3854,GSE135251,F1,2,2.0,N,,3.2424,0.6522
GSM3998199,-0.2601,0.3972,0.7374,0.0541,0.4939,-0.1411,GSE135251,F2,3,5.0,N,,3.1572,0.2609
GSM3998200,0.1087,-0.2432,0.2046,-0.7038,-0.6021,-0.4486,GSE135251,F3,4,4.0,N,,3.2331,0.5217
GSM3998201,-0.4314,0.5073,1.7579,-0.8449,-0.0787,0.0261,GSE135251,F4,5,8.0,N,,3.175,0.4348
GSM3998202,-0.0418,-0.0531,-0.0684,-1.4299,0.1604,-0.3988,GSE135251,F0,1,5.0,N,,3.2354,0.2174
GSM3998203,0.1477,-0.3247,0.2934,-1.6804,-0.9466,-0.9085,GSE135251,F3,4,4.0,N,,3.2314,0.4783
GSM3998204,0.0291,0.2966,0.1234,-0.7389,-0.1237,-0.2546,GSE135251,F1,2,6.0,N,,3.2151,0.2609
GSM3998205,0.0644,-0.6949,0.4175,-0.4747,-0.1947,-0.2586,GSE135251,F1,2,3.0,N,,3.2495,0.4783
GSM3998206,-0.2751,-0.9309,-0.8012,-2.091,-1.0079,-1.012,GSE135251,F0,1,6.0,N,,3.2677,0.4348
GSM3998207,-0.2968,-0.2345,0.7623,-0.8937,-0.5837,-1.2425,GSE135251,F3,4,6.0,N,,3.2068,0.4348
GSM3998208,0.1614,-0.7492,0.0617,-0.9347,-0.0592,-1.2282,GSE135251,F4,5,5.0,N,,3.2505,0.4783
GSM3998209,-0.0881,0.0723,-0.0792,-0.2986,0.2283,-0.6183,GSE135251,F3,4,8.0,N,,3.2157,0.6522
GSM3998210,-0.0056,0.4346,-0.3042,-0.1936,0.321,-0.2854,GSE135251,F3,4,5.0,N,,3.202,0.2609
GSM3998211,-0.0818,-0.4061,-0.307,-0.2764,-0.0387,-0.5298,GSE135251,F2,3,5.0,N,,3.2207,0.2609
GSM3998212,0.0644,-0.5067,-0.4203,-0.4344,0.6465,-0.8214,GSE135251,F1,2,5.0,N,,3.2259,0.6522
GSM3998213,-0.0667,0.0624,0.5635,0.5806,-0.2045,0.5137,GSE135251,F0,1,4.0,N,,3.2558,0.5217
GSM3998214,-0.2788,0.8362,0.9258,-0.3687,-0.1801,0.2079,GSE135251,F4,5,6.0,N,,3.1801,0.3913
GSM3998215,-0.0356,0.0854,0.0456,-0.7973,-0.3472,-0.577,GSE135251,F2,3,7.0,N,,3.252,0.4783
GSM3998216,0.1576,0.6071,-0.6456,0.2886,0.9718,0.5645,GSE135251,Control,0,0.0,N,,3.2318,0.5217
GSM3998217,0.1148,-0.0338,-0.6629,-0.2168,0.2966,-0.1402,GSE135251,Control,0,0.0,N,,3.2095,0.6957
GSM3998218,-0.4157,0.4909,-0.3607,-0.0353,-0.5463,0.6369,GSE135251,Control,0,0.0,N,,3.1806,0.5652
GSM3998219,0.0968,-0.163,-0.576,0.8051,0.6231,0.5484,GSE135251,F0,1,2.0,N,,3.2717,0.6522
GSM3998220,0.0809,-0.3675,-0.6059,-0.1828,0.3102,-0.4123,GSE135251,Control,0,0.0,N,,3.2253,0.5652
GSM3998221,-0.577,0.0682,-0.4397,0.2702,0.3761,0.1785,GSE135251,Control,0,0.0,N,,3.203,0.6522
GSM3998222,-0.1085,-0.3328,-1.8516,-0.7279,-0.0601,-0.5507,GSE135251,Control,0,0.0,N,,3.2611,0.3913
GSM3998223,-0.1032,0.1382,-0.9413,1.1559,1.946,1.2589,GSE135251,Control,0,0.0,N,,3.1865,0.6957
GSM3998224,-0.0033,0.487,-0.6167,0.5367,0.9703,1.2121,GSE135251,Control,0,0.0,N,,3.1874,0.7826
GSM3998225,-0.5706,0.9012,0.9347,-0.1957,0.9534,0.0172,GSE135251,F3,4,6.0,N,,3.1343,0.3043
GSM3998226,-0.293,0.8892,1.2128,0.4781,0.2217,0.6521,GSE135251,F4,5,7.0,N,,3.2154,0.4783
GSM3998227,-0.1326,0.9352,0.6937,0.0732,-0.1141,0.3403,GSE135251,F4,5,3.0,N,,3.1797,0.3043
GSM3998228,0.1175,0.0814,-0.1477,1.0749,0.73,0.285,GSE135251,F1,2,7.0,N,,3.2441,0.4783
GSM3998229,0.0425,-0.0204,0.1833,-0.1708,0.3791,-0.9391,GSE135251,F3,4,5.0,N,,3.2219,0.2609
GSM3998230,-0.3512,-0.2996,1.4276,-1.3616,-1.385,-0.4003,GSE135251,F4,5,3.0,N,,3.2146,0.3913
GSM3998231,0.1024,-0.4382,0.0432,0.3081,-0.2287,0.1208,GSE135251,F1,2,3.0,N,,3.2614,0.4348
GSM3998232,-0.3342,-0.6999,-1.5893,-1.3042,-0.9176,-0.4273,GSE135251,F1,2,1.0,N,,3.2327,0.3478
GSM3998233,-0.45,0.9817,0.8884,-0.4385,0.5766,0.2161,GSE135251,F3,4,4.0,N,,3.1543,0.3478
GSM3998234,-0.1041,-0.2799,-0.0548,0.7978,-0.0521,-0.0521,GSE135251,F1,2,6.0,N,,3.2429,0.4348
GSM3998235,0.1346,0.0666,0.4928,0.5134,0.098,0.3282,GSE135251,F2,3,4.0,N,,3.2301,0.6087
GSM3998236,-0.2159,0.2134,0.3894,0.9685,0.0829,0.3327,GSE135251,F1,2,3.0,N,,3.2309,0.2609
GSM3998237,-0.0272,-0.1317,-0.185,0.3576,-0.4342,0.2916,GSE135251,F2,3,4.0,N,,3.2733,0.5217
GSM3998238,0.1974,0.5534,0.6867,0.948,0.3828,0.9791,GSE135251,F2,3,4.0,N,,3.2169,0.5217
GSM3998239,-0.173,0.2463,0.0974,0.3841,-0.4855,0.2373,GSE135251,F3,4,5.0,N,,3.2644,0.4783
GSM3998240,0.0799,0.169,0.3345,0.7174,-0.2732,0.6091,GSE135251,F2,3,4.0,N,,3.2271,0.4783
GSM3998241,-0.0484,0.1644,0.4092,0.4375,0.3026,0.0994,GSE135251,F3,4,6.0,N,,3.2279,0.4348
GSM3998242,-0.2299,1.2226,0.7183,-0.6656,-0.2149,0.3401,GSE135251,F4,5,5.0,N,,3.1429,0.4348
GSM3998243,0.0126,0.3287,0.0241,-0.1164,0.6088,0.1392,GSE135251,F2,3,4.0,N,,3.2095,0.3478
GSM3998244,0.0844,-0.2316,-0.2422,0.4563,0.6517,0.3359,GSE135251,F0,1,3.0,N,,3.2526,0.4348
GSM3998245,-0.1313,-0.0666,-0.0892,-0.0661,-0.2876,0.0152,GSE135251,F2,3,4.0,N,,3.2273,0.4348
GSM3998246,0.0079,-0.2736,-0.1705,0.4614,0.3301,0.1744,GSE135251,F2,3,5.0,N,,3.2389,0.5217
GSM3998247,0.2162,-0.2085,-0.9016,-0.3914,0.2322,-0.4418,GSE135251,F0,1,4.0,N,,3.2446,0.6087
GSM3998248,-0.3122,0.5209,0.4607,0.6943,0.3096,0.2484,GSE135251,F2,3,7.0,N,,3.2124,0.4783
GSM3998249,0.1552,-0.6287,-0.6073,0.0044,-0.0366,-0.1263,GSE135251,F0,1,2.0,N,,3.256,0.4783
GSM3998250,0.2437,-0.4721,-0.2839,0.2106,-0.4964,-0.1148,GSE135251,F4,5,5.0,N,,3.2623,0.3478
GSM3998251,0.1705,0.2113,0.8913,-0.3976,0.6345,-0.3987,GSE135251,F3,4,5.0,N,,3.1714,0.3043
GSM3998252,0.3152,-0.0327,0.0325,0.668,-0.0481,0.2394,GSE135251,F2,3,4.0,N,,3.236,0.4348
GSM3998253,0.0773,0.0009,1.6485,0.018,-0.6736,0.3096,GSE135251,F3,4,8.0,N,,3.2055,0.4348
GSM3998254,-0.0031,0.2566,0.4668,-0.0304,0.0586,-0.0949,GSE135251,F0,1,4.0,N,,3.1977,0.4783
GSM3998255,0.3225,-0.1439,-0.6511,0.5626,0.1127,0.1139,GSE135251,F1,2,5.0,N,,3.2599,0.4348
GSM3998256,0.1784,-0.315,-0.8576,-0.3797,-0.4163,-0.5484,GSE135251,F2,3,6.0,N,,3.255,0.4348
GSM3998257,-0.2324,0.4211,0.6028,0.598,-0.2989,0.3543,GSE135251,F2,3,7.0,N,,3.1986,0.3913
GSM3998258,-0.3307,0.7761,1.3778,0.1659,0.7812,-0.1412,GSE135251,F4,5,2.0,N,,3.1771,0.5217
GSM3998259,-0.5395,-1.0864,-0.6133,-1.5774,-1.0881,-1.269,GSE135251,F2,3,6.0,N,,3.2527,0.3043
GSM3998260,-0.442,-0.7274,-0.3812,-1.8412,-1.0928,-0.9852,GSE135251,F2,3,3.0,N,,3.2421,0.2609
GSM3998261,0.1204,-0.0473,0.0453,0.4481,-0.0441,0.1609,GSE135251,F3,4,7.0,N,,3.2382,0.7391
GSM3998262,0.1554,-0.1163,0.323,0.6186,0.1394,0.4189,GSE135251,F3,4,4.0,N,,3.249,0.4348
GSM3998263,0.1624,-0.1466,-0.2846,0.76,0.4998,0.6112,GSE135251,F2,3,6.0,N,,3.2505,0.3913
GSM3998264,0.0333,0.1147,0.5689,0.3537,0.0056,0.2642,GSE135251,F2,3,6.0,N,,3.2325,0.3913
GSM3998265,0.3248,0.0701,0.4476,0.4946,-0.2748,0.4674,GSE135251,F3,4,3.0,N,,3.2576,0.5652
GSM3998266,0.5792,-0.0501,-0.275,0.9252,0.2262,0.6148,GSE135251,F0,1,3.0,N,,3.2694,0.5217
GSM3998267,0.2453,-0.199,-0.4029,0.1653,-0.7486,0.3192,GSE135251,F0,1,2.0,N,,3.2988,0.5652
GSM3998268,-0.5043,-0.218,1.6537,-1.0743,-1.159,-0.6424,GSE135251,F3,4,5.0,N,,3.1746,0.3043
GSM3998269,-0.0104,-0.1261,-0.3653,0.8398,0.6673,0.2637,GSE135251,F2,3,5.0,N,,3.241,0.5217
GSM3998270,0.35,-0.0355,-0.3805,0.7385,0.3293,0.4247,GSE135251,F0,1,4.0,N,,3.2623,0.8261
GSM3998271,0.022,-0.1695,-0.8349,0.6224,0.6717,0.4125,GSE135251,F1,2,6.0,N,,3.2534,0.6957
GSM3998272,0.2279,-0.1786,-0.9077,1.5432,0.5478,0.5365,GSE135251,F0,1,3.0,N,,3.283,0.5652
GSM3998273,0.6667,0.0751,0.1056,0.4263,0.5735,0.2156,GSE135251,F1,2,6.0,N,,3.2802,0.4348
GSM3998274,0.1894,-0.1873,0.1391,0.5553,-0.2443,0.1137,GSE135251,F3,4,6.0,N,,3.2725,0.3913
GSM3998275,0.44,0.018,0.2304,0.8772,0.5887,0.392,GSE135251,F4,5,1.0,N,,3.2261,0.4783
GSM3998276,-0.0192,0.5192,-0.5157,1.0504,0.993,0.6059,GSE135251,F0,1,2.0,N,,3.2011,0.6087
GSM3998277,0.1183,-0.5537,-0.1488,-0.5871,-0.0376,-0.5538,GSE135251,F2,3,4.0,N,,3.2594,0.2609
GSM3998278,0.1216,-0.2965,0.1004,-0.5511,-0.0959,-0.6191,GSE135251,F2,3,5.0,N,,3.2269,0.1739
GSM3998279,0.124,-0.087,-0.1007,0.9613,0.3355,0.2474,GSE135251,F1,2,2.0,N,,3.249,0.3478
GSM3998280,-1.0,0.0958,0.4149,-0.7016,1.0615,-0.3909,GSE135251,F3,4,5.0,N,,3.2044,0.3478
GSM3998281,-0.0635,0.5924,0.6989,-0.4387,0.5291,-0.3686,GSE135251,F0,1,1.0,N,,3.2081,0.3043
GSM3998282,0.1301,0.3337,-0.0167,0.6023,0.5538,0.3423,GSE135251,F3,4,5.0,N,,3.2357,0.5652
GSM3998283,0.1311,-0.2103,0.6988,-1.192,0.1683,-1.7636,GSE135251,F1,2,2.0,N,,3.2496,0.2609
GSM3998284,-0.0881,-0.0455,0.2799,-0.8093,-0.1666,-0.1399,GSE135251,F2,3,4.0,N,,3.2177,0.2609
GSM3998285,-1.1176,0.6995,1.518,-1.2504,-0.6795,0.2074,GSE135251,F4,5,4.0,N,,3.1513,0.3043
GSM3998286,0.0778,-0.2694,-0.8042,0.6696,-0.1307,0.427,GSE135251,F0,1,2.0,N,,3.284,0.5652
GSM3998287,0.1063,-0.4596,-0.1285,1.0811,0.2501,0.2838,GSE135251,F2,3,4.0,N,,3.2533,0.6522
GSM3998288,0.3328,-0.311,-0.848,0.3358,-1.4397,0.3,GSE135251,F0,1,2.0,N,,3.3096,0.6522
GSM3998289,0.1106,-0.0405,-0.1569,0.6123,-0.3261,0.5636,GSE135251,F0,1,3.0,N,,3.2584,0.6522
GSM3998290,-0.093,0.393,0.8393,0.9846,0.3956,0.6333,GSE135251,F0,1,4.0,N,,3.213,0.5217
GSM3998291,-0.1003,0.0485,-0.1419,0.7638,0.551,0.3474,GSE135251,F1,2,6.0,N,,3.2393,0.5652
GSM3998292,0.2524,-0.0304,-0.4514,1.081,0.5436,0.478,GSE135251,F1,2,6.0,N,,3.2688,0.5652
GSM3998293,0.1804,-0.0002,-0.2903,1.2693,0.1193,0.8389,GSE135251,F0,1,3.0,N,,3.2561,0.5217
GSM3998294,0.4129,0.1774,-0.1377,0.2443,-0.692,0.3893,GSE135251,F1,2,2.0,N,,3.2802,0.6087
GSM3998295,0.4567,-0.1965,-0.2641,0.5919,0.2942,0.3157,GSE135251,F1,2,3.0,N,,3.2716,0.6087
GSM3998296,0.142,-0.5423,-0.4908,0.5113,-0.3266,0.2996,GSE135251,F1,2,3.0,N,,3.2857,0.5652
GSM3998297,-0.0001,-0.7359,-0.957,0.4639,-0.6262,0.0536,GSE135251,F2,3,5.0,N,,3.3147,0.4783
GSM3998298,0.0234,-0.2036,-0.1805,0.5595,0.3298,0.3185,GSE135251,F3,4,5.0,N,,3.2667,0.6522
GSM3998299,0.3885,-0.279,0.1467,0.3454,-0.2965,0.1891,GSE135251,F2,3,4.0,N,,3.2736,0.6957
GSM3998300,0.12,-0.2833,-0.1678,0.4865,-0.1595,0.1383,GSE135251,F1,2,5.0,N,,3.2564,0.5652
GSM3998301,0.0611,0.7666,1.2705,0.5334,0.3245,0.1569,GSE135251,F3,4,4.0,N,,3.2176,0.6087
GSM3998302,0.1068,-0.1883,0.3451,-0.8503,-0.8876,-0.4344,GSE135251,F1,2,3.0,N,,3.2395,0.2609
GSM3998303,0.1425,-0.3171,-0.304,-1.8553,-1.1494,-0.6246,GSE135251,F0,1,1.0,N,,3.2484,0.4348
GSM3998304,0.5276,-0.177,-0.4548,-1.3761,-0.7235,-0.5399,GSE135251,F0,1,2.0,N,,3.2473,0.2609
GSM3998305,0.0421,-0.5397,-1.2197,-0.3256,0.0567,-0.3541,GSE135251,F0,1,1.0,N,,3.2746,0.5652
GSM3998306,0.1235,-0.2624,-0.4765,-0.3954,0.2239,0.1641,GSE135251,F1,2,3.0,N,,3.2686,0.6087
GSM3998307,0.0332,-0.6139,-0.6724,-0.3009,-0.1863,-0.7047,GSE135251,F0,1,1.0,N,,3.2525,0.3478
GSM3998308,0.0117,-0.0523,-0.4735,-0.0868,-0.4712,-0.3821,GSE135251,F3,4,7.0,N,,3.245,0.4783
GSM3998309,0.0977,-0.212,0.0379,-0.4808,0.1771,-0.6048,GSE135251,F3,4,5.0,N,,3.2404,0.6087
GSM3998310,0.1951,-0.3849,-0.4571,0.2581,0.2786,-0.1586,GSE135251,F1,2,1.0,N,,3.2691,0.5217
GSM3998311,0.2152,-0.1414,-0.0644,0.2518,-0.2738,0.2997,GSE135251,F1,2,3.0,N,,3.2689,0.5652
GSM3998312,0.0497,0.206,0.5541,-0.5637,-0.2238,-0.2476,GSE135251,F2,3,6.0,N,,3.2142,0.3913
GSM3998313,-0.2314,0.2448,-0.6881,-0.3535,-0.1321,-0.1345,GSE135251,F2,3,7.0,N,,3.2412,0.4348
GSM3998314,-0.156,0.26,0.1886,-0.1721,-0.1914,-0.517,GSE135251,F3,4,8.0,N,,3.2328,0.3043
GSM3998315,0.2865,-0.2204,-0.0488,-0.341,-0.397,-0.4804,GSE135251,F1,2,5.0,N,,3.2686,0.6087
GSM3998316,0.0755,-0.3112,-0.6995,-0.926,-0.5648,-0.2914,GSE135251,F1,2,4.0,N,,3.2589,0.3478
GSM3998317,-0.0164,-0.485,-0.4761,-0.8162,0.0835,-0.4333,GSE135251,F1,2,5.0,N,,3.2581,0.5652
GSM3998318,-0.0393,-0.0825,0.1387,-0.6524,-0.5957,-0.4008,GSE135251,F2,3,6.0,N,,3.247,0.5217
GSM3998319,0.3706,-0.5336,-0.4556,-0.156,-0.6217,-0.3266,GSE135251,F3,4,4.0,N,,3.2675,0.3478
GSM3998320,-0.1149,-0.3686,-0.188,-0.8974,-1.011,-0.6079,GSE135251,F1,2,6.0,N,,3.2657,0.4348
GSM3998321,0.1832,-0.1217,-0.2082,-0.1262,-0.417,-0.2667,GSE135251,F0,1,4.0,N,,3.2484,0.5217
GSM3998322,0.1033,-0.0225,0.5209,-0.355,-0.1052,-0.4388,GSE135251,F3,4,5.0,N,,3.2315,0.4348
GSM3998323,0.3707,-0.1737,0.0864,-0.1378,-0.3593,-0.3494,GSE135251,F0,1,4.0,N,,3.2651,0.3913
GSM3998324,-0.3137,0.4217,0.8564,-0.104,0.1036,-0.2953,GSE135251,F3,4,7.0,N,,3.1962,0.7391
GSM3998325,0.0376,-0.741,-1.1422,-0.7984,-1.0462,-0.7439,GSE135251,F0,1,4.0,N,,3.2851,0.5652
GSM3998326,0.1018,-0.3777,-0.2625,-0.5522,-0.6837,-0.524,GSE135251,F0,1,2.0,N,,3.276,0.5652
GSM3998327,-0.5767,1.3292,1.9529,-0.2386,0.3291,-0.0617,GSE135251,F3,4,7.0,N,,3.1529,0.5652
GSM3998328,0.0051,0.3802,0.595,-0.415,0.4668,-0.155,GSE135251,F3,4,6.0,N,,3.1987,0.4783
GSM3998329,-0.1993,0.1075,0.1671,2.172,2.9701,0.2823,GSE135251,F3,4,7.0,N,,3.2118,0.4783
GSM3998330,0.3292,-0.3246,-0.4825,0.8993,0.7049,0.1939,GSE135251,F3,4,4.0,N,,3.2692,0.4783
GSM3998331,-0.0911,-0.565,-0.1509,-0.9981,-0.372,-1.0699,GSE135251,F1,2,3.0,N,,3.2301,0.3913
GSM3998332,-0.5752,0.8428,1.1641,-0.0546,1.1924,-0.1033,GSE135251,F4,5,8.0,N,,3.1237,0.3043
GSM3998333,-0.3287,-0.5163,1.409,-2.183,-1.2395,-0.631,GSE135251,F3,4,5.0,N,,3.2083,0.4348
GSM3998334,-0.239,0.2787,0.6917,-0.4125,0.644,0.0199,GSE135251,F3,4,3.0,N,,3.189,0.6087
GSM3998335,-0.1466,0.5609,0.5761,-0.5643,0.7658,-0.4556,GSE135251,F2,3,4.0,N,,3.1739,0.2174
GSM3998336,0.2842,0.1906,0.1472,-1.3952,-0.1821,-0.3529,GSE135251,F0,1,2.0,N,,3.235,0.2174
GSM3998337,0.1496,-0.7271,0.0124,-1.0729,-0.4825,-0.6942,GSE135251,F2,3,5.0,N,,3.266,0.4348
GSM3998338,-0.0368,0.2471,0.3573,-0.5801,-0.2241,-0.1235,GSE135251,F3,4,4.0,N,,3.2156,0.3043
GSM3998339,-0.1343,-0.4515,-0.2756,-1.24,-0.7109,-1.1729,GSE135251,F0,1,4.0,N,,3.222,0.4348
GSM3998340,-0.1698,-0.6616,-0.2781,-1.436,-0.7431,-1.1545,GSE135251,F3,4,3.0,N,,3.2371,0.2174
GSM3998341,0.3254,0.1635,0.0078,-0.9659,-0.2984,-0.4152,GSE135251,Control,0,0.0,N,,3.2281,0.5217
GSM3998342,0.0164,0.509,-0.3386,-0.5633,-0.0175,-0.0175,GSE135251,Control,0,0.0,N,,3.1898,0.4348
GSM3998343,-0.084,0.6157,0.093,0.773,0.7617,0.6639,GSE135251,F2,3,5.0,N,,3.196,0.4348
GSM3998344,0.0974,0.0448,-0.0236,0.1578,-0.725,0.424,GSE135251,F1,2,1.0,N,,3.2131,0.3913
GSM3998345,0.2448,0.2111,-1.0148,1.3504,1.1203,0.5726,GSE135251,F0,1,2.0,N,,3.1996,0.4783
GSM3998346,-0.1239,0.1677,-0.3495,0.8994,0.454,0.7732,GSE135251,F0,1,2.0,N,,3.1865,0.3043
GSM3998347,0.0055,0.5962,-0.0612,0.6459,0.0906,0.2203,GSE135251,F2,3,6.0,N,,3.1738,0.3913
GSM3998348,-0.1594,0.4653,0.2535,0.453,-0.0332,0.6043,GSE135251,F2,3,6.0,N,,3.1989,0.4348
GSM3998349,0.0909,0.2015,-0.4377,0.6134,0.324,0.5652,GSE135251,F0,1,1.0,N,,3.2054,0.6522
GSM3998350,-0.3722,0.5772,0.5774,0.5782,-0.0072,0.4468,GSE135251,F2,3,6.0,N,,3.1925,0.3913
GSM3998351,-0.2286,0.7227,-0.2078,0.9532,0.4429,0.8992,GSE135251,F1,2,4.0,N,,3.2019,0.5652
GSM3998352,0.1238,0.0385,0.0759,0.5968,0.1286,0.3971,GSE135251,F1,2,3.0,N,,3.1991,0.4348
GSM3998353,0.0502,-0.1464,-0.5861,0.5232,0.3944,0.3404,GSE135251,F0,1,2.0,N,,3.2178,0.5217
GSM3998354,-0.2123,0.7528,0.6473,0.3263,0.0674,0.6622,GSE135251,F3,4,6.0,N,,3.1756,0.5217
GSM3998355,-0.4772,0.977,0.1434,1.3526,0.7745,0.7082,GSE135251,F2,3,7.0,N,,3.1975,0.4348
GSM3998356,-0.1623,0.4626,-0.1005,0.4132,0.2884,0.6517,GSE135251,F2,3,5.0,N,,3.1996,0.3043
GSM3998357,0.2434,0.6766,-0.0333,0.8105,0.3093,0.7932,GSE135251,F1,2,6.0,N,,3.2005,0.4348
GSM3998358,-0.0347,0.5858,-0.2113,0.894,0.8365,0.6393,GSE135251,F1,2,5.0,N,,3.2074,0.6522
GSM3998359,-0.4911,1.2814,1.8487,0.4399,0.993,0.5532,GSE135251,F4,5,5.0,N,,3.11,0.3478
GSM3998360,-0.415,0.5448,0.0877,0.1575,1.4695,0.3566,GSE135251,F2,3,5.0,N,,3.1657,0.2609
GSM3998361,-0.1106,-0.1954,-0.7893,0.3545,-0.3745,0.6039,GSE135251,F0,1,1.0,N,,3.2386,0.5652
GSM3998362,-0.4874,1.4584,0.788,0.9658,0.3327,0.6067,GSE135251,F2,3,8.0,N,,3.1599,0.3043
GSM3998363,-0.0195,0.3262,-0.3378,0.5924,-0.2634,0.5046,GSE135251,F1,2,5.0,N,,3.2085,0.6087
GSM3998364,-0.1353,0.3785,-0.0382,0.5493,0.4904,0.4488,GSE135251,F3,4,6.0,N,,3.2089,0.3478
GSM3998365,-0.0334,0.5922,0.2737,0.8185,0.7941,0.7024,GSE135251,F3,4,3.0,N,,3.1606,0.3478
GSM3998366,-0.0496,-0.214,0.276,-1.1016,-0.361,-0.5873,GSE135251,F0,1,2.0,N,,3.2191,0.2174
GSM3998367,-0.3371,0.5795,0.1487,-0.2803,0.5488,-0.3468,GSE135251,F1,2,5.0,N,,3.1702,0.1304
GSM3998368,-0.0058,0.2532,0.7108,0.1411,-0.6234,0.3914,GSE135251,F2,3,5.0,N,,3.2008,0.4783
GSM3998369,-0.1353,0.5559,0.902,-1.13,-0.8067,-0.5559,GSE135251,F3,4,6.0,N,,3.2304,0.3043
GSM3998370,-0.7147,0.261,0.3897,0.1738,0.9964,0.2679,GSE135251,F2,3,4.0,N,,3.1461,0.3043
GSM3998371,-0.3469,0.927,0.4198,0.9845,1.0011,0.4721,GSE135251,F2,3,6.0,N,,3.1605,0.3478
GSM3998372,-0.1997,0.76,0.8241,0.5483,0.6222,0.5316,GSE135251,F3,4,4.0,N,,3.1793,0.5217
GSM3998373,-0.0804,0.2943,0.4132,0.24,0.2403,0.2527,GSE135251,F3,4,5.0,N,,3.187,0.1304
GSM3998374,-0.386,0.139,-0.012,0.6763,0.1138,0.4512,GSE135251,F3,4,5.0,N,,3.1643,0.4783
GSM3998375,-0.1071,-0.0805,-0.1031,0.153,0.4046,0.1574,GSE135251,F1,2,6.0,N,,3.1921,0.5217
GSM3998376,-0.494,0.5348,0.4189,0.1926,0.5774,-0.2363,GSE135251,F2,3,7.0,N,,3.1463,0.1739
GSM3998377,-0.2847,0.3134,0.0442,0.6133,0.3083,0.4515,GSE135251,F1,2,4.0,N,,3.1934,0.3043
GSM3998378,-0.553,1.4739,0.5295,0.9646,1.072,0.4791,GSE135251,F3,4,6.0,N,,3.1313,0.1739
GSM3998379,-0.1846,0.0964,0.2129,0.1246,0.3455,-0.0427,GSE135251,F3,4,7.0,N,,3.158,0.3043
GSM3998380,-0.3078,0.2272,0.0368,0.2503,0.1254,0.2239,GSE135251,F1,2,3.0,N,,3.1942,0.5217
GSM3998381,-0.1804,0.7867,0.4433,1.0148,1.0499,0.914,GSE135251,F2,3,5.0,N,,3.1486,0.3913
GSM3998382,-0.8916,1.4971,1.592,0.8983,1.1175,0.7538,GSE135251,F3,4,7.0,N,,3.1238,0.2609
GSM4957321,0.4551,0.2084,-0.349,0.649,-1.0291,0.6388,GSE162694,F0,1,3.0,M,36.0,3.2629,0.3913
GSM4957322,0.1423,0.1296,-0.2547,0.7879,0.0626,0.8208,GSE162694,F1,2,3.0,F,55.0,3.234,0.5217
GSM4957323,0.0702,-0.4113,-0.4487,-0.3007,-0.5092,-0.5153,GSE162694,Normal,0,0.0,F,25.0,3.196,0.3043
GSM4957324,-0.5522,0.528,0.3072,0.5633,0.5312,0.3003,GSE162694,F3,4,7.0,F,46.0,3.1674,0.3478
GSM4957325,-0.1579,-0.7607,-1.1069,0.7011,1.2389,0.2999,GSE162694,F1,2,5.0,M,47.0,3.2585,0.5217
GSM4957326,0.3535,-0.1901,-0.6238,-2.0309,-0.7375,-1.7154,GSE162694,Normal,0,0.0,F,54.0,3.2183,0.5652
GSM4957327,-0.0403,-0.2801,0.5739,-1.1008,-0.3148,-1.489,GSE162694,F0,1,4.0,M,65.0,3.203,0.3478
GSM4957328,-0.4575,-0.1081,-0.2901,-0.6731,0.6475,-0.7228,GSE162694,F2,3,5.0,M,45.0,3.1843,0.6522
GSM4957329,0.3099,-0.5885,-0.1796,-0.2753,-0.0832,-0.3112,GSE162694,F1,2,4.0,F,22.0,3.2294,0.4348
GSM4957330,0.6245,-0.612,-0.3102,-2.0382,-0.7153,-2.3815,GSE162694,Normal,0,0.0,F,55.0,3.3025,0.3913
GSM4957331,0.3693,-0.3839,-0.6969,-1.2902,-0.5323,-1.129,GSE162694,Normal,0,0.0,F,34.0,3.2186,0.4348
GSM4957332,0.0564,-0.3682,0.0575,-0.6259,-0.47,-0.671,GSE162694,F1,2,5.0,M,25.0,3.214,0.3043
GSM4957333,-0.1937,-0.4097,0.2379,0.8391,1.0454,0.5588,GSE162694,F2,3,6.0,F,59.0,3.191,0.4348
GSM4957334,-0.1566,-0.0296,-0.0919,-0.1848,-0.8841,0.642,GSE162694,F2,3,5.0,F,61.0,3.2262,0.6522
GSM4957335,0.1642,0.8723,0.8292,1.2534,0.9107,0.9852,GSE162694,F4,5,,F,59.0,3.2859,0.4783
GSM4957336,0.3473,-0.7869,-0.5228,-1.1433,-1.2369,-0.9408,GSE162694,Normal,0,0.0,F,35.0,3.2721,0.6087
GSM4957337,-1.4204,1.403,1.8181,0.1665,0.8559,0.5205,GSE162694,F4,5,,F,68.0,3.2195,0.4783
GSM4957338,-0.507,1.2385,1.5106,0.9152,1.2456,1.3403,GSE162694,F4,5,,F,64.0,3.2166,0.4348
GSM4957339,0.5114,0.1059,0.4995,0.5824,-0.0612,0.628,GSE162694,F4,5,,M,55.0,3.3008,0.3478
GSM4957340,-0.3113,1.2872,1.8032,0.9751,0.7708,1.1189,GSE162694,F4,5,,F,56.0,3.2139,0.4783
GSM4957341,0.5176,-0.1256,-0.3622,1.0246,0.5188,0.2543,GSE162694,F4,5,,M,69.0,3.3362,0.3043
GSM4957342,0.5911,0.1951,-0.1516,1.6771,0.1381,0.8806,GSE162694,F4,5,,M,48.0,3.3314,0.4783
GSM4957343,0.0932,0.0342,0.4301,0.3687,-0.0396,0.103,GSE162694,F2,3,7.0,F,49.0,3.2619,0.2174
GSM4957344,-0.1204,0.1135,0.1997,0.3983,0.4096,0.1721,GSE162694,F2,3,5.0,F,46.0,3.2066,0.4783
GSM4957345,-0.1879,0.0846,0.375,-0.1487,0.4345,-0.4539,GSE162694,F3,4,7.0,F,50.0,3.1856,0.4348
GSM4957346,0.0156,0.3363,0.1763,1.0387,0.5064,1.0125,GSE162694,F2,3,7.0,F,18.0,3.2318,0.1739
GSM4957347,0.2373,-0.8491,-0.3731,-1.0325,0.2187,-1.2214,GSE162694,F1,2,4.0,M,34.0,3.2224,0.4783
GSM4957348,-0.1269,-0.0216,0.3076,-0.1019,0.2739,-0.6371,GSE162694,F2,3,5.0,F,57.0,3.1791,0.3043
GSM4957349,-1.5224,1.3426,1.3411,-0.318,1.8842,0.2014,GSE162694,F4,5,4.0,F,65.0,3.1147,0.3913
GSM4957350,-0.0377,-0.0374,0.2327,-1.0934,-0.5333,-0.8163,GSE162694,F2,3,6.0,M,59.0,3.2085,0.4348
GSM4957351,0.3073,-0.7957,-0.2169,0.3606,0.3127,-0.2396,GSE162694,F2,3,6.0,M,64.0,3.2518,0.3913
GSM4957352,-0.1033,-0.6377,-0.3859,-0.5495,-0.4961,-0.4735,GSE162694,F2,3,,M,51.0,3.2248,0.6522
GSM4957353,-0.9205,0.6385,-0.2803,0.9132,-0.516,1.2605,GSE162694,F2,3,7.0,F,35.0,3.1728,0.6087
GSM4957354,-0.817,0.7912,0.4864,1.0596,1.7998,1.0825,GSE162694,F2,3,7.0,F,51.0,3.1521,0.5217
GSM4957355,-0.278,0.6911,1.1587,-0.4686,0.3199,-0.3132,GSE162694,F3,4,,M,61.0,3.1774,0.5217
GSM4957356,-0.0175,0.3921,1.0798,-0.2197,0.4733,-0.3487,GSE162694,F3,4,,M,62.0,3.1952,0.4783
GSM4957357,-0.1782,-0.2223,-0.0783,0.0038,0.3068,-0.1943,GSE162694,F2,3,7.0,M,54.0,3.2003,0.3913
GSM4957358,0.1982,-0.4794,-0.4404,-1.0801,-0.6547,-0.9937,GSE162694,Normal,0,0.0,F,58.0,3.2407,0.4348
GSM4957359,-0.5836,-0.1343,-0.249,0.902,0.6472,0.9725,GSE162694,F1,2,3.0,M,58.0,3.1852,0.3913
GSM4957360,0.0694,-0.4049,-0.09,-1.5672,-0.1985,-2.1237,GSE162694,F4,5,6.0,M,64.0,3.2932,0.3043
GSM4957361,-0.3019,0.1274,-0.0336,-0.4218,-1.3248,0.1824,GSE162694,F1,2,6.0,F,22.0,3.1853,0.7391
GSM4957362,-0.3728,-0.012,0.2542,-0.2765,0.4644,-0.4021,GSE162694,F2,3,6.0,F,32.0,3.1988,0.5652
GSM4957363,-0.1081,-0.1949,-0.3458,-0.8678,-1.1077,0.1939,GSE162694,F0,1,2.0,F,48.0,3.2265,0.4348
GSM4957364,0.2055,-0.4963,-0.4472,-0.742,-0.4023,-0.884,GSE162694,F0,1,5.0,M,32.0,3.2447,0.4348
GSM4957365,0.1997,0.6646,0.157,1.9719,1.1078,1.2652,GSE162694,F1,2,,F,37.0,3.2634,0.3043
GSM4957366,-1.4584,1.7735,2.7366,1.2187,0.9714,1.4418,GSE162694,F4,5,,F,59.0,3.1916,0.4348
GSM4957367,0.4827,0.0908,-0.365,0.3455,0.309,0.1999,GSE162694,F1,2,,F,41.0,3.2445,0.4783
GSM4957368,0.1308,0.1943,0.25,-0.022,-0.7474,-0.1351,GSE162694,F0,1,,F,56.0,3.208,0.3913
GSM4957369,0.2931,0.6176,0.1037,0.7043,-0.2296,1.1397,GSE162694,F0,1,,F,42.0,3.2399,0.4348
GSM4957370,0.0724,1.0775,0.4612,1.1344,-0.0697,1.4206,GSE162694,F1,2,,F,26.0,3.2189,0.3043
GSM4957371,0.4522,-0.786,-0.6504,-0.6257,-0.3516,-1.6909,GSE162694,F0,1,3.0,M,35.0,3.2757,0.3043
GSM4957372,0.5015,0.1412,-0.5402,0.8521,0.6118,0.6252,GSE162694,F0,1,,F,53.0,3.2509,0.6087
GSM4957373,0.1475,0.6189,-0.0041,1.4083,1.2134,1.2004,GSE162694,F0,1,,F,45.0,3.1995,0.5217
GSM4957374,0.5898,0.3458,0.4713,1.2563,0.4513,1.162,GSE162694,F3,4,,F,55.0,3.2496,0.3913
GSM4957375,0.1524,0.7453,-0.3015,1.4138,1.1717,1.0137,GSE162694,F0,1,,F,52.0,3.2156,0.5652
GSM4957376,0.2465,0.5801,0.3105,0.3176,0.0367,0.3482,GSE162694,F1,2,,M,25.0,3.2224,0.5652
GSM4957377,0.4178,0.0906,0.4494,0.7047,0.1426,0.7785,GSE162694,F1,2,,M,44.0,3.3043,0.2609
GSM4957378,0.3402,0.6373,0.8266,-1.1979,0.0754,-0.7535,GSE162694,F0,1,,M,51.0,3.2232,0.3913
GSM4957379,0.4676,0.721,-0.3834,1.1142,-0.2696,1.3787,GSE162694,F0,1,,F,28.0,3.2308,0.8261
GSM4957380,0.5558,0.1919,0.0364,0.5644,0.0665,0.3543,GSE162694,F0,1,,F,57.0,3.2382,0.6957
GSM4957381,0.0797,0.2601,-0.4517,0.3082,-0.359,0.2962,GSE162694,F1,2,5.0,M,37.0,3.237,0.4783
GSM4957382,0.6172,0.4378,0.1607,-0.7043,-0.5498,-0.9526,GSE162694,F0,1,,F,57.0,3.2193,0.5652
GSM4957383,-0.5885,0.0938,-0.5719,0.8834,0.1254,0.6625,GSE162694,F1,2,4.0,F,66.0,3.1954,0.3478
GSM4957384,0.3061,-0.2352,-0.0111,-0.5567,-0.2017,-0.7187,GSE162694,F2,3,4.0,M,42.0,3.2479,0.4783
GSM4957385,-0.22,0.4642,0.8737,-0.1085,0.3451,0.2224,GSE162694,F2,3,4.0,F,57.0,3.1901,0.5652
GSM4957386,0.0862,-0.7319,-0.641,0.8943,0.1253,0.4715,GSE162694,F0,1,3.0,M,65.0,3.2434,0.3913
GSM4957387,0.5355,-0.6483,-0.5129,-1.9401,-0.954,-2.2171,GSE162694,F1,2,5.0,M,54.0,3.2669,0.3043
GSM4957388,-0.6389,0.8543,1.3299,-0.9823,0.798,-0.3596,GSE162694,F0,1,2.0,F,53.0,3.1549,0.4348
GSM4957389,-0.0029,-0.1805,-0.475,-0.8271,-0.7946,-0.1472,GSE162694,F0,1,1.0,F,20.0,3.2087,0.4348
GSM4957390,-0.1055,0.3216,-0.1247,-0.1952,-0.5864,0.5864,GSE162694,F2,3,5.0,F,20.0,3.195,0.3478
GSM4957391,-0.1334,-1.0291,-0.5309,-1.5826,-0.5152,-1.7162,GSE162694,Normal,0,0.0,F,61.0,3.2535,0.5652
GSM4957392,-0.1389,-0.1767,-0.6259,-0.136,-0.4161,-0.3565,GSE162694,F1,2,5.0,M,40.0,3.225,0.6957
GSM4957393,-0.104,0.3689,0.1633,-0.1002,0.3813,-0.5671,GSE162694,F1,2,6.0,F,64.0,3.1721,0.6087
GSM4957394,0.6719,-0.2785,-0.1681,-0.5999,0.2,-1.0909,GSE162694,F0,1,3.0,F,30.0,3.2613,0.3913
GSM4957395,-0.8649,1.2403,1.3132,1.7552,0.6296,0.6404,GSE162694,F4,5,0.0,M,61.0,3.2387,0.4348
GSM4957396,-0.4389,-0.4276,-0.6759,0.1451,-0.7402,-0.062,GSE162694,F2,3,7.0,F,25.0,3.1968,0.4783
GSM4957397,-0.2048,0.2842,-0.1406,-0.3707,-0.5385,0.4074,GSE162694,F0,1,4.0,F,54.0,3.2197,0.6957
GSM4957398,0.13,-0.4584,-0.4876,-1.4216,-0.1753,-1.2979,GSE162694,Normal,0,0.0,M,50.0,3.2315,0.5652
GSM4957399,-0.2084,0.4065,-0.1283,-0.4392,-0.4382,-0.1836,GSE162694,F0,1,1.0,F,28.0,3.1961,0.4783
GSM4957400,0.0507,-0.1966,-0.1015,-0.1819,-0.0345,-0.2323,GSE162694,F2,3,7.0,F,33.0,3.2161,0.2609
GSM4957401,-0.329,1.1987,0.7615,-0.5017,0.745,-0.1027,GSE162694,F0,1,3.0,F,72.0,3.1593,0.5652
GSM4957402,-0.0482,-0.2771,-0.6327,0.4069,-0.0158,0.9087,GSE162694,Normal,0,0.0,F,44.0,3.2359,0.4783
GSM4957403,-0.3796,0.9399,-0.5742,-0.5286,-0.0616,-0.5799,GSE162694,F3,4,5.0,F,45.0,3.2098,0.3478
GSM4957404,0.2772,-0.7134,-0.6769,-0.732,-1.1398,-0.2884,GSE162694,Normal,0,0.0,F,28.0,3.2706,0.5217
GSM4957405,0.1028,-0.581,-0.2499,0.1481,-0.3417,-0.5904,GSE162694,F0,1,1.0,M,50.0,3.2406,0.4783
GSM4957406,-0.1775,-0.725,-0.866,-0.8662,-1.0165,-0.4839,GSE162694,Normal,0,0.0,F,22.0,3.1877,0.7391
GSM4957407,-0.3316,0.4914,0.2229,-0.7504,0.0308,-0.2881,GSE162694,F3,4,6.0,M,32.0,3.1864,0.3913
GSM4957408,-0.043,-1.3984,0.1812,-1.6945,-1.555,-1.6904,GSE162694,F0,1,2.0,F,53.0,3.2075,0.2174
GSM4957409,0.653,-0.6703,-1.2053,0.6032,-0.125,-0.0224,GSE162694,Normal,0,0.0,F,37.0,3.3141,0.6522
GSM4957410,0.1936,-0.5237,-0.1133,-0.5357,-0.7478,-0.4821,GSE162694,F0,1,2.0,F,41.0,3.2563,0.2174
GSM4957411,0.2943,-0.957,-0.4733,-0.716,-0.4247,-0.5818,GSE162694,F1,2,2.0,F,60.0,3.2846,0.5217
GSM4957412,0.376,-1.0931,-0.1045,-0.9383,-1.3217,-1.0419,GSE162694,F1,2,2.0,F,49.0,3.2683,0.3478
GSM4957413,0.8609,-0.8461,-0.6324,-0.6203,-0.9578,0.0839,GSE162694,Normal,0,0.0,F,47.0,3.3017,0.3913
GSM4957414,0.1352,-0.3946,-0.895,0.5349,-0.4975,0.3469,GSE162694,F0,1,3.0,F,40.0,3.2596,0.6087
GSM4957415,-0.0825,-0.2412,-0.0795,-0.2743,-0.3134,-0.0671,GSE162694,F2,3,1.0,F,34.0,3.1688,0.4783
GSM4957416,0.1206,-0.1449,-0.2819,-0.8744,-0.6682,0.3816,GSE162694,F0,1,1.0,F,25.0,3.228,0.3043
GSM4957417,0.1555,-0.1954,-0.4654,0.1648,-0.14,0.5216,GSE162694,F1,2,1.0,F,32.0,3.258,0.5217
GSM4957418,0.4372,-0.4679,-0.2301,-0.4191,-0.9012,0.1025,GSE162694,Normal,0,0.0,F,44.0,3.2612,0.6087
GSM4957419,0.1316,-1.0043,-0.5208,-0.4824,-1.009,-0.0741,GSE162694,F1,2,4.0,F,34.0,3.2739,0.3913
GSM4957420,0.1414,-0.3826,0.429,-0.4329,-0.4948,-0.0885,GSE162694,F1,2,4.0,F,62.0,3.2392,0.2174
GSM4957421,0.44,-0.5857,-0.2028,-0.5086,-0.7294,-0.2575,GSE162694,Normal,0,0.0,F,60.0,3.2526,0.3913
GSM4957422,0.1699,-0.3819,0.0152,-0.3453,-0.4189,0.205,GSE162694,F0,1,3.0,F,46.0,3.2501,0.3913
GSM4957423,0.523,-1.0479,-0.4207,0.0083,-0.7441,-0.084,GSE162694,Normal,0,0.0,F,47.0,3.2927,0.3478
GSM4957424,0.0921,-0.2438,-0.087,0.6832,0.5618,0.3654,GSE162694,F1,2,6.0,M,42.0,3.2324,0.5652
GSM4957425,0.367,-0.1785,-0.0422,-0.1657,-0.6368,0.1418,GSE162694,Normal,0,0.0,F,28.0,3.2648,0.4783
GSM4957426,0.0383,0.4236,0.3305,0.288,0.2915,0.701,GSE162694,F1,2,5.0,F,56.0,3.207,0.5652
GSM4957427,0.2864,-0.5816,-0.2241,-0.4472,-0.8774,-0.056,GSE162694,Normal,0,0.0,F,29.0,3.2801,0.3913
GSM4957428,-0.16,0.1345,0.1535,-0.3295,-0.9721,0.4063,GSE162694,F0,1,5.0,F,49.0,3.2119,0.6087
GSM4957429,0.2081,-1.0617,-0.3739,-0.3359,-0.6547,-0.1039,GSE162694,Normal,0,0.0,F,49.0,3.2751,0.3043
GSM4957430,0.3515,-0.6408,-0.515,-0.0803,-0.4168,0.0627,GSE162694,Normal,0,0.0,F,41.0,3.2522,0.5217
GSM4957431,0.4412,-0.6565,-0.5832,-0.6243,-0.3651,-0.3443,GSE162694,F1,2,1.0,F,46.0,3.2631,0.3913
GSM4957432,0.4727,-0.3066,-0.7815,0.4496,-0.0685,0.2112,GSE162694,F2,3,3.0,F,60.0,3.2669,0.2174
GSM4957433,-0.1405,0.269,0.1818,0.546,-0.0047,0.5301,GSE162694,F2,3,4.0,F,43.0,3.223,0.2609
GSM4957434,0.6525,-0.3918,-0.4479,0.3935,-0.2048,0.013,GSE162694,Normal,0,0.0,F,54.0,3.2985,0.4783
GSM4957435,0.3156,-0.4827,-0.8105,-1.0544,0.1107,-0.9008,GSE162694,Normal,0,0.0,F,51.0,3.2327,0.4348
GSM4957436,0.2645,-0.3187,-1.1467,0.0367,0.2727,0.099,GSE162694,F0,1,2.0,F,39.0,3.2476,0.3913
GSM4957437,0.6409,-1.0824,-0.6212,-0.4586,-1.5649,-0.538,GSE162694,Normal,0,0.0,F,37.0,3.293,0.3913
GSM4957438,0.2934,-1.1584,-0.6417,-0.1984,-1.1029,0.0434,GSE162694,Normal,0,0.0,F,57.0,3.2768,0.5652
GSM4957439,0.4582,-0.3453,-0.745,-0.2179,-1.0917,0.1419,GSE162694,Normal,0,0.0,F,49.0,3.2572,0.6957
GSM4957440,-0.0687,0.6658,-0.0904,-0.0582,-0.3243,0.6552,GSE162694,Normal,0,0.0,F,33.0,3.1896,0.4348
GSM4957441,0.0435,-1.0468,-0.3831,-0.0072,-0.8681,0.0337,GSE162694,Normal,0,0.0,F,32.0,3.3149,0.6522
GSM4957442,0.374,-0.2045,-0.2412,0.3292,-0.1575,0.5504,GSE162694,F0,1,1.0,F,53.0,3.2384,0.4348
GSM4957443,0.0905,-0.3208,-0.3441,0.0169,-0.1693,0.4388,GSE162694,F1,2,1.0,F,21.0,3.2379,0.4348
GSM4957444,0.2108,-0.8831,-0.5426,-0.3267,-0.4914,-0.3902,GSE162694,Normal,0,0.0,F,34.0,3.2667,0.5217
GSM4957445,-0.7177,0.4291,-0.243,0.5668,1.6277,0.3328,GSE162694,F2,3,3.0,F,42.0,3.1752,0.6522
GSM4957446,0.0817,-0.3165,-0.1889,0.1788,-0.2081,0.1056,GSE162694,F2,3,5.0,F,33.0,3.2275,0.6522
GSM4957447,0.0913,-0.4909,-0.0894,0.1607,-0.1638,-0.1278,GSE162694,F1,2,5.0,F,60.0,3.2489,0.4348
GSM4957448,-0.1808,0.1809,0.7105,0.2873,0.7469,0.4161,GSE162694,F2,3,5.0,F,39.0,3.1849,0.4348
GSM4957449,0.2883,-0.628,-0.8321,-0.1742,-0.8491,-0.2379,GSE162694,F0,1,2.0,F,54.0,3.2741,0.6087
GSM4957450,0.1553,-0.2623,-0.3703,0.5978,0.3131,0.2634,GSE162694,F0,1,1.0,F,44.0,3.2423,0.4348
GSM4957451,0.0849,0.0773,0.3511,0.1195,-0.1177,-0.0573,GSE162694,F4,5,4.0,F,62.0,3.2202,0.3478
GSM4957452,0.5186,0.1084,-0.2432,-0.4001,-0.4209,0.0708,GSE162694,F0,1,2.0,M,36.0,3.226,0.3043
GSM4957453,0.5144,-0.9563,-1.4151,-1.3229,-0.7859,-1.6308,GSE162694,Normal,0,0.0,F,52.0,3.2828,0.5217
GSM4957454,-0.2941,-0.1872,0.5035,-0.421,1.2244,-0.9222,GSE162694,F1,2,6.0,F,68.0,3.1416,0.3478
GSM4957455,-0.2302,-0.2792,-0.6214,0.5056,-0.0305,0.0279,GSE162694,F1,2,1.0,F,58.0,3.2358,0.3913
GSM4957456,-0.221,0.3982,0.0662,-0.8356,-0.2966,-0.1612,GSE162694,Normal,0,0.0,M,55.0,3.171,0.5652
GSM4957457,-0.0601,-0.2532,-0.8643,-1.0167,-0.574,-0.8907,GSE162694,F2,3,6.0,M,30.0,3.2223,0.5217
GSM4957458,-0.4494,0.0155,-0.5628,0.3927,0.1686,0.2487,GSE162694,F3,4,4.0,M,52.0,3.2141,0.7826
GSM4957459,0.2226,-0.8073,-0.8555,0.6412,-0.6761,0.5485,GSE162694,F0,1,1.0,M,20.0,3.2916,0.6957
GSM4957460,-0.1003,-0.4613,-0.0412,-0.2952,0.0515,-0.7339,GSE162694,F2,3,6.0,M,48.0,3.2016,0.4348
GSM4957461,-0.1917,0.2016,0.6705,-0.6746,0.4988,0.2103,GSE162694,F0,1,5.0,M,48.0,3.1845,0.3478
GSM4957462,0.1364,-0.4315,-0.7403,0.3333,-0.041,-0.1396,GSE162694,F1,2,5.0,F,48.0,3.2076,0.5652
GSM4957463,0.4076,-0.5959,-0.0483,-2.1358,-1.2237,-1.2964,GSE162694,Normal,0,0.0,M,52.0,3.3445,0.3478
