variable,estadio,n,dBIC_1_minus_2,means_2comp,min_weight
HSC,Normal,35,-3.810777016281449,"[-0.62, 0.44]",0.08
HSC,F0,94,-13.779497961862745,"[-0.25, 0.3]",0.31
HSC,F1,105,-11.359875853497144,"[-0.35, 0.2]",0.38
HSC,F2,89,-13.598385497825873,"[-0.2, 0.33]",0.43
HSC,F3,76,-3.2213871724534044,"[0.12, 0.78]",0.2
HSC,F4,28,-5.071459929800206,"[-0.05, 1.06]",0.39
Colangiocito,Normal,35,-3.5109960976264745,"[-1.39, -0.44]",0.08
Colangiocito,F0,94,-6.91232768461748,"[-0.41, 0.33]",0.25
Colangiocito,F1,105,-13.860729361619065,"[-0.38, -0.03]",0.43
Colangiocito,F2,89,-12.441643765232556,"[-0.2, 0.35]",0.44
Colangiocito,F3,76,-7.664987877980337,"[0.24, 0.9]",0.3
Colangiocito,F4,28,-5.724039403271902,"[-0.12, 1.25]",0.18
Hepatocito,Normal,35,-7.171147599330448,"[-0.14, 0.36]",0.12
Hepatocito,F0,94,-13.299735513451482,"[0.03, 0.2]",0.5
Hepatocito,F1,105,-14.55896075116708,"[-0.09, 0.13]",0.41
Hepatocito,F2,89,-5.184870886338608,"[-0.47, -0.01]",0.17
Hepatocito,F3,76,12.769847743212502,"[-0.72, -0.05]",0.08
Hepatocito,F4,28,-6.920433379138039,"[-0.99, -0.08]",0.25
