chr,start,end,tad_id
1,695380,6180059.0,0
1,6500060,7700059.0,1
1,11100057,12020056.0,2
1,15846495,16886494.0,3
1,19206494,19966493.0,4
1,20206493,20806492.0,5
1,20966493,22326492.0,6
1,22366493,23686492.0,7
1,24366490,24966490.0,8
1,24966491,25566490.0,9
1,25646491,26806490.0,10
1,26806491,27246490.0,11
1,27286491,28966511.0,12
1,33545601,35225600.0,13
1,35305601,36945600.0,14
1,36945601,37905600.0,15
1,38465672,39305671.0,16
1,39385672,40225671.0,17
1,40265672,41425671.0,18
1,43665671,43905670.0,19
1,44665672,45185671.0,20
1,45185672,46825671.0,21
1,46865672,50825671.0,22
1,51185672,51665671.0,23
1,51785672,52265671.0,24
1,52465672,53705671.0,25
1,53745672,55385672.0,26
1,55505673,57185672.0,27
1,59145672,60305671.0,28
1,60425672,62585671.0,29
1,63265671,64745682.0,30
1,64745683,65305682.0,31
1,65505683,66185682.0,32
1,66345683,67985682.0,33
1,67985683,68225682.0,34
1,68305683,70305682.0,35
1,70585683,70985682.0,36
1,71065683,71545682.0,37
1,71545683,74145682.0,38
1,74265683,75185683.0,39
1,75225684,76145684.0,40
1,78585684,79145684.0,41
1,79145685,82225684.0,42
1,84345683,85705682.0,43
1,85745683,89345682.0,44
1,91945557,93185556.0,45
1,94465556,95505555.0,46
1,95705556,97305555.0,47
1,97425556,99025555.0,48
1,99185556,100185555.0,49
1,100225556,101385555.0,50
1,101385556,101785555.0,51
1,104302622,108302621.0,52
1,108302622,108902621.0,53
1,109222622,110582621.0,54
1,110582622,111942621.0,55
1,111982622,112902621.0,56
1,113302622,114302621.0,57
1,115462621,116622620.0,58
1,116622621,117102621.0,59
1,117182622,118502622.0,60
1,118582623,120697155.0,61
1,149771556,151172475.0,62
1,151372476,152012475.0,63
1,152012476,153492475.0,64
1,153652476,155092475.0,65
1,155169791,156329790.0,66
1,159089790,160009789.0,67
1,160049790,161409789.0,68
1,161409790,162769789.0,69
1,165089237,166809236.0,70
1,166849237,167569236.0,71
1,171449139,172409139.0,72
1,175009136,176849135.0,73
1,177969135,179409134.0,74
1,179649135,180449134.0,75
1,180449135,181169135.0,76
1,182049135,182809134.0,77
1,185729132,186369131.0,78
1,186369132,186969131.0,79
1,190529130,192409129.0,80
1,192409130,193009129.0,81
1,193089130,194329129.0,82
1,194529130,195889129.0,83
1,196209130,196689129.0,84
1,197369130,198449129.0,85
1,199609128,200849127.0,86
1,201369128,201809127.0,87
1,202129128,203729127.0,88
1,203809128,204369127.0,89
1,207173345,207973344.0,90
1,211733342,213213341.0,91
1,213253342,214333342.0,92
1,215853342,216773341.0,93
1,216933342,218413341.0,94
1,218413342,220013341.0,95
1,220333342,222653341.0,96
1,222893342,224107701.0,97
1,224227702,225107701.0,98
1,231775746,233415745.0,99
1,233415746,234495745.0,100
1,236243300,236683299.0,101
1,236763300,240163299.0,102
1,240323300,241643299.0,103
1,241683300,243163301.0,104
1,243283302,244523301.0,105
10,85940,1125939.0,106
10,1165940,3122191.0,107
10,3162192,4842191.0,108
10,4842192,5961962.0,109
10,6441962,7521961.0,110
10,7561962,9361962.0,111
10,11521999,11801998.0,112
10,11801999,13161999.0,113
10,15441999,16841998.0,114
10,16841999,17401998.0,115
10,17641999,21128928.0,116
10,21128929,23408928.0,117
10,23408929,24808928.0,118
10,24888929,26008928.0,119
10,26128929,28688928.0,120
10,28888929,29648928.0,121
10,32968928,35368927.0,122
10,35368928,35848927.0,123
10,35848928,38688927.0,124
10,48259361,48779360.0,125
10,49368043,51088045.0,126
10,51919760,52439759.0,127
10,52519760,54319759.0,128
10,54559760,56759759.0,129
10,57279760,59879760.0,130
10,62479758,63439757.0,131
10,63639759,64159758.0,132
10,64159759,64879759.0,133
10,64919760,65599759.0,134
10,67999758,69559757.0,135
10,72199756,73039756.0,136
10,73039757,73559756.0,137
10,73679758,75479757.0,138
10,75559758,77039757.0,139
10,77039758,78879757.0,140
10,78919758,79559757.0,141
10,81999756,85879755.0,142
10,85999756,88719756.0,143
10,89079757,90999756.0,144
10,90999757,91479756.0,145
10,91479757,92639756.0,146
10,92639757,93479756.0,147
10,93519757,94239756.0,148
10,94359757,95279756.0,149
10,95479757,96279756.0,150
10,96359757,96799756.0,151
10,96959757,97399756.0,152
10,97399757,99399756.0,153
10,99519757,101399756.0,154
10,101479757,102679756.0,155
10,102759757,103559756.0,156
10,103559757,103879756.0,157
10,103879757,104399756.0,158
10,104479757,105119756.0,159
10,105439758,106119757.0,160
10,106119758,107959757.0,161
10,108359758,111639757.0,162
10,111639758,114199757.0,163
10,114199758,115439758.0,164
10,115439759,115919758.0,165
10,116039759,116559758.0,166
10,116919761,118279511.0,167
10,118399511,120279511.0,168
10,120319512,120759511.0,169
10,120959512,122519511.0,170
10,122599512,123719514.0,171
10,123999515,124319515.0,172
10,124559516,125319515.0,173
10,130038264,131918263.0,174
10,131998264,135524746.0,175
11,160000,3421229.0,176
11,3501230,4141229.0,177
11,4141230,6381229.0,178
11,8181547,8621546.0,179
11,8661547,10781546.0,180
11,10781547,12301546.0,181
11,12341547,13501546.0,182
11,14461546,17101546.0,183
11,17581547,18821546.0,184
11,20181546,22861545.0,185
11,22861546,26301546.0,186
11,26301547,27181546.0,187
11,27181547,27541546.0,188
11,27541547,29381546.0,189
11,29381547,30181546.0,190
11,30301547,30981546.0,191
11,32821546,33781545.0,192
11,33821546,34501546.0,193
11,34541547,34941546.0,194
11,34941547,35461547.0,195
11,35581548,36581549.0,196
11,36781550,38901549.0,197
11,39501550,41461549.0,198
11,41461550,43341549.0,199
11,43341550,45821550.0,200
11,45821551,48181551.0,201
11,58327473,59487472.0,202
11,61007472,64007471.0,203
11,73071045,74951044.0,204
11,76431044,77351044.0,205
11,78311045,78831044.0,206
11,81311042,82151041.0,207
11,82351042,83471042.0,208
11,83551043,84271042.0,209
11,84431043,85311043.0,210
11,86111042,86591041.0,211
11,86591042,87031041.0,212
11,93573166,94173165.0,213
11,95573164,96173163.0,214
11,98910730,99630730.0,215
11,99670731,100430730.0,216
11,100430731,101910730.0,217
11,102150731,102550730.0,218
11,107390726,107710725.0,219
11,107830726,108550726.0,220
11,110070725,111390724.0,221
11,113710722,114190721.0,222
11,116590716,117070715.0,223
11,117990715,118510717.0,224
11,118550709,118870709.0,225
11,119990708,120990708.0,226
11,121110709,121510708.0,227
11,125749895,126149894.0,228
11,126189895,128829894.0,229
11,128949895,129629894.0,230
11,129709895,130069894.0,231
11,130269895,130789894.0,232
11,130789895,132949894.0,233
12,1749166,2749165.0,234
12,3149166,3949165.0,235
12,3949166,4389165.0,236
12,6989164,7992595.0,237
12,8552596,9432595.0,238
12,11672934,12192933.0,239
12,12232934,12512933.0,240
12,12512934,12912933.0,241
12,12952934,13392933.0,242
12,13392934,14312933.0,243
12,14352934,16072933.0,244
12,16112934,18192933.0,245
12,18272934,19512933.0,246
12,19832934,20792933.0,247
12,21392934,22192933.0,248
12,22232934,25312933.0,249
12,26192933,27152932.0,250
12,27152933,27512932.0,251
12,27552933,27872932.0,252
12,27872933,29152932.0,253
12,29192933,31232933.0,254
12,31432934,32872933.0,255
12,32872934,34472934.0,256
12,34512935,34792934.0,257
12,38473802,39673801.0,258
12,39713802,43753802.0,259
12,44313803,45513782.0,260
12,45513783,46393782.0,261
12,46393783,48113782.0,262
12,48273783,49073782.0,263
12,49353783,51153782.0,264
12,51153783,52273783.0,265
12,52513784,53393783.0,266
12,53713784,56073783.0,267
12,56353784,56873783.0,268
12,59593781,62633780.0,269
12,64193780,64793779.0,270
12,64833780,65153779.0,271
12,65153780,67313779.0,272
12,67633780,68593779.0,273
12,68713780,69153779.0,274
12,69193780,69513779.0,275
12,69713780,72313779.0,276
12,72353780,74953779.0,277
12,75033780,75673779.0,278
12,75873780,76993779.0,279
12,76993780,77353779.0,280
12,77433780,78353779.0,281
12,78353780,79793779.0,282
12,79873780,80673779.0,283
12,82033779,82713778.0,284
12,82753779,85153778.0,285
12,85473778,86313777.0,286
12,88433777,89873776.0,287
12,89913777,91713776.0,288
12,93153776,93833775.0,289
12,93833776,94513775.0,290
12,94513776,95393775.0,291
12,95433776,96393777.0,292
12,96433778,96913777.0,293
12,96913778,98793777.0,294
12,99393778,100393777.0,295
12,100513778,101673777.0,296
12,101793778,103233777.0,297
12,103273778,103993777.0,298
12,104193778,105513777.0,299
12,105793778,106593777.0,300
12,106753778,107393777.0,301
12,108033777,108913776.0,302
12,109597805,110237804.0,303
12,112877804,116357804.0,304
12,116357805,117597804.0,305
12,117637805,118837804.0,306
12,128924545,132644544.0,307
13,22134139,23654138.0,308
13,23934139,24494138.0,309
13,25614138,26654137.0,310
13,27494137,27894136.0,311
13,27934137,28574136.0,312
13,28894137,29974136.0,313
13,29974137,30694136.0,314
13,30694137,31614136.0,315
13,31774137,32334136.0,316
13,32414137,34334136.0,317
13,34454137,36334136.0,318
13,36534137,37374136.0,319
13,37574137,39574136.0,320
13,39574137,40214136.0,321
13,41894136,42734135.0,322
13,42854136,44454135.0,323
13,45934135,46974134.0,324
13,47014135,47334134.0,325
13,47334135,48574134.0,326
13,48654136,49374135.0,327
13,49654136,50214135.0,328
13,53134135,55654134.0,329
13,58174134,59894133.0,330
13,59934134,61014133.0,331
13,62614133,64374132.0,332
13,65014132,66134131.0,333
13,66214132,68014131.0,334
13,68054132,70054131.0,335
13,70094132,71174131.0,336
13,77614135,78094134.0,337
13,78134135,79934134.0,338
13,80134135,81614134.0,339
13,81654135,85294134.0,340
13,85414135,86414134.0,341
13,87292255,88332254.0,342
13,90572254,91692253.0,343
13,91732254,92412253.0,344
13,92532254,95292253.0,345
13,95292254,96132253.0,346
13,96612254,97652253.0,347
13,97652254,98452253.0,348
13,98452254,99492253.0,349
13,99772254,100092253.0,350
13,100252254,101212253.0,351
13,107852348,108852347.0,352
13,108892348,109572347.0,353
14,24909206,25629205.0,354
14,25669206,27509205.0,355
14,28269206,29149205.0,356
14,29149206,29989205.0,357
14,30029206,31029205.0,358
14,31029206,31869205.0,359
14,31909206,32989205.0,360
14,33029206,34989205.0,361
14,35029206,36309205.0,362
14,39589204,39909203.0,363
14,42549203,45789202.0,364
14,45789203,48189202.0,365
14,50066718,51306717.0,366
14,51386718,52586717.0,367
14,53786718,54946717.0,368
14,54986718,55306717.0,369
14,55626718,56946717.0,370
14,56946718,58546717.0,371
14,58666718,59946717.0,372
14,60026718,60386717.0,373
14,60386718,61746717.0,374
14,61746718,62346717.0,375
14,62346718,63826717.0,376
14,63826718,64986717.0,377
14,65586718,66586717.0,378
14,67826717,69586716.0,379
14,69706717,69946716.0,380
14,69986717,71466716.0,381
14,71506717,72946707.0,382
14,72946708,73426707.0,383
14,74106703,76146342.0,384
14,76146343,77306342.0,385
14,77346343,77586342.0,386
14,78306343,81986343.0,387
14,81986344,83586343.0,388
14,83746344,86546343.0,389
14,86666344,88386343.0,390
14,88386344,88906343.0,391
14,89026344,90426343.0,392
14,90746344,91666343.0,393
14,91906344,92506343.0,394
14,92546344,93226344.0,395
14,93266345,94026345.0,396
14,94466346,95906336.0,397
14,96026337,97026336.0,398
14,97026337,99826336.0,399
14,100106337,102146336.0,400
14,102226337,102786336.0,401
14,102986337,105946336.0,402
15,30892203,31812202.0,403
15,32852201,34692200.0,404
15,34852201,35252200.0,405
15,35292201,38212200.0,406
15,38252201,39012200.0,407
15,39012201,40612200.0,408
15,44132198,45132197.0,409
15,48612197,50652196.0,410
15,50652197,51252196.0,411
15,51292197,52452196.0,412
15,52532197,53052196.0,413
15,53052197,54052196.0,414
15,54092197,55772197.0,415
15,55932198,57612197.0,416
15,57612198,57852197.0,417
15,57852198,59132198.0,418
15,59252199,59972198.0,419
15,59972199,63052198.0,420
15,63412199,64452198.0,421
15,65612338,66612337.0,422
15,66852338,68132337.0,423
15,68132338,68532337.0,424
15,68692339,69172338.0,425
15,69252339,69652338.0,426
15,69732339,70892338.0,427
15,71212339,72492340.0,428
15,72972341,75532340.0,429
15,75612341,77212340.0,430
15,77372342,78172341.0,431
15,78212342,80692341.0,432
15,80772341,81292340.0,433
15,83188989,84868751.0,434
15,85063231,86343230.0,435
15,86383231,89383230.0,436
15,91583230,93583229.0,437
15,95103229,98823228.0,438
15,99780205,100340204.0,439
16,60000,2050000.0,440
16,2250001,5010000.0,441
16,5130001,8530001.0,442
16,11053857,11973856.0,443
16,12133857,12933856.0,444
16,12933857,13973856.0,445
16,14013857,14773856.0,446
16,15013857,15773856.0,447
16,15853857,16333856.0,448
16,16613857,18213856.0,449
16,18771322,20451321.0,450
16,21171321,21371320.0,451
16,21531321,22451320.0,452
16,22731321,23491320.0,453
16,23651321,24531320.0,454
16,24531321,25051320.0,455
16,25251321,28331320.0,456
16,28811321,30971320.0,457
16,30971321,32011320.0,458
16,46385801,48673910.0,459
16,48673911,49993910.0,460
16,50033911,52033911.0,461
16,52073912,53393911.0,462
16,53553912,55713911.0,463
16,55953912,56393911.0,464
16,56553912,58673903.0,465
16,58793904,62193903.0,466
16,62233904,63273903.0,467
16,66913903,70153902.0,468
16,74433898,75193897.0,469
16,75193898,75433897.0,470
16,77713897,78113896.0,471
16,78113897,80993896.0,472
16,81313605,81793604.0,473
16,81913605,84513605.0,474
16,84673606,85033605.0,475
16,85153606,88506407.0,476
16,88746408,90186407.0,477
17,2663294,3583293.0,478
17,3783294,4823294.0,479
17,8223318,8703317.0,480
17,8903317,9463316.0,481
17,9703317,11903316.0,482
17,12143317,12623316.0,483
17,15903314,18343313.0,484
17,18703313,18943312.0,485
17,19103313,19863312.0,486
17,26887018,28967017.0,487
17,29247018,29727017.0,488
17,29847018,30367018.0,489
17,43677366,44397365.0,490
17,44757366,45557365.0,491
17,48557361,49357360.0,492
17,49357361,52997360.0,493
17,52997361,54877360.0,494
17,55037361,55917360.0,495
17,55917361,56557360.0,496
17,56597361,57197360.0,497
17,57277361,58037360.0,498
17,58197361,58757360.0,499
17,58757361,60317360.0,500
17,60557361,61517360.0,501
17,62916118,64156117.0,502
17,65356116,65716115.0,503
17,67356141,68556140.0,504
17,70716139,71396138.0,505
17,71436139,72196138.0,506
17,72356139,72716138.0,507
17,77693768,79687029.0,508
18,3239998,3679999.0,509
18,5079999,7039998.0,510
18,7199998,8559997.0,511
18,8639998,9039997.0,512
18,10719998,12119998.0,513
18,12279999,12959998.0,514
18,20379963,21739963.0,515
18,22019964,23779963.0,516
18,23939964,25779963.0,517
18,26099964,28539965.0,518
18,29699963,30139962.0,519
18,30179963,32419963.0,520
18,34979963,37339963.0,521
18,37779964,39539964.0,522
18,39539965,41179964.0,523
18,41179965,43699965.0,524
18,45286371,46006370.0,525
18,47006370,48006369.0,526
18,48006370,51646369.0,527
18,51926370,52667230.0,528
18,52787231,54307230.0,529
18,54307231,55267231.0,530
18,55267232,56787231.0,531
18,57067232,59187232.0,532
18,59187233,59827232.0,533
18,59827233,61147232.0,534
18,64787237,66427236.0,535
18,70347235,71787234.0,536
18,71827235,72227234.0,537
18,72227235,74471955.0,538
18,74511956,75391955.0,539
19,240000,4520011.0,540
19,4640012,8624883.0,541
19,8870876,9950675.0,542
19,18510810,24542801.0,543
19,38410640,38850639.0,544
19,42584152,45063232.0,545
19,48423257,49103256.0,546
19,49143257,49983256.0,547
19,56191366,57591367.0,548
2,10000,1603771.0,549
2,3727590,6980130.0,550
2,10900126,11620125.0,551
2,20879760,23942869.0,552
2,25542869,25782868.0,553
2,27582867,28742866.0,554
2,30342866,30942865.0,555
2,30942866,32745066.0,556
2,32905067,33825066.0,557
2,37187143,38107142.0,558
2,40027140,42067139.0,559
2,42067140,42587139.0,560
2,43827139,45187138.0,561
2,45187139,45827138.0,562
2,45827139,46187138.0,563
2,46227139,47147138.0,564
2,47147139,47547138.0,565
2,47627139,48747138.0,566
2,55907135,57787134.0,567
2,57787135,58667134.0,568
2,58907135,60947134.0,569
2,60947135,62027134.0,570
2,63827134,65427133.0,571
2,65467134,65827133.0,572
2,68347132,69147131.0,573
2,69187132,69547131.0,574
2,69627132,70507131.0,575
2,74027127,74827126.0,576
2,77027126,78507125.0,577
2,79467126,80187125.0,578
2,84667124,85107123.0,579
2,85187123,85547122.0,580
2,85587123,87147122.0,581
2,100136462,101176461.0,582
2,101176462,101616461.0,583
2,101616462,101816461.0,584
2,101856462,102496461.0,585
2,107176456,109296455.0,586
2,109416456,110517576.0,587
2,111357577,112477576.0,588
2,112517577,113117576.0,589
2,113317577,114197576.0,590
2,118717576,120077575.0,591
2,120397576,122517575.0,592
2,122557576,124677576.0,593
2,135677570,136557569.0,594
2,136637570,137157569.0,595
2,137157570,138597569.0,596
2,138637570,139597569.0,597
2,141837569,143797568.0,598
2,147437568,148677568.0,599
2,149896514,150416513.0,600
2,150416514,152296513.0,601
2,152456514,153576513.0,602
2,155256512,156176511.0,603
2,156216512,158136511.0,604
2,158136512,159696511.0,605
2,160856511,162056510.0,606
2,163176510,163696509.0,607
2,163736510,165376509.0,608
2,165536510,165816509.0,609
2,165816510,166816509.0,610
2,166976510,169776509.0,611
2,169776510,171736509.0,612
2,171736510,172336509.0,613
2,173584728,174104727.0,614
2,174264728,175264727.0,615
2,175544728,178024727.0,616
2,179344727,180664726.0,617
2,180864727,183584726.0,618
2,183584727,183904727.0,619
2,186384727,187544726.0,620
2,187664727,188344726.0,621
2,190304726,191864725.0,622
2,191904726,192384725.0,623
2,192424726,193024725.0,624
2,194944724,196184723.0,625
2,196384724,196904723.0,626
2,196944724,197624723.0,627
2,197704724,198464723.0,628
2,200784723,201664722.0,629
2,201744723,203064722.0,630
2,203064723,204784722.0,631
2,204824723,206824723.0,632
2,207024724,208384723.0,633
2,208584724,208984723.0,634
2,209224724,211104723.0,635
2,211304724,213464723.0,636
2,216184723,216904722.0,637
2,222864719,223504718.0,638
2,224824717,225184716.0,639
2,225184717,225584716.0,640
2,228224716,228624715.0,641
2,228744716,229464715.0,642
2,229544716,230624715.0,643
2,232584710,233384709.0,644
2,237188643,238708642.0,645
2,239228641,243100991.0,646
20,3300647,3660646.0,647
20,5180646,6100646.0,648
20,6100647,7900646.0,649
20,7980647,8740646.0,650
20,8860647,11540647.0,651
20,11540648,12900647.0,652
20,18540644,20020643.0,653
20,21660638,22180637.0,654
20,23780637,26319568.0,655
20,30107803,31947805.0,656
20,31947806,32747805.0,657
20,35188403,35548402.0,658
20,35628403,37068642.0,659
20,40348639,42068639.0,660
20,42068640,42748639.0,661
20,46268744,47536536.0,662
20,47576537,48576536.0,663
20,48776537,49376536.0,664
20,49416537,50216538.0,665
20,50256539,50696538.0,666
20,50816539,52176538.0,667
20,52176539,52816538.0,668
20,52856539,53256538.0,669
20,55095056,56775055.0,670
20,58175055,60535055.0,671
21,14338129,17012318.0,672
21,19332317,22332316.0,673
21,22372318,24292320.0,674
21,24412322,26932311.0,675
21,28092319,30332321.0,676
21,35012306,35732298.0,677
21,35852298,37492297.0,678
21,37772298,38292299.0,679
21,38412300,38932301.0,680
21,40851926,42851926.0,681
21,42851927,44460109.0,682
21,45219881,45499880.0,683
21,45659883,48119894.0,684
22,18282766,18642766.0,685
22,18947513,20147522.0,686
22,24342194,24995966.0,687
22,25035967,28195987.0,688
22,28235988,29675988.0,689
22,36916047,37916006.0,690
22,40436004,40796003.0,691
22,40796004,41916003.0,692
22,42036004,42916005.0,693
22,42996006,43516005.0,694
22,44355880,45075879.0,695
3,3201684,4361683.0,696
3,4361684,5241684.0,697
3,5281685,6841686.0,698
3,8961684,9401683.0,699
3,9401684,11881473.0,700
3,13081500,13521499.0,701
3,15161507,16281506.0,702
3,16281507,16601506.0,703
3,17481492,17881491.0,704
3,17921492,18881491.0,705
3,19041492,19921491.0,706
3,23161491,23841490.0,707
3,23921491,24721490.0,708
3,24761491,25881490.0,709
3,25921491,27041490.0,710
3,27721491,28401490.0,711
3,28441491,30041490.0,712
3,30041491,32521491.0,713
3,32961492,33881491.0,714
3,37001491,37281490.0,715
3,37281491,37841490.0,716
3,37881491,39441490.0,717
3,39481491,42521491.0,718
3,42921492,44321491.0,719
3,44321492,45001491.0,720
3,46961490,50317430.0,721
3,52194016,53234015.0,722
3,53314016,53954026.0,723
3,53954027,56554027.0,724
3,56594028,57034027.0,725
3,57985727,58545726.0,726
3,61545674,62185673.0,727
3,62585675,63265675.0,728
3,63305676,63825675.0,729
3,66290424,66930423.0,730
3,66930424,67810423.0,731
3,69049151,70489150.0,732
3,70529151,71729150.0,733
3,71769151,73169150.0,734
3,73169151,75489150.0,735
3,75729151,77329150.0,736
3,78729150,79089149.0,737
3,79129150,80769150.0,738
3,81329151,83689150.0,739
3,86729150,88209149.0,740
3,97438844,99518843.0,741
3,99518844,99998843.0,742
3,99998844,101358843.0,743
3,101398844,103478843.0,744
3,104238844,105278843.0,745
3,105278844,106878846.0,746
3,106918847,108638846.0,747
3,109158847,111358846.0,748
3,111358847,111798846.0,749
3,111798847,112278846.0,750
3,112278847,112758846.0,751
3,112758847,113038846.0,752
3,113838847,114918846.0,753
3,114918847,115558846.0,754
3,115598847,118918846.0,755
3,118958847,121078846.0,756
3,121198847,122078846.0,757
3,122078847,122998846.0,758
3,123318847,124438846.0,759
3,125638843,126198842.0,760
3,126198843,127278842.0,761
3,127278843,128318842.0,762
3,128358843,129038842.0,763
3,129078843,129718842.0,764
3,129838843,132118843.0,765
3,134278842,135518841.0,766
3,135758842,136758841.0,767
3,136798842,137758841.0,768
3,137878842,140918841.0,769
3,140998842,142038841.0,770
3,142278842,142758841.0,771
3,142758842,143438841.0,772
3,146477787,148677786.0,773
3,148677787,150237786.0,774
3,150877787,151637787.0,775
3,151717789,152717788.0,776
3,152717789,154037788.0,777
3,154037789,155517788.0,778
3,155597789,156917788.0,779
3,157237789,158357788.0,780
3,160277788,161157787.0,781
3,161197788,162757787.0,782
3,163637788,164917787.0,783
3,164957788,167077787.0,784
3,167677788,168677787.0,785
3,168837788,169477787.0,786
3,169477788,170597788.0,787
3,170597789,171317789.0,788
3,171317790,172437789.0,789
3,176557788,178717787.0,790
3,178717788,179317787.0,791
3,179317788,180317787.0,792
3,180477788,182437787.0,793
3,182797788,184037787.0,794
3,184037788,185037787.0,795
3,185317788,186277788.0,796
3,186277789,186517788.0,797
3,186917788,187477787.0,798
3,187477788,188917788.0,799
3,188957789,189637788.0,800
3,189677789,190397788.0,801
3,190837789,192197788.0,802
3,192237789,193317788.0,803
3,193317789,194360728.0,804
3,194360729,195326870.0,805
4,3641727,6121726.0,806
4,12721624,13561623.0,807
4,13601624,15201623.0,808
4,16281623,17481622.0,809
4,17521623,18601622.0,810
4,18641623,20721622.0,811
4,20721623,21481622.0,812
4,21801623,22361622.0,813
4,22401623,22761622.0,814
4,22881623,23721622.0,815
4,25401622,27041621.0,816
4,27041622,30641621.0,817
4,30681622,33001621.0,818
4,33361622,36001621.0,819
4,36361622,37401621.0,820
4,40882017,41242016.0,821
4,41242017,41922016.0,822
4,42242017,42882016.0,823
4,42922017,44682016.0,824
4,44722017,47442016.0,825
4,47442017,49322016.0,826
4,52666166,55146166.0,827
4,57906166,61145717.0,828
4,61385718,63625717.0,829
4,63825718,65465717.0,830
4,65545718,68265717.0,831
4,68305718,69065717.0,832
4,69105718,70505717.0,833
4,71465717,73905716.0,834
4,73905717,75025716.0,835
4,75225717,75645209.0,836
4,75765210,76445209.0,837
4,76445210,76801152.0,838
4,76801153,78801153.0,839
4,78801154,79841153.0,840
4,79841154,81161153.0,841
4,81241154,82281153.0,842
4,83361153,84201152.0,843
4,84401153,85921152.0,844
4,85921153,87041152.0,845
4,87361153,87801152.0,846
4,90041151,90881150.0,847
4,91241151,93161150.0,848
4,93361151,95041150.0,849
4,95161151,99001150.0,850
4,99001151,99881150.0,851
4,100881157,103241156.0,852
4,103321157,104041156.0,853
4,104081157,104841156.0,854
4,104881157,106721156.0,855
4,108641156,108841155.0,856
4,108881156,109521155.0,857
4,109521156,110321155.0,858
4,110321156,110881155.0,859
4,110921156,111481155.0,860
4,111481156,113001155.0,861
4,113001156,113561155.0,862
4,113721156,115681155.0,863
4,115761156,116881155.0,864
4,119481155,120241154.0,865
4,120441155,122681154.0,866
4,122721155,123881154.0,867
4,123921155,125201154.0,868
4,125241155,126201154.0,869
4,126201155,128681154.0,870
4,128921155,133641154.0,871
4,138001154,139921153.0,872
4,139921154,141281153.0,873
4,141281154,141721153.0,874
4,146001152,146561151.0,875
4,148561151,150841151.0,876
4,150881152,151161151.0,877
4,151161152,151921151.0,878
4,152001152,153281151.0,879
4,153321152,153681151.0,880
4,153681152,154681151.0,881
4,154681152,156321151.0,882
4,156321152,156881151.0,883
4,156881152,158081151.0,884
4,158121152,159561151.0,885
4,159601152,160401151.0,886
4,160401152,162921151.0,887
4,163401152,166001151.0,888
4,169081151,171041150.0,889
4,171041151,173841150.0,890
4,173881151,175081150.0,891
4,175241151,177281150.0,892
4,177281151,177961153.0,893
4,178041154,180321153.0,894
4,181561153,184361152.0,895
4,184361153,185601153.0,896
4,185681154,186041153.0,897
4,186361154,187161153.0,898
4,187201154,191044275.0,899
5,10000,5400112.0,900
5,5440113,6760112.0,901
5,6800113,7880112.0,902
5,13960109,14320108.0,903
5,14680109,15040108.0,904
5,15040109,16080108.0,905
5,16720109,17200108.0,906
5,17200109,18360108.0,907
5,18400109,21280108.0,908
5,21840109,23800108.0,909
5,24200109,26520108.0,910
5,29000107,31440106.0,911
5,32080106,33400105.0,912
5,34360105,34920104.0,913
5,36040102,36720101.0,914
5,36720102,37360101.0,915
5,37400102,38200101.0,916
5,38400102,38920101.0,917
5,39120102,40880101.0,918
5,40880102,41840101.0,919
5,41840102,43440101.0,920
5,43680102,45800101.0,921
5,45840102,46400101.0,922
5,54495828,54975827.0,923
5,55495827,56575826.0,924
5,56575827,58175826.0,925
5,59095826,59935826.0,926
5,60175827,61535826.0,927
5,61735827,63375826.0,928
5,63415827,64895826.0,929
5,64895827,65455827.0,930
5,65535828,67575827.0,931
5,70615827,72735826.0,932
5,72815825,75015824.0,933
5,75015825,75535824.0,934
5,75615825,76095824.0,935
5,79975819,80575818.0,936
5,80575819,81575818.0,937
5,81575819,82935818.0,938
5,86335817,86695816.0,939
5,86735817,87975816.0,940
5,88015817,89975816.0,941
5,90095817,90735816.0,942
5,93495705,94215704.0,943
5,94295704,94775703.0,944
5,94815704,96535703.0,945
5,96535704,98375703.0,946
5,98535704,101095703.0,947
5,102855701,107455700.0,948
5,107735701,108815700.0,949
5,109015701,110015700.0,950
5,111535697,112255696.0,951
5,112295697,112895696.0,952
5,112935697,114615696.0,953
5,114615697,115175696.0,954
5,118295695,118775694.0,955
5,118895695,119815694.0,956
5,119935695,121495694.0,957
5,125655692,125935691.0,958
5,125975692,126855691.0,959
5,126855692,127535691.0,960
5,127535692,129095692.0,961
5,129135693,130495692.0,962
5,130775693,131495692.0,963
5,135575688,136935688.0,964
5,136935689,138735688.0,965
5,139739585,140099584.0,966
5,140139585,140979566.0,967
5,141979565,143219564.0,968
5,143579563,145419562.0,969
5,145859563,146579562.0,970
5,146979563,148979562.0,971
5,148979563,149819562.0,972
5,150779561,151139560.0,973
5,153379560,154019559.0,974
5,154019560,154339559.0,975
5,154339560,156587010.0,976
5,162907006,164747005.0,977
5,164947005,167667004.0,978
5,170187004,170787003.0,979
5,172387003,173427002.0,980
5,173427003,173747002.0,981
5,177347001,180747000.0,982
6,3040234,4040233.0,983
6,4160234,4960233.0,984
6,6640233,7640232.0,985
6,7720233,8080232.0,986
6,8240233,10480232.0,987
6,10840233,11520232.0,988
6,13320232,13720231.0,989
6,13840231,15640230.0,990
6,15680231,16240230.0,991
6,16240231,17120230.0,992
6,17120231,18160230.0,993
6,18320231,20080230.0,994
6,24440228,26000227.0,995
6,26040228,27887777.0,996
6,29687777,30047776.0,997
6,30407777,33287776.0,998
6,33647777,35247776.0,999
6,35447777,36567776.0,1000
6,36967776,37207775.0,1001
6,37247776,38687775.0,1002
6,38927776,41647737.0,1003
6,41687738,42527737.0,1004
6,42527738,43127737.0,1005
6,43607737,44247736.0,1006
6,44287737,45927736.0,1007
6,50047713,50607712.0,1008
6,52144798,52544797.0,1009
6,52984798,53624797.0,1010
6,53664798,55064797.0,1011
6,55104798,56184797.0,1012
6,69309892,70909703.0,1013
6,71869703,72869702.0,1014
6,73109702,74109722.0,1015
6,74349723,76309715.0,1016
6,76549717,77949716.0,1017
6,78189717,79589716.0,1018
6,79589717,80589716.0,1019
6,80589717,82829716.0,1020
6,82949717,84269718.0,1021
6,86389718,87709717.0,1022
6,87749718,89669718.0,1023
6,89669719,90549718.0,1024
6,90549719,91309718.0,1025
6,96967876,97847875.0,1026
6,97887876,99767875.0,1027
6,99847876,101127875.0,1028
6,105447875,106767874.0,1029
6,107361204,108001203.0,1030
6,108841203,109801202.0,1031
6,109841203,110801202.0,1032
6,110801203,111321202.0,1033
6,111561203,112001202.0,1034
6,112001203,112361202.0,1035
6,112481202,114321163.0,1036
6,116521163,116961162.0,1037
6,117121163,117961162.0,1038
6,118201163,119121162.0,1039
6,119241165,121641145.0,1040
6,121721146,122601145.0,1041
6,122681145,123681144.0,1042
6,123681145,125161145.0,1043
6,125201146,125441145.0,1044
6,125601146,126321145.0,1045
6,127601145,129761144.0,1046
6,129801145,130361144.0,1047
6,131481140,131961139.0,1048
6,134241138,134441137.0,1049
6,134441138,135281137.0,1050
6,135361138,136881137.0,1051
6,138001137,139121136.0,1052
6,139121137,142441136.0,1053
6,142441137,142721136.0,1054
6,142801137,143841136.0,1055
6,143881137,144401136.0,1056
6,144881136,146041135.0,1057
6,146041136,147121135.0,1058
6,147121136,147641135.0,1059
6,147681136,148841135.0,1060
6,148881136,149321135.0,1061
6,149321136,149841135.0,1062
6,150361136,151161135.0,1063
6,151721135,152721134.0,1064
6,152721135,154401134.0,1065
6,157701032,159061031.0,1066
6,159101032,159421031.0,1067
6,159541032,161061031.0,1068
6,161101032,161781031.0,1069
6,161781032,163181031.0,1070
6,166613488,167613487.0,1071
7,5519631,5799630.0,1072
7,5999631,6559630.0,1073
7,13319625,14759624.0,1074
7,14759625,16639624.0,1075
7,18759623,19719622.0,1076
7,19719623,20679622.0,1077
7,22119618,22559618.0,1078
7,22559619,23119618.0,1079
7,23319619,24799618.0,1080
7,24839619,25199618.0,1081
7,25199619,27239618.0,1082
7,27239619,27639618.0,1083
7,27719619,28279618.0,1084
7,30159616,30679615.0,1085
7,32759612,35079611.0,1086
7,36399609,37879601.0,1087
7,41919598,42919598.0,1088
7,42959599,43999598.0,1089
7,44039599,45039598.0,1090
7,50079596,51467696.0,1091
7,53347693,54787692.0,1092
7,69664986,70304985.0,1093
7,70304986,72265017.0,1094
7,75109277,76029316.0,1095
7,78869316,79669315.0,1096
7,79669316,81069315.0,1097
7,81109316,82429315.0,1098
7,82989316,83389315.0,1099
7,83429316,84669315.0,1100
7,84669316,85509315.0,1101
7,85509316,86789315.0,1102
7,89749314,90669314.0,1103
7,91509314,92109313.0,1104
7,94029312,95349311.0,1105
7,95349312,97869311.0,1106
7,97869312,98477622.0,1107
7,98477623,99037622.0,1108
7,99037623,99837622.0,1109
7,102320447,103840447.0,1110
7,104560447,105160446.0,1111
7,105800446,106400445.0,1112
7,106800445,107800444.0,1113
7,108200444,111360055.0,1114
7,112160055,112560054.0,1115
7,112600055,113400054.0,1116
7,115760054,116800053.0,1117
7,116880054,117840053.0,1118
7,117920054,120360053.0,1119
7,120440054,121680053.0,1120
7,121720054,123080053.0,1121
7,123080054,123560053.0,1122
7,123640054,124560053.0,1123
7,124680054,127200053.0,1124
7,130524759,131204758.0,1125
7,142326241,143257092.0,1126
7,146937092,148217091.0,1127
7,148257092,148777091.0,1128
7,155592694,157192693.0,1129
8,2337099,4537521.0,1130
8,6257521,7017521.0,1131
8,12377509,13257508.0,1132
8,13257509,13537508.0,1133
8,13537509,14737508.0,1134
8,15097509,17017508.0,1135
8,17057509,17777508.0,1136
8,17777509,18657509.0,1137
8,18737510,19217510.0,1138
8,19217511,20017510.0,1139
8,20257511,21897510.0,1140
8,22017513,22457512.0,1141
8,22457513,24937514.0,1142
8,25017515,26217515.0,1143
8,26497516,27137516.0,1144
8,30057516,30537516.0,1145
8,30697516,31057515.0,1146
8,31057516,32057515.0,1147
8,32137516,33457517.0,1148
8,33497518,36657517.0,1149
8,36697518,37577517.0,1150
8,37617518,38617517.0,1151
8,38657518,38857518.0,1152
8,38977519,41377518.0,1153
8,41737518,42257517.0,1154
8,49872559,52552559.0,1155
8,52752560,53432559.0,1156
8,53472560,55472559.0,1157
8,57232559,58272558.0,1158
8,58312559,59472558.0,1159
8,59592559,61312558.0,1160
8,61312559,62072558.0,1161
8,66512235,67552234.0,1162
8,67552235,68432234.0,1163
8,68712235,70552234.0,1164
8,70912235,71592234.0,1165
8,71592235,73072234.0,1166
8,73152235,73872234.0,1167
8,73912235,74152234.0,1168
8,74192235,75832234.0,1169
8,76032235,79312234.0,1170
8,79352235,80552234.0,1171
8,80552235,81512234.0,1172
8,81512235,82672234.0,1173
8,82832235,86032234.0,1174
8,87612228,90692227.0,1175
8,90732228,92172227.0,1176
8,92172228,94652227.0,1177
8,94652228,94972227.0,1178
8,95012228,95412227.0,1179
8,95732228,96292227.0,1180
8,96292228,97212227.0,1181
8,97252228,99132227.0,1182
8,99132228,101132227.0,1183
8,101132228,101572227.0,1184
8,101572228,103892227.0,1185
8,104092228,104532227.0,1186
8,104572228,105492227.0,1187
8,105532228,106852227.0,1188
8,106852228,107612227.0,1189
8,107932228,108812227.0,1190
8,108812228,109732228.0,1191
8,109852229,110332228.0,1192
8,110372229,110692228.0,1193
8,110772229,111892228.0,1194
8,112412229,112892228.0,1195
8,112892229,113612228.0,1196
8,113732229,114452228.0,1197
8,115492229,118332238.0,1198
8,118332239,119732238.0,1199
8,119732239,120452239.0,1200
8,120492240,120812239.0,1201
8,120812240,121972239.0,1202
8,123652239,124052239.0,1203
8,124252240,125492240.0,1204
8,125492241,126092241.0,1205
8,126092242,126732243.0,1206
8,126732244,127812244.0,1207
8,127812245,128652244.0,1208
8,128732246,130772245.0,1209
8,131092246,131692245.0,1210
8,131732246,133732245.0,1211
8,134492243,135892242.0,1212
8,135892243,136772242.0,1213
8,136852243,139092242.0,1214
8,139132243,139732242.0,1215
8,139732243,140652242.0,1216
8,141650099,142370099.0,1217
8,142450100,144362169.0,1218
9,10000,2839999.0,1219
9,2840000,4279999.0,1220
9,4360000,5639999.0,1221
9,5840000,6799999.0,1222
9,6800000,9959999.0,1223
9,10000000,12599999.0,1224
9,15199998,15639997.0,1225
9,15719998,16879997.0,1226
9,17079998,17479997.0,1227
9,17519998,18199997.0,1228
9,18239998,19039997.0,1229
9,19039998,19479997.0,1230
9,19479998,21159998.0,1231
9,21199999,21799998.0,1232
9,21799999,22239998.0,1233
9,24439998,26519997.0,1234
9,26719998,28119997.0,1235
9,28759998,32359997.0,1236
9,32359998,32999997.0,1237
9,32999998,33279997.0,1238
9,36599997,41745017.0,1239
9,70934916,71614915.0,1240
9,71654916,72534915.0,1241
9,72534916,73214915.0,1242
9,73254916,74614915.0,1243
9,74654916,75254915.0,1244
9,75454916,75694915.0,1245
9,75814916,77374915.0,1246
9,77734916,79014915.0,1247
9,79014916,79734915.0,1248
9,79774916,80774915.0,1249
9,82854915,85814914.0,1250
9,85934915,86174914.0,1251
9,86534915,86934914.0,1252
9,86974915,88414914.0,1253
9,88934915,90534914.0,1254
9,90534915,91814914.0,1255
9,92882282,93642281.0,1256
9,93642282,94842281.0,1257
9,94882282,95442281.0,1258
9,95682282,96362281.0,1259
9,96442282,96722281.0,1260
9,96762282,97002281.0,1261
9,97122282,97922281.0,1262
9,97962282,100402281.0,1263
9,100442282,103362281.0,1264
9,103362282,104202281.0,1265
9,107522281,108282280.0,1266
9,108562281,109962280.0,1267
9,111602280,112122279.0,1268
9,112282280,112922279.0,1269
9,113162280,114122279.0,1270
9,114122280,115842279.0,1271
9,116202280,117082279.0,1272
9,123322278,125562278.0,1273
9,125762279,126122278.0,1274
9,126162279,127522278.0,1275
9,127602279,129442278.0,1276
9,129682279,130882278.0,1277
9,130882279,131762278.0,1278
9,131882279,132402278.0,1279
9,132402279,137025121.0,1280
X,2918041,7888040.0,1281
X,7968041,8688040.0,1282
X,10128040,10608039.0,1283
X,10818119,11138119.0,1284
X,20178118,21778117.0,1285
X,23658117,27338116.0,1286
X,27538117,30578116.0,1287
X,30578117,32298116.0,1288
X,32418117,34338116.0,1289
X,37299253,38059252.0,1290
X,40499252,41139252.0,1291
X,52989192,55106432.0,1292
X,61699470,64739879.0,1293
X,64779880,67379841.0,1294
X,68059843,68539842.0,1295
X,77655497,82975007.0,1296
X,114554567,114954319.0,1297
X,114996333,117413962.0,1298
X,117453963,119093962.0,1299
X,130093974,130814013.0,1300
X,130894028,132814027.0,1301
X,142647847,144281519.0,1302
X,149928472,152008543.0,1303
