chr,k,n_tissues_universal
1,1,0
1,2,1
1,3,0
1,4,1
1,5,1
1,6,0
1,7,1
1,8,0
1,9,0
1,10,0
1,11,0
1,12,0
1,13,0
1,14,0
1,15,0
1,16,0
1,17,0
1,18,0
1,19,0
1,20,0
1,21,0
1,22,0
1,23,0
1,24,0
1,25,0
1,26,0
1,27,0
1,28,0
1,29,0
1,30,0
1,31,1
1,32,0
1,33,0
1,34,0
1,35,0
1,36,0
1,37,0
1,38,1
1,39,0
1,40,0
1,41,0
1,42,0
1,43,0
1,44,0
1,45,0
1,46,0
1,47,0
1,48,0
1,49,0
1,50,1
1,51,0
1,52,0
1,53,0
1,54,0
1,55,0
1,56,0
1,57,0
1,58,0
1,59,0
1,60,0
1,61,0
1,62,0
1,63,0
1,64,0
1,65,0
1,66,2
1,67,0
1,68,0
1,69,0
1,70,0
1,71,2
1,72,0
1,73,1
1,74,0
1,75,0
1,76,0
1,77,0
1,78,0
1,79,0
1,80,0
1,81,0
1,82,0
1,83,0
1,84,0
1,85,0
1,86,0
1,87,0
1,88,0
1,89,0
1,90,0
1,91,0
1,92,0
1,93,0
1,94,0
1,95,0
1,96,0
1,97,0
1,98,0
1,99,0
1,100,0
1,101,0
1,102,0
1,103,0
1,104,0
1,105,0
1,106,0
1,107,0
1,108,0
1,109,0
1,110,0
1,111,0
1,112,0
1,113,0
1,114,0
1,115,0
1,116,0
1,117,3
1,118,0
1,119,0
1,120,0
1,121,0
1,122,0
1,123,1
1,124,0
1,125,0
1,126,0
1,127,0
1,128,0
1,129,0
1,130,0
1,131,0
1,132,0
1,133,0
1,134,0
1,135,0
1,136,0
1,137,0
1,138,0
1,139,0
1,140,0
1,141,0
1,142,0
1,143,0
1,144,0
1,145,0
1,146,0
1,147,0
1,148,0
1,149,0
1,150,0
1,151,0
1,152,0
1,153,0
1,154,0
1,155,0
1,156,0
1,157,0
1,158,0
1,159,0
1,160,0
1,161,3
1,162,0
1,163,0
1,164,0
1,165,0
1,166,0
1,167,0
1,168,0
1,169,0
1,170,0
1,171,0
1,172,0
1,173,0
1,174,0
1,175,0
1,176,0
1,177,0
1,178,0
1,179,0
1,180,0
1,181,0
1,182,0
1,183,0
1,184,0
1,185,4
1,186,0
1,187,0
1,188,0
1,189,0
1,190,0
1,191,0
1,192,0
1,193,0
1,194,0
1,195,0
1,196,0
1,197,0
1,198,0
1,199,0
1,200,0
1,201,0
1,202,0
1,203,0
1,204,0
1,205,0
1,206,1
1,207,0
1,208,0
1,209,0
1,210,0
1,211,0
1,212,0
1,213,0
1,214,0
1,215,0
1,216,1
1,217,0
1,218,0
1,219,1
1,220,0
1,221,0
1,222,0
1,223,0
1,224,0
1,225,0
1,226,0
1,227,0
1,228,0
1,229,0
1,230,0
1,231,0
1,232,0
1,233,0
1,234,0
1,235,0
1,236,0
1,237,0
1,238,0
1,239,0
1,240,0
1,241,0
1,242,0
1,243,0
1,244,2
1,245,0
1,246,0
1,247,0
1,248,0
1,249,7
1,250,0
1,251,0
1,252,0
1,253,0
1,254,0
1,255,0
1,256,0
1,257,0
1,258,0
1,259,0
1,260,1
1,261,1
1,262,0
1,263,2
1,264,0
1,265,0
1,266,0
1,267,0
1,268,0
1,269,0
1,270,0
1,271,0
1,272,0
1,273,0
1,274,0
1,275,0
1,276,0
1,277,0
1,278,0
1,279,1
1,280,0
1,281,0
1,282,0
1,283,0
1,284,0
1,285,0
1,286,0
1,287,0
1,288,0
1,289,0
1,290,0
1,291,0
1,292,0
1,293,0
1,294,1
1,295,0
1,296,0
1,297,0
1,298,0
1,299,0
1,300,0
1,301,0
1,302,0
1,303,0
1,304,1
1,305,0
1,306,0
1,307,0
1,308,0
1,309,0
1,310,0
1,311,0
1,312,0
1,313,0
1,314,0
1,315,0
1,316,0
1,317,0
1,318,0
1,319,0
1,320,1
1,321,0
1,322,0
1,323,0
1,324,0
1,325,0
1,326,0
1,327,0
1,328,0
1,329,0
1,330,0
1,331,0
1,332,1
1,333,0
1,334,0
1,335,0
1,336,0
1,337,0
1,338,0
1,339,0
1,340,1
1,341,2
1,342,0
1,343,0
1,344,0
1,345,0
1,346,3
1,347,0
1,348,0
1,349,0
1,350,0
1,351,0
1,352,0
1,353,1
1,354,0
1,355,0
1,356,1
1,357,0
1,358,0
1,359,0
1,360,0
1,361,0
1,362,0
1,363,0
1,364,0
1,365,0
1,366,2
1,367,0
1,368,0
1,369,0
1,370,0
1,371,0
1,372,0
1,373,0
1,374,0
1,375,0
1,376,1
1,377,0
1,378,0
1,379,0
1,380,0
1,381,0
1,382,0
1,383,0
1,384,0
1,385,0
1,386,0
1,387,1
1,388,0
1,389,3
1,390,0
1,391,0
1,392,0
1,393,0
1,394,0
1,395,0
1,396,0
1,397,0
1,398,0
1,399,0
1,400,0
1,401,0
1,402,0
1,403,0
1,404,0
1,405,0
1,406,0
1,407,0
1,408,0
1,409,0
1,410,0
1,411,0
1,412,0
1,413,0
1,414,0
1,415,0
1,416,0
1,417,0
1,418,2
1,419,0
1,420,0
1,421,0
1,422,0
1,423,0
1,424,0
1,425,0
1,426,0
1,427,0
1,428,0
1,429,0
1,430,0
1,431,1
1,432,0
1,433,0
1,434,0
1,435,0
1,436,0
1,437,0
1,438,1
1,439,0
1,440,0
1,441,0
1,442,0
1,443,0
1,444,0
1,445,1
1,446,0
1,447,0
1,448,0
1,449,0
1,450,0
1,451,0
1,452,0
1,453,0
1,454,0
1,455,0
1,456,0
1,457,0
1,458,0
1,459,0
1,460,2
1,461,0
1,462,0
1,463,0
1,464,0
1,465,0
1,466,0
1,467,0
1,468,0
1,469,0
1,470,0
1,471,0
1,472,0
1,473,0
1,474,0
1,475,0
1,476,0
1,477,0
1,478,0
1,479,0
1,480,0
1,481,0
1,482,0
1,483,1
1,484,0
1,485,0
1,486,0
1,487,0
1,488,0
1,489,0
1,490,0
1,491,0
1,492,0
1,493,2
1,494,0
1,495,4
1,496,0
1,497,0
1,498,0
1,499,0
1,500,0
1,501,1
1,502,0
1,503,0
1,504,0
1,505,0
1,506,0
1,507,0
1,508,1
1,509,0
1,510,0
1,511,0
1,512,0
1,513,0
1,514,0
1,515,0
1,516,0
1,517,0
1,518,1
1,519,0
1,520,0
1,521,0
1,522,0
1,523,0
1,524,0
1,525,0
1,526,0
1,527,0
1,528,3
1,529,0
1,530,0
1,531,0
1,532,0
1,533,0
1,534,0
1,535,0
1,536,0
1,537,0
1,538,0
1,539,0
1,540,0
1,541,0
1,542,0
1,543,0
1,544,0
1,545,0
1,546,0
1,547,0
1,548,0
1,549,0
1,550,0
1,551,0
1,552,0
1,553,0
1,554,0
1,555,0
1,556,0
1,557,0
1,558,0
1,559,1
1,560,0
1,561,0
1,562,0
1,563,0
1,564,1
1,565,0
1,566,1
1,567,2
1,568,1
1,569,0
1,570,0
1,571,0
1,572,1
1,573,0
1,574,0
1,575,0
1,576,0
1,577,0
1,578,0
1,579,0
1,580,0
1,581,0
1,582,0
1,583,0
1,584,0
1,585,0
1,586,0
1,587,0
1,588,0
1,589,0
1,590,0
1,591,0
1,592,0
1,593,0
1,594,0
1,595,0
1,596,0
1,597,0
1,598,0
1,599,0
1,600,0
1,601,0
1,602,0
1,603,0
1,604,0
1,605,0
1,606,1
1,607,0
1,608,0
1,609,0
1,610,0
1,611,0
1,612,0
1,613,0
1,614,0
1,615,0
1,616,0
1,617,0
1,618,0
1,619,1
1,620,2
1,621,0
1,622,0
1,623,0
1,624,2
1,625,0
1,626,0
1,627,0
1,628,0
1,629,0
1,630,0
1,631,1
1,632,0
1,633,0
1,634,0
1,635,0
1,636,0
1,637,0
1,638,0
1,639,0
1,640,0
1,641,0
1,642,0
1,643,2
1,644,0
1,645,0
1,646,0
1,647,0
1,648,0
1,649,0
1,650,0
1,651,0
1,652,2
1,653,1
1,654,0
1,655,0
1,656,0
1,657,0
1,658,0
1,659,0
1,660,0
1,661,0
1,662,0
1,663,0
1,664,0
1,665,0
1,666,0
1,667,0
1,668,0
1,669,0
1,670,0
1,671,0
1,672,0
1,673,0
1,674,0
1,675,0
1,676,2
1,677,0
1,678,0
1,679,0
1,680,0
1,681,0
1,682,0
1,683,0
1,684,0
1,685,0
1,686,0
1,687,0
1,688,0
1,689,0
1,690,0
1,691,0
1,692,0
1,693,0
1,694,0
1,695,0
1,696,0
1,697,0
1,698,0
1,699,2
1,700,0
1,701,0
1,702,0
1,703,0
1,704,0
1,705,0
1,706,0
1,707,0
1,708,0
1,709,0
1,710,0
1,711,0
1,712,0
1,713,0
1,714,0
1,715,0
1,716,1
1,717,0
1,718,0
1,719,0
1,720,0
1,721,0
1,722,0
1,723,0
1,724,0
1,725,0
1,726,0
1,727,0
1,728,0
1,729,0
1,730,0
1,731,0
1,732,0
1,733,0
1,734,0
1,735,1
1,736,1
1,737,0
1,738,0
1,739,0
1,740,0
1,741,0
1,742,0
1,743,0
1,744,2
1,745,0
1,746,0
1,747,0
1,748,0
1,749,0
1,750,0
1,751,0
1,752,0
1,753,0
1,754,0
1,755,0
1,756,0
1,757,0
1,758,0
1,759,0
1,760,0
1,761,0
1,762,0
1,763,0
1,764,0
1,765,0
1,766,0
1,767,0
1,768,0
1,769,0
1,770,0
1,771,0
1,772,0
1,773,0
1,774,0
1,775,0
1,776,1
1,777,3
1,778,0
1,779,0
1,780,0
1,781,0
1,782,0
1,783,0
1,784,0
1,785,0
1,786,0
1,787,11
1,788,0
1,789,0
1,790,0
1,791,0
1,792,0
1,793,0
1,794,0
1,795,0
1,796,0
1,797,0
1,798,0
1,799,0
1,800,0
1,801,0
1,802,0
1,803,1
1,804,0
1,805,0
1,806,0
1,807,0
1,808,0
1,809,0
1,810,0
1,811,0
1,812,0
1,813,0
1,814,0
1,815,0
1,816,0
1,817,0
1,818,0
1,819,0
1,820,0
1,821,0
1,822,0
1,823,0
1,824,1
1,825,0
1,826,0
1,827,0
1,828,0
1,829,0
1,830,0
1,831,0
1,832,0
1,833,0
1,834,0
1,835,0
1,836,0
1,837,0
1,838,0
1,839,0
1,840,0
1,841,0
1,842,1
1,843,0
1,844,0
1,845,0
1,846,0
1,847,0
1,848,0
1,849,0
1,850,0
1,851,0
1,852,5
1,853,1
1,854,1
1,855,0
1,856,1
1,857,0
1,858,0
1,859,0
1,860,0
1,861,1
1,862,1
1,863,2
1,864,0
1,865,0
1,866,0
1,867,1
1,868,2
1,869,0
1,870,1
1,871,0
1,872,1
1,873,0
1,874,0
1,875,0
1,876,0
1,877,1
1,878,0
1,879,0
1,880,0
1,881,0
1,882,0
1,883,0
1,884,0
1,885,2
1,886,0
1,887,0
1,888,2
1,889,0
1,890,0
1,891,0
1,892,0
1,893,0
1,894,0
1,895,0
1,896,0
1,897,0
1,898,0
1,899,0
1,900,0
1,901,1
1,902,0
1,903,0
1,904,0
1,905,0
1,906,0
1,907,0
1,908,0
1,909,0
1,910,2
1,911,0
1,912,0
1,913,0
1,914,0
1,915,0
1,916,0
1,917,0
1,918,0
1,919,0
1,920,0
1,921,0
1,922,0
1,923,0
1,924,1
1,925,0
1,926,0
1,927,0
1,928,0
1,929,0
1,930,0
1,931,0
1,932,0
1,933,0
1,934,0
1,935,0
1,936,0
1,937,0
1,938,0
1,939,0
1,940,0
1,941,0
1,942,0
1,943,0
1,944,0
1,945,0
1,946,0
1,947,0
1,948,0
1,949,0
1,950,2
1,951,0
1,952,0
1,953,0
1,954,0
1,955,0
1,956,0
1,957,0
1,958,0
1,959,0
1,960,0
1,961,0
1,962,0
1,963,0
1,964,0
1,965,0
1,966,0
1,967,0
1,968,0
1,969,0
1,970,0
1,971,0
1,972,3
1,973,0
1,974,0
1,975,7
1,976,1
1,977,0
1,978,3
1,979,0
1,980,0
1,981,0
1,982,0
1,983,0
1,984,1
1,985,0
1,986,0
1,987,0
1,988,0
1,989,0
1,990,0
1,991,1
1,992,0
1,993,0
1,994,0
1,995,0
1,996,0
1,997,0
1,998,0
1,999,0
1,1000,0
1,1001,0
1,1002,0
1,1003,0
1,1004,0
1,1005,0
1,1006,0
1,1007,0
1,1008,0
1,1009,0
1,1010,0
1,1011,0
1,1012,0
1,1013,0
1,1014,0
1,1015,1
1,1016,0
1,1017,0
1,1018,0
1,1019,0
1,1020,0
1,1021,0
1,1022,0
1,1023,0
1,1024,0
1,1025,0
1,1026,0
1,1027,0
1,1028,0
1,1029,0
1,1030,0
1,1031,0
1,1032,0
1,1033,0
2,1,0
2,2,0
2,3,0
2,4,0
2,5,0
2,6,0
2,7,0
2,8,0
2,9,0
2,10,0
2,11,0
2,12,0
2,13,0
2,14,0
2,15,0
2,16,0
2,17,0
2,18,0
2,19,0
2,20,0
2,21,0
2,22,0
2,23,0
2,24,0
2,25,0
2,26,0
2,27,0
2,28,0
2,29,0
2,30,0
2,31,0
2,32,0
2,33,0
2,34,0
2,35,0
2,36,0
2,37,0
2,38,0
2,39,0
2,40,0
2,41,0
2,42,2
2,43,1
2,44,0
2,45,0
2,46,0
2,47,0
2,48,0
2,49,0
2,50,0
2,51,0
2,52,0
2,53,0
2,54,0
2,55,0
2,56,1
2,57,4
2,58,0
2,59,3
2,60,0
2,61,0
2,62,1
2,63,0
2,64,0
2,65,0
2,66,0
2,67,0
2,68,0
2,69,0
2,70,1
2,71,0
2,72,0
2,73,0
2,74,0
2,75,0
2,76,0
2,77,0
2,78,0
2,79,4
2,80,0
2,81,0
2,82,0
2,83,0
2,84,0
2,85,0
2,86,0
2,87,0
2,88,0
2,89,0
2,90,0
2,91,0
2,92,0
2,93,0
2,94,0
2,95,0
2,96,0
2,97,0
2,98,1
2,99,0
2,100,0
2,101,0
2,102,0
2,103,0
2,104,0
2,105,0
2,106,0
2,107,0
2,108,1
2,109,0
2,110,2
2,111,0
2,112,0
2,113,0
2,114,4
2,115,0
2,116,0
2,117,0
2,118,0
2,119,0
2,120,2
2,121,0
2,122,0
2,123,0
2,124,0
2,125,0
2,126,0
2,127,0
2,128,0
2,129,0
2,130,0
2,131,0
2,132,0
2,133,0
2,134,1
2,135,0
2,136,0
2,137,0
2,138,0
2,139,0
2,140,0
2,141,0
2,142,0
2,143,0
2,144,4
2,145,0
2,146,1
2,147,0
2,148,1
2,149,1
2,150,0
2,151,0
2,152,0
2,153,0
2,154,0
2,155,0
2,156,0
2,157,0
2,158,0
2,159,0
2,160,0
2,161,0
2,162,0
2,163,0
2,164,0
2,165,0
2,166,0
2,167,0
2,168,1
2,169,0
2,170,0
2,171,0
2,172,0
2,173,0
2,174,0
2,175,0
2,176,0
2,177,0
2,178,0
2,179,0
2,180,0
2,181,3
2,182,0
2,183,0
2,184,0
2,185,0
2,186,0
2,187,0
2,188,0
2,189,0
2,190,0
2,191,1
2,192,1
2,193,0
2,194,0
2,195,0
2,196,0
2,197,0
2,198,0
2,199,0
2,200,0
2,201,0
2,202,1
2,203,0
2,204,0
2,205,0
2,206,0
2,207,0
2,208,0
2,209,0
2,210,0
2,211,0
2,212,0
2,213,0
2,214,0
2,215,0
2,216,0
2,217,0
2,218,0
2,219,0
2,220,0
2,221,0
2,222,1
2,223,0
2,224,0
2,225,0
2,226,0
2,227,0
2,228,0
2,229,0
2,230,0
2,231,0
2,232,0
2,233,0
2,234,0
2,235,0
2,236,0
2,237,0
2,238,0
2,239,0
2,240,0
2,241,0
2,242,0
2,243,0
2,244,0
2,245,0
2,246,0
2,247,0
2,248,0
2,249,0
2,250,0
2,251,0
2,252,0
2,253,0
2,254,0
2,255,0
2,256,0
2,257,0
2,258,0
2,259,0
2,260,0
2,261,0
2,262,0
2,263,0
2,264,0
2,265,0
2,266,0
2,267,0
2,268,0
2,269,0
2,270,0
2,271,1
2,272,0
2,273,6
2,274,0
2,275,0
2,276,0
2,277,0
2,278,0
2,279,3
2,280,0
2,281,0
2,282,0
2,283,0
2,284,0
2,285,0
2,286,0
2,287,0
2,288,0
2,289,0
2,290,2
2,291,0
2,292,0
2,293,0
2,294,0
2,295,0
2,296,0
2,297,0
2,298,0
2,299,0
2,300,0
2,301,0
2,302,0
2,303,0
2,304,0
2,305,0
2,306,0
2,307,0
2,308,0
2,309,0
2,310,0
2,311,0
2,312,0
2,313,0
2,314,0
2,315,0
2,316,0
2,317,0
2,318,0
2,319,2
2,320,0
2,321,1
2,322,2
2,323,0
2,324,0
2,325,0
2,326,0
2,327,0
2,328,0
2,329,0
2,330,0
2,331,1
2,332,0
2,333,0
2,334,0
2,335,1
2,336,5
2,337,0
2,338,1
2,339,0
2,340,0
2,341,0
2,342,0
2,343,0
2,344,0
2,345,1
2,346,0
2,347,0
2,348,0
2,349,0
2,350,0
2,351,0
2,352,0
2,353,0
2,354,0
2,355,0
2,356,2
2,357,0
2,358,0
2,359,0
2,360,1
2,361,0
2,362,0
2,363,0
2,364,0
2,365,0
2,366,0
2,367,0
2,368,0
2,369,0
2,370,0
2,371,1
2,372,0
2,373,0
2,374,0
2,375,0
2,376,0
2,377,0
2,378,0
2,379,0
2,380,0
2,381,0
2,382,0
2,383,0
2,384,0
2,385,0
2,386,0
2,387,0
2,388,0
2,389,0
2,390,0
2,391,0
2,392,1
2,393,0
2,394,0
2,395,1
2,396,0
2,397,0
2,398,0
2,399,0
2,400,0
2,401,0
2,402,0
2,403,0
2,404,0
2,405,0
2,406,0
2,407,0
2,408,0
2,409,0
2,410,1
2,411,0
2,412,0
2,413,0
2,414,0
2,415,0
2,416,0
2,417,0
2,418,0
2,419,0
2,420,0
2,421,0
2,422,0
2,423,1
2,424,0
2,425,0
2,426,0
2,427,0
2,428,0
2,429,0
2,430,0
2,431,0
2,432,0
2,433,0
2,434,0
2,435,0
2,436,0
2,437,0
2,438,0
2,439,0
2,440,0
2,441,0
2,442,0
2,443,0
2,444,0
2,445,0
2,446,2
2,447,0
2,448,1
2,449,0
2,450,0
2,451,0
2,452,0
2,453,0
2,454,3
2,455,8
2,456,0
2,457,0
2,458,0
2,459,0
2,460,0
2,461,0
2,462,0
2,463,0
2,464,0
2,465,3
2,466,0
2,467,0
2,468,0
2,469,0
2,470,0
2,471,0
2,472,0
2,473,0
2,474,0
2,475,0
2,476,0
2,477,0
2,478,0
2,479,0
2,480,0
2,481,1
2,482,0
2,483,0
2,484,0
2,485,0
2,486,0
2,487,0
2,488,0
2,489,0
2,490,0
2,491,0
2,492,0
2,493,0
2,494,0
2,495,0
2,496,0
2,497,0
2,498,6
2,499,0
2,500,0
2,501,0
2,502,0
2,503,1
2,504,0
2,505,0
2,506,0
2,507,0
2,508,0
2,509,0
2,510,0
2,511,0
2,512,0
2,513,0
2,514,0
2,515,0
2,516,0
2,517,0
2,518,0
2,519,0
2,520,0
2,521,0
2,522,0
2,523,0
2,524,0
2,525,0
2,526,0
2,527,1
2,528,0
2,529,0
2,530,0
2,531,0
2,532,0
2,533,0
2,534,0
2,535,0
2,536,0
2,537,1
2,538,0
2,539,1
2,540,0
2,541,0
2,542,0
2,543,0
2,544,0
2,545,1
2,546,0
2,547,1
2,548,0
2,549,0
2,550,0
2,551,0
2,552,0
2,553,0
2,554,0
2,555,0
2,556,0
2,557,0
2,558,0
2,559,0
2,560,0
2,561,0
2,562,0
2,563,0
2,564,0
2,565,0
2,566,0
2,567,0
2,568,0
2,569,0
2,570,3
2,571,0
2,572,0
2,573,0
2,574,0
2,575,0
2,576,0
2,577,0
2,578,0
2,579,0
2,580,0
2,581,1
2,582,0
2,583,0
2,584,0
2,585,0
2,586,2
2,587,0
2,588,0
2,589,0
2,590,0
2,591,0
2,592,0
2,593,0
2,594,0
2,595,0
2,596,0
2,597,0
2,598,0
2,599,0
2,600,0
2,601,0
2,602,0
2,603,0
2,604,0
2,605,0
2,606,0
2,607,6
2,608,0
2,609,0
2,610,0
2,611,0
2,612,0
2,613,0
2,614,0
2,615,0
2,616,0
2,617,0
2,618,0
2,619,0
2,620,0
2,621,0
2,622,0
2,623,0
2,624,0
2,625,0
2,626,1
3,1,0
3,2,0
3,3,1
3,4,0
3,5,1
3,6,0
3,7,0
3,8,4
3,9,0
3,10,0
3,11,0
3,12,0
3,13,2
3,14,0
3,15,0
3,16,0
3,17,0
3,18,0
3,19,0
3,20,0
3,21,0
3,22,0
3,23,0
3,24,0
3,25,0
3,26,0
3,27,5
3,28,0
3,29,2
3,30,0
3,31,0
3,32,0
3,33,0
3,34,0
3,35,0
3,36,0
3,37,0
3,38,0
3,39,0
3,40,0
3,41,0
3,42,0
3,43,0
3,44,0
3,45,0
3,46,0
3,47,0
3,48,0
3,49,0
3,50,0
3,51,0
3,52,1
3,53,1
3,54,0
3,55,1
3,56,0
3,57,0
3,58,0
3,59,0
3,60,0
3,61,0
3,62,1
3,63,0
3,64,0
3,65,1
3,66,0
3,67,0
3,68,0
3,69,0
3,70,0
3,71,0
3,72,0
3,73,0
3,74,0
3,75,0
3,76,0
3,77,0
3,78,0
3,79,0
3,80,0
3,81,0
3,82,0
3,83,0
3,84,0
3,85,0
3,86,0
3,87,0
3,88,0
3,89,0
3,90,0
3,91,0
3,92,0
3,93,0
3,94,3
3,95,0
3,96,0
3,97,0
3,98,2
3,99,0
3,100,0
3,101,0
3,102,0
3,103,0
3,104,0
3,105,1
3,106,0
3,107,0
3,108,0
3,109,0
3,110,0
3,111,0
3,112,0
3,113,0
3,114,0
3,115,0
3,116,0
3,117,0
3,118,0
3,119,0
3,120,2
3,121,1
3,122,0
3,123,0
3,124,0
3,125,0
3,126,0
3,127,0
3,128,1
3,129,0
3,130,0
3,131,0
3,132,0
3,133,0
3,134,0
3,135,0
3,136,0
3,137,0
3,138,0
3,139,0
3,140,0
3,141,0
3,142,0
3,143,0
3,144,0
3,145,2
3,146,0
3,147,0
3,148,0
3,149,0
3,150,0
3,151,0
3,152,0
3,153,0
3,154,0
3,155,0
3,156,0
3,157,0
3,158,0
3,159,0
3,160,0
3,161,0
3,162,0
3,163,0
3,164,0
3,165,0
3,166,0
3,167,0
3,168,0
3,169,0
3,170,0
3,171,0
3,172,0
3,173,0
3,174,0
3,175,0
3,176,0
3,177,0
3,178,0
3,179,0
3,180,0
3,181,0
3,182,0
3,183,0
3,184,0
3,185,0
3,186,0
3,187,0
3,188,1
3,189,4
3,190,0
3,191,0
3,192,0
3,193,0
3,194,1
3,195,0
3,196,0
3,197,0
3,198,0
3,199,0
3,200,0
3,201,3
3,202,0
3,203,0
3,204,0
3,205,0
3,206,0
3,207,0
3,208,0
3,209,0
3,210,0
3,211,0
3,212,0
3,213,0
3,214,0
3,215,0
3,216,0
3,217,0
3,218,0
3,219,0
3,220,0
3,221,0
3,222,0
3,223,0
3,224,0
3,225,0
3,226,0
3,227,0
3,228,1
3,229,0
3,230,0
3,231,0
3,232,0
3,233,0
3,234,0
3,235,0
3,236,0
3,237,0
3,238,0
3,239,0
3,240,0
3,241,0
3,242,0
3,243,0
3,244,0
3,245,0
3,246,0
3,247,0
3,248,0
3,249,0
3,250,0
3,251,0
3,252,0
3,253,0
3,254,0
3,255,0
3,256,0
3,257,0
3,258,0
3,259,0
3,260,0
3,261,0
3,262,0
3,263,0
3,264,0
3,265,0
3,266,0
3,267,1
3,268,0
3,269,0
3,270,1
3,271,0
3,272,0
3,273,0
3,274,0
3,275,0
3,276,0
3,277,0
3,278,0
3,279,0
3,280,0
3,281,0
3,282,0
3,283,0
3,284,1
3,285,0
3,286,0
3,287,0
3,288,0
3,289,0
3,290,0
3,291,0
3,292,0
3,293,0
3,294,0
3,295,0
3,296,0
3,297,0
3,298,0
3,299,0
3,300,0
3,301,0
3,302,0
3,303,0
3,304,0
3,305,1
3,306,0
3,307,0
3,308,0
3,309,0
3,310,0
3,311,0
3,312,0
3,313,0
3,314,0
3,315,0
3,316,0
3,317,0
3,318,0
3,319,0
3,320,0
3,321,0
3,322,0
3,323,0
3,324,0
3,325,0
3,326,0
3,327,0
3,328,2
3,329,0
3,330,0
3,331,0
3,332,0
3,333,0
3,334,0
3,335,0
3,336,0
3,337,1
3,338,0
3,339,1
3,340,0
3,341,0
3,342,0
3,343,0
3,344,0
3,345,0
3,346,0
3,347,0
3,348,0
3,349,0
3,350,0
3,351,0
3,352,0
3,353,0
3,354,0
3,355,0
3,356,0
3,357,0
3,358,0
3,359,0
3,360,0
3,361,0
3,362,0
3,363,2
3,364,0
3,365,0
3,366,0
3,367,0
3,368,0
3,369,0
3,370,0
3,371,1
3,372,0
3,373,0
3,374,1
3,375,0
3,376,0
3,377,0
3,378,0
3,379,0
3,380,3
3,381,0
3,382,0
3,383,2
3,384,0
3,385,0
3,386,0
3,387,0
3,388,0
3,389,0
3,390,0
3,391,0
3,392,0
3,393,0
3,394,2
3,395,2
3,396,2
3,397,0
3,398,0
3,399,0
3,400,0
3,401,0
3,402,0
3,403,0
3,404,0
3,405,0
3,406,0
3,407,0
3,408,0
3,409,0
3,410,0
3,411,0
3,412,0
3,413,0
3,414,0
3,415,0
3,416,0
3,417,0
3,418,0
3,419,0
3,420,0
3,421,0
3,422,1
3,423,0
3,424,0
3,425,0
3,426,0
3,427,0
3,428,0
3,429,0
3,430,0
3,431,0
3,432,0
3,433,0
3,434,1
3,435,0
3,436,0
3,437,1
3,438,0
3,439,0
3,440,1
3,441,0
3,442,1
3,443,0
3,444,0
3,445,0
3,446,0
3,447,0
3,448,0
3,449,0
3,450,0
3,451,0
3,452,0
3,453,1
3,454,0
3,455,0
3,456,0
3,457,0
3,458,0
3,459,0
3,460,0
3,461,0
3,462,0
3,463,0
3,464,0
3,465,1
3,466,0
3,467,0
3,468,0
3,469,0
3,470,0
3,471,0
3,472,0
3,473,0
3,474,0
3,475,0
3,476,1
3,477,0
3,478,2
3,479,0
3,480,0
3,481,0
3,482,0
3,483,0
3,484,0
3,485,0
3,486,1
3,487,0
3,488,0
3,489,0
3,490,0
3,491,0
3,492,2
3,493,0
3,494,0
3,495,1
3,496,0
3,497,0
3,498,1
3,499,0
3,500,0
3,501,0
3,502,0
3,503,0
3,504,0
3,505,0
3,506,1
3,507,1
3,508,0
3,509,0
3,510,0
3,511,0
3,512,0
3,513,0
3,514,0
3,515,0
3,516,0
3,517,0
3,518,0
3,519,1
3,520,0
3,521,3
3,522,0
3,523,0
3,524,0
3,525,2
3,526,0
3,527,0
3,528,0
3,529,0
3,530,0
3,531,0
3,532,1
3,533,1
3,534,0
3,535,0
3,536,0
3,537,0
3,538,0
3,539,1
3,540,3
3,541,0
3,542,0
4,1,0
4,2,0
4,3,0
4,4,0
4,5,0
4,6,0
4,7,0
4,8,0
4,9,0
4,10,0
4,11,0
4,12,0
4,13,0
4,14,0
4,15,0
4,16,0
4,17,0
4,18,0
4,19,0
4,20,0
4,21,0
4,22,0
4,23,0
4,24,0
4,25,1
4,26,0
4,27,0
4,28,0
4,29,1
4,30,0
4,31,0
4,32,0
4,33,0
4,34,1
4,35,0
4,36,1
4,37,0
4,38,0
4,39,0
4,40,0
4,41,0
4,42,0
4,43,0
4,44,0
4,45,0
4,46,2
4,47,0
4,48,0
4,49,0
4,50,0
4,51,0
4,52,1
4,53,0
4,54,0
4,55,0
4,56,0
4,57,0
4,58,0
4,59,0
4,60,1
4,61,0
4,62,0
4,63,0
4,64,1
4,65,0
4,66,0
4,67,0
4,68,1
4,69,0
4,70,0
4,71,0
4,72,0
4,73,0
4,74,0
4,75,0
4,76,0
4,77,1
4,78,0
4,79,0
4,80,0
4,81,0
4,82,0
4,83,1
4,84,2
4,85,4
4,86,0
4,87,1
4,88,0
4,89,1
4,90,0
4,91,0
4,92,5
4,93,0
4,94,1
4,95,0
4,96,0
4,97,0
4,98,0
4,99,3
4,100,0
4,101,0
4,102,0
4,103,0
4,104,0
4,105,0
4,106,0
4,107,0
4,108,0
4,109,0
4,110,0
4,111,0
4,112,0
4,113,0
4,114,0
4,115,0
4,116,0
4,117,0
4,118,0
4,119,0
4,120,0
4,121,0
4,122,0
4,123,0
4,124,0
4,125,0
4,126,0
4,127,0
4,128,0
4,129,0
4,130,0
4,131,0
4,132,0
4,133,0
4,134,0
4,135,0
4,136,0
4,137,0
4,138,0
4,139,0
4,140,0
4,141,0
4,142,0
4,143,0
4,144,0
4,145,0
4,146,0
4,147,0
4,148,0
4,149,0
4,150,0
4,151,0
4,152,0
4,153,0
4,154,0
4,155,1
4,156,0
4,157,0
4,158,0
4,159,0
4,160,0
4,161,0
4,162,0
4,163,3
4,164,0
4,165,0
4,166,0
4,167,0
4,168,0
4,169,0
4,170,0
4,171,2
4,172,0
4,173,0
4,174,0
4,175,0
4,176,0
4,177,0
4,178,0
4,179,0
4,180,0
4,181,1
4,182,0
4,183,0
4,184,0
4,185,3
4,186,0
4,187,0
4,188,0
4,189,0
4,190,0
4,191,0
4,192,0
4,193,0
4,194,0
4,195,0
4,196,0
4,197,0
4,198,0
4,199,0
4,200,0
4,201,0
4,202,1
4,203,0
4,204,0
4,205,0
4,206,0
4,207,0
4,208,0
4,209,0
4,210,0
4,211,0
4,212,0
4,213,0
4,214,0
4,215,0
4,216,0
4,217,0
4,218,0
4,219,0
4,220,0
4,221,2
4,222,0
4,223,0
4,224,0
4,225,0
4,226,0
4,227,0
4,228,0
4,229,0
4,230,0
4,231,0
4,232,0
4,233,0
4,234,0
4,235,3
4,236,0
4,237,0
4,238,0
4,239,0
4,240,0
4,241,0
4,242,0
4,243,0
4,244,0
4,245,0
4,246,0
4,247,0
4,248,0
4,249,0
4,250,0
4,251,0
4,252,0
4,253,0
4,254,0
4,255,0
4,256,0
4,257,0
4,258,0
4,259,0
4,260,0
4,261,0
4,262,0
4,263,4
4,264,1
4,265,0
4,266,0
4,267,0
4,268,0
4,269,0
4,270,0
4,271,0
4,272,0
4,273,0
4,274,1
4,275,0
4,276,0
4,277,0
4,278,0
4,279,0
4,280,0
4,281,0
4,282,1
4,283,0
4,284,0
4,285,0
4,286,0
4,287,0
4,288,0
4,289,0
4,290,0
4,291,0
4,292,5
4,293,0
4,294,1
4,295,0
4,296,0
4,297,0
4,298,0
4,299,0
4,300,0
4,301,0
4,302,0
4,303,0
4,304,0
4,305,0
4,306,0
4,307,0
4,308,0
4,309,0
4,310,0
4,311,0
4,312,0
4,313,0
4,314,0
4,315,0
4,316,0
4,317,0
4,318,0
4,319,1
4,320,0
4,321,0
4,322,0
4,323,0
4,324,1
4,325,0
4,326,0
4,327,1
4,328,0
4,329,0
4,330,0
4,331,0
4,332,0
4,333,0
4,334,0
4,335,0
4,336,0
4,337,0
4,338,0
4,339,1
4,340,0
4,341,0
4,342,0
4,343,0
4,344,0
4,345,0
4,346,0
4,347,0
4,348,0
4,349,0
4,350,0
4,351,0
4,352,0
4,353,0
4,354,0
4,355,0
4,356,0
4,357,0
4,358,0
4,359,0
4,360,0
4,361,0
4,362,0
4,363,2
4,364,0
4,365,0
4,366,0
4,367,0
4,368,1
4,369,0
4,370,0
4,371,1
4,372,2
4,373,0
4,374,0
4,375,0
4,376,0
4,377,1
4,378,0
4,379,0
5,1,1
5,2,0
5,3,0
5,4,1
5,5,8
5,6,0
5,7,0
5,8,0
5,9,0
5,10,0
5,11,1
5,12,0
5,13,0
5,14,0
5,15,0
5,16,0
5,17,0
5,18,0
5,19,0
5,20,1
5,21,0
5,22,0
5,23,0
5,24,0
5,25,0
5,26,0
5,27,0
5,28,0
5,29,1
5,30,0
5,31,0
5,32,1
5,33,0
5,34,0
5,35,0
5,36,0
5,37,0
5,38,0
5,39,0
5,40,0
5,41,0
5,42,0
5,43,0
5,44,0
5,45,0
5,46,0
5,47,0
5,48,0
5,49,0
5,50,0
5,51,0
5,52,0
5,53,0
5,54,0
5,55,0
5,56,0
5,57,0
5,58,0
5,59,0
5,60,0
5,61,0
5,62,0
5,63,0
5,64,0
5,65,0
5,66,0
5,67,0
5,68,0
5,69,0
5,70,0
5,71,0
5,72,0
5,73,0
5,74,0
5,75,0
5,76,0
5,77,0
5,78,0
5,79,0
5,80,0
5,81,0
5,82,0
5,83,0
5,84,0
5,85,0
5,86,0
5,87,0
5,88,5
5,89,0
5,90,0
5,91,0
5,92,0
5,93,0
5,94,0
5,95,0
5,96,1
5,97,0
5,98,0
5,99,0
5,100,0
5,101,0
5,102,1
5,103,0
5,104,0
5,105,2
5,106,0
5,107,4
5,108,0
5,109,0
5,110,0
5,111,0
5,112,0
5,113,0
5,114,0
5,115,0
5,116,0
5,117,0
5,118,0
5,119,0
5,120,0
5,121,0
5,122,0
5,123,0
5,124,0
5,125,1
5,126,0
5,127,0
5,128,0
5,129,0
5,130,0
5,131,0
5,132,0
5,133,0
5,134,0
5,135,0
5,136,0
5,137,0
5,138,0
5,139,0
5,140,0
5,141,0
5,142,0
5,143,0
5,144,0
5,145,0
5,146,0
5,147,0
5,148,0
5,149,0
5,150,0
5,151,0
5,152,0
5,153,0
5,154,0
5,155,0
5,156,0
5,157,0
5,158,0
5,159,0
5,160,0
5,161,0
5,162,0
5,163,0
5,164,0
5,165,0
5,166,0
5,167,0
5,168,0
5,169,0
5,170,0
5,171,0
5,172,0
5,173,0
5,174,0
5,175,0
5,176,2
5,177,0
5,178,1
5,179,0
5,180,0
5,181,0
5,182,1
5,183,0
5,184,0
5,185,0
5,186,0
5,187,0
5,188,0
5,189,0
5,190,0
5,191,0
5,192,0
5,193,0
5,194,0
5,195,0
5,196,0
5,197,0
5,198,0
5,199,0
5,200,0
5,201,1
5,202,0
5,203,0
5,204,0
5,205,0
5,206,0
5,207,0
5,208,0
5,209,0
5,210,0
5,211,0
5,212,0
5,213,0
5,214,0
5,215,0
5,216,1
5,217,0
5,218,0
5,219,0
5,220,0
5,221,0
5,222,0
5,223,0
5,224,0
5,225,0
5,226,0
5,227,0
5,228,0
5,229,0
5,230,0
5,231,0
5,232,0
5,233,0
5,234,0
5,235,0
5,236,0
5,237,0
5,238,0
5,239,0
5,240,1
5,241,0
5,242,0
5,243,0
5,244,0
5,245,0
5,246,0
5,247,2
5,248,0
5,249,0
5,250,0
5,251,0
5,252,0
5,253,0
5,254,0
5,255,0
5,256,0
5,257,0
5,258,0
5,259,0
5,260,0
5,261,3
5,262,0
5,263,2
5,264,0
5,265,0
5,266,0
5,267,0
5,268,0
5,269,0
5,270,0
5,271,0
5,272,0
5,273,0
5,274,0
5,275,0
5,276,0
5,277,0
5,278,0
5,279,0
5,280,0
5,281,0
5,282,0
5,283,0
5,284,0
5,285,0
5,286,1
5,287,0
5,288,0
5,289,1
5,290,0
5,291,0
5,292,0
5,293,0
5,294,0
5,295,1
5,296,0
5,297,0
5,298,0
5,299,0
5,300,0
5,301,1
5,302,0
5,303,0
5,304,0
5,305,0
5,306,0
5,307,0
5,308,0
5,309,2
5,310,5
5,311,0
5,312,0
5,313,0
5,314,0
5,315,1
5,316,1
5,317,0
5,318,3
5,319,0
5,320,0
5,321,0
5,322,0
5,323,0
5,324,0
5,325,0
5,326,0
5,327,0
5,328,0
5,329,0
5,330,0
5,331,0
5,332,2
5,333,7
5,334,0
5,335,0
5,336,0
5,337,0
5,338,0
5,339,0
5,340,0
5,341,0
5,342,2
5,343,0
5,344,0
5,345,0
5,346,0
5,347,0
5,348,1
5,349,0
5,350,0
5,351,1
5,352,1
5,353,0
5,354,0
5,355,0
5,356,0
5,357,0
5,358,0
5,359,0
5,360,0
5,361,0
5,362,0
5,363,0
5,364,0
5,365,0
5,366,0
5,367,0
5,368,0
5,369,0
5,370,0
5,371,1
5,372,0
5,373,3
5,374,0
5,375,0
5,376,0
5,377,0
5,378,0
5,379,0
5,380,0
5,381,0
5,382,0
5,383,0
5,384,0
5,385,0
5,386,0
5,387,0
5,388,0
5,389,0
5,390,0
5,391,0
5,392,0
5,393,0
5,394,0
5,395,0
5,396,0
5,397,0
5,398,2
5,399,2
5,400,0
5,401,1
5,402,1
5,403,1
5,404,0
5,405,0
5,406,0
5,407,0
5,408,0
5,409,0
5,410,0
5,411,0
5,412,0
5,413,0
5,414,0
5,415,0
5,416,1
5,417,0
5,418,0
5,419,0
5,420,0
5,421,0
5,422,0
5,423,0
5,424,0
5,425,0
5,426,0
5,427,0
5,428,0
5,429,0
5,430,0
5,431,0
5,432,0
5,433,0
5,434,1
5,435,0
5,436,0
5,437,0
5,438,0
5,439,0
5,440,0
5,441,0
5,442,0
5,443,0
5,444,0
5,445,0
5,446,0
5,447,4
6,1,0
6,2,3
6,3,1
6,4,0
6,5,0
6,6,0
6,7,1
6,8,2
6,9,0
6,10,0
6,11,0
6,12,0
6,13,0
6,14,1
6,15,0
6,16,0
6,17,0
6,18,0
6,19,0
6,20,0
6,21,0
6,22,0
6,23,0
6,24,0
6,25,0
6,26,0
6,27,0
6,28,0
6,29,0
6,30,0
6,31,0
6,32,0
6,33,0
6,34,0
6,35,0
6,36,0
6,37,0
6,38,1
6,39,0
6,40,0
6,41,0
6,42,0
6,43,0
6,44,0
6,45,0
6,46,0
6,47,0
6,48,0
6,49,0
6,50,0
6,51,0
6,52,0
6,53,0
6,54,0
6,55,0
6,56,0
6,57,0
6,58,0
6,59,0
6,60,0
6,61,0
6,62,0
6,63,0
6,64,0
6,65,0
6,66,0
6,67,1
6,68,0
6,69,0
6,70,0
6,71,0
6,72,1
6,73,0
6,74,0
6,75,0
6,76,0
6,77,0
6,78,0
6,79,0
6,80,0
6,81,0
6,82,0
6,83,0
6,84,1
6,85,0
6,86,0
6,87,0
6,88,0
6,89,0
6,90,0
6,91,0
6,92,0
6,93,0
6,94,0
6,95,0
6,96,0
6,97,0
6,98,0
6,99,0
6,100,0
6,101,0
6,102,0
6,103,0
6,104,0
6,105,0
6,106,0
6,107,0
6,108,0
6,109,0
6,110,0
6,111,0
6,112,0
6,113,0
6,114,0
6,115,1
6,116,0
6,117,0
6,118,0
6,119,0
6,120,0
6,121,0
6,122,0
6,123,0
6,124,0
6,125,0
6,126,0
6,127,4
6,128,0
6,129,0
6,130,0
6,131,0
6,132,0
6,133,0
6,134,0
6,135,0
6,136,0
6,137,0
6,138,0
6,139,0
6,140,0
6,141,0
6,142,0
6,143,0
6,144,0
6,145,0
6,146,0
6,147,0
6,148,0
6,149,0
6,150,0
6,151,0
6,152,0
6,153,0
6,154,0
6,155,4
6,156,3
6,157,0
6,158,0
6,159,0
6,160,0
6,161,1
6,162,0
6,163,0
6,164,0
6,165,0
6,166,0
6,167,0
6,168,0
6,169,0
6,170,0
6,171,0
6,172,0
6,173,0
6,174,0
6,175,0
6,176,0
6,177,0
6,178,0
6,179,0
6,180,0
6,181,0
6,182,0
6,183,0
6,184,0
6,185,0
6,186,0
6,187,0
6,188,0
6,189,0
6,190,0
6,191,0
6,192,0
6,193,0
6,194,0
6,195,0
6,196,0
6,197,2
6,198,0
6,199,0
6,200,0
6,201,0
6,202,0
6,203,0
6,204,0
6,205,0
6,206,1
6,207,0
6,208,0
6,209,0
6,210,0
6,211,0
6,212,0
6,213,0
6,214,0
6,215,0
6,216,0
6,217,0
6,218,0
6,219,0
6,220,0
6,221,0
6,222,0
6,223,0
6,224,0
6,225,0
6,226,0
6,227,0
6,228,0
6,229,0
6,230,0
6,231,0
6,232,0
6,233,0
6,234,0
6,235,0
6,236,0
6,237,0
6,238,0
6,239,0
6,240,0
6,241,0
6,242,0
6,243,0
6,244,0
6,245,0
6,246,0
6,247,0
6,248,0
6,249,1
6,250,0
6,251,1
6,252,0
6,253,0
6,254,0
6,255,0
6,256,0
6,257,0
6,258,6
6,259,1
6,260,0
6,261,0
6,262,0
6,263,0
6,264,0
6,265,0
6,266,0
6,267,0
6,268,0
6,269,0
6,270,1
6,271,0
6,272,0
6,273,0
6,274,0
6,275,0
6,276,0
6,277,3
6,278,0
6,279,0
6,280,0
6,281,0
6,282,0
6,283,0
6,284,0
6,285,0
6,286,1
6,287,0
6,288,0
6,289,0
6,290,0
6,291,0
6,292,0
6,293,1
6,294,2
6,295,0
6,296,0
6,297,0
6,298,0
6,299,0
6,300,0
6,301,0
6,302,0
6,303,0
6,304,0
6,305,1
6,306,0
6,307,0
6,308,0
6,309,0
6,310,0
6,311,0
6,312,8
6,313,1
6,314,0
6,315,3
6,316,0
6,317,0
6,318,0
6,319,0
6,320,0
6,321,0
6,322,0
6,323,0
6,324,0
6,325,0
6,326,0
6,327,0
6,328,0
6,329,0
6,330,0
6,331,0
6,332,0
6,333,0
6,334,0
6,335,0
6,336,0
6,337,0
6,338,0
6,339,0
6,340,3
6,341,0
6,342,0
6,343,0
6,344,0
6,345,0
6,346,0
6,347,0
6,348,0
6,349,0
6,350,0
6,351,0
6,352,0
6,353,3
6,354,0
6,355,0
6,356,0
6,357,0
6,358,0
6,359,0
6,360,0
6,361,0
6,362,0
6,363,0
6,364,0
6,365,0
6,366,0
6,367,0
6,368,0
6,369,0
6,370,0
6,371,1
6,372,0
6,373,0
6,374,0
6,375,0
6,376,0
6,377,0
6,378,0
6,379,0
6,380,0
6,381,0
6,382,0
6,383,0
6,384,0
6,385,1
6,386,0
6,387,0
6,388,0
6,389,0
6,390,0
6,391,0
6,392,0
6,393,0
6,394,0
6,395,0
6,396,0
6,397,0
6,398,0
6,399,0
6,400,0
6,401,2
6,402,0
6,403,0
6,404,0
6,405,0
6,406,0
6,407,0
6,408,0
6,409,0
6,410,0
6,411,0
6,412,0
6,413,0
6,414,0
6,415,0
6,416,0
6,417,0
6,418,0
6,419,2
6,420,0
6,421,0
6,422,0
6,423,0
6,424,0
6,425,0
6,426,0
6,427,0
6,428,0
6,429,0
6,430,0
6,431,0
6,432,0
6,433,0
6,434,0
6,435,0
6,436,0
6,437,0
6,438,0
6,439,3
6,440,0
6,441,8
6,442,0
6,443,0
6,444,0
6,445,0
6,446,0
6,447,0
6,448,0
6,449,0
6,450,0
6,451,0
6,452,0
6,453,0
6,454,0
6,455,0
6,456,0
6,457,0
6,458,0
6,459,0
6,460,0
6,461,0
6,462,0
6,463,0
6,464,1
6,465,0
6,466,0
6,467,0
6,468,7
6,469,0
6,470,0
6,471,0
6,472,0
6,473,0
6,474,0
6,475,5
6,476,1
6,477,0
6,478,0
6,479,0
6,480,0
6,481,0
6,482,0
6,483,0
6,484,0
6,485,0
6,486,0
6,487,0
6,488,0
6,489,0
6,490,0
6,491,5
6,492,0
6,493,0
6,494,0
6,495,0
6,496,0
6,497,0
6,498,0
6,499,0
6,500,0
6,501,0
6,502,2
6,503,0
6,504,0
6,505,1
6,506,0
6,507,0
6,508,0
6,509,1
6,510,0
6,511,0
6,512,0
6,513,0
6,514,0
6,515,0
6,516,0
6,517,1
6,518,0
6,519,0
6,520,0
6,521,0
6,522,0
6,523,0
6,524,0
6,525,0
6,526,0
7,1,0
7,2,0
7,3,0
7,4,3
7,5,0
7,6,0
7,7,0
7,8,0
7,9,0
7,10,0
7,11,0
7,12,0
7,13,0
7,14,0
7,15,0
7,16,0
7,17,0
7,18,0
7,19,0
7,20,0
7,21,0
7,22,0
7,23,0
7,24,0
7,25,0
7,26,0
7,27,0
7,28,0
7,29,0
7,30,0
7,31,0
7,32,2
7,33,0
7,34,0
7,35,0
7,36,0
7,37,0
7,38,0
7,39,0
7,40,0
7,41,0
7,42,0
7,43,1
7,44,0
7,45,1
7,46,1
7,47,2
7,48,0
7,49,0
7,50,0
7,51,0
7,52,1
7,53,0
7,54,0
7,55,0
7,56,0
7,57,0
7,58,0
7,59,0
7,60,0
7,61,0
7,62,0
7,63,0
7,64,0
7,65,0
7,66,2
7,67,2
7,68,0
7,69,0
7,70,0
7,71,0
7,72,0
7,73,0
7,74,0
7,75,0
7,76,0
7,77,0
7,78,0
7,79,0
7,80,0
7,81,0
7,82,0
7,83,0
7,84,0
7,85,1
7,86,0
7,87,0
7,88,0
7,89,0
7,90,0
7,91,1
7,92,0
7,93,4
7,94,0
7,95,0
7,96,0
7,97,0
7,98,0
7,99,0
7,100,0
7,101,0
7,102,0
7,103,0
7,104,0
7,105,0
7,106,0
7,107,0
7,108,0
7,109,0
7,110,0
7,111,0
7,112,0
7,113,0
7,114,0
7,115,0
7,116,0
7,117,0
7,118,3
7,119,0
7,120,0
7,121,0
7,122,2
7,123,0
7,124,0
7,125,0
7,126,0
7,127,0
7,128,0
7,129,0
7,130,0
7,131,0
7,132,0
7,133,0
7,134,1
7,135,0
7,136,0
7,137,0
7,138,0
7,139,0
7,140,0
7,141,0
7,142,0
7,143,0
7,144,0
7,145,0
7,146,0
7,147,0
7,148,0
7,149,0
7,150,0
7,151,1
7,152,0
7,153,0
7,154,0
7,155,1
7,156,0
7,157,0
7,158,2
7,159,0
7,160,0
7,161,0
7,162,0
7,163,0
7,164,0
7,165,0
7,166,0
7,167,0
7,168,0
7,169,0
7,170,1
7,171,0
7,172,0
7,173,0
7,174,0
7,175,0
7,176,0
7,177,0
7,178,0
7,179,0
7,180,0
7,181,0
7,182,0
7,183,0
7,184,0
7,185,0
7,186,0
7,187,0
7,188,0
7,189,0
7,190,0
7,191,0
7,192,0
7,193,0
7,194,0
7,195,0
7,196,0
7,197,0
7,198,2
7,199,0
7,200,0
7,201,0
7,202,0
7,203,0
7,204,0
7,205,0
7,206,0
7,207,0
7,208,0
7,209,0
7,210,0
7,211,0
7,212,0
7,213,1
7,214,0
7,215,0
7,216,0
7,217,0
7,218,0
7,219,0
7,220,0
7,221,0
7,222,0
7,223,0
7,224,0
7,225,0
7,226,0
7,227,0
7,228,0
7,229,0
7,230,0
7,231,0
7,232,0
7,233,2
7,234,0
7,235,0
7,236,0
7,237,0
7,238,0
7,239,0
7,240,0
7,241,0
7,242,0
7,243,0
7,244,0
7,245,0
7,246,0
7,247,0
7,248,0
7,249,7
7,250,0
7,251,2
7,252,0
7,253,0
7,254,0
7,255,0
7,256,0
7,257,0
7,258,8
7,259,0
7,260,0
7,261,0
7,262,0
7,263,0
7,264,0
7,265,0
7,266,0
7,267,0
7,268,0
7,269,0
7,270,0
7,271,0
7,272,0
7,273,0
7,274,0
7,275,0
7,276,0
7,277,0
7,278,0
7,279,0
7,280,0
7,281,0
7,282,0
7,283,0
7,284,5
7,285,0
7,286,0
7,287,0
7,288,1
7,289,0
7,290,0
7,291,1
7,292,0
7,293,0
7,294,0
7,295,0
7,296,0
7,297,0
7,298,0
7,299,0
7,300,0
7,301,1
7,302,0
7,303,0
7,304,0
7,305,0
7,306,0
7,307,0
7,308,0
7,309,0
7,310,0
7,311,0
7,312,0
7,313,0
7,314,0
7,315,0
7,316,0
7,317,0
7,318,0
7,319,0
7,320,0
7,321,0
7,322,0
7,323,0
7,324,0
7,325,0
7,326,0
7,327,0
7,328,1
7,329,0
7,330,0
7,331,0
7,332,0
7,333,0
7,334,0
7,335,3
7,336,0
7,337,2
7,338,1
7,339,0
7,340,0
7,341,0
7,342,0
7,343,0
7,344,0
7,345,0
7,346,0
7,347,0
7,348,0
7,349,0
7,350,0
7,351,0
7,352,0
7,353,0
7,354,0
7,355,1
7,356,0
7,357,0
7,358,0
7,359,0
7,360,0
7,361,0
7,362,0
7,363,0
7,364,0
7,365,4
7,366,0
7,367,0
7,368,1
7,369,0
7,370,0
7,371,0
7,372,0
7,373,0
7,374,0
7,375,0
7,376,0
7,377,0
7,378,0
7,379,3
7,380,0
7,381,0
7,382,0
7,383,0
7,384,0
7,385,0
7,386,7
7,387,2
7,388,0
7,389,0
7,390,0
7,391,0
7,392,0
7,393,0
7,394,0
7,395,0
7,396,0
7,397,0
7,398,1
7,399,0
7,400,0
7,401,0
7,402,0
7,403,0
7,404,0
7,405,0
7,406,0
7,407,0
7,408,0
7,409,0
7,410,0
7,411,0
7,412,0
7,413,0
7,414,0
7,415,1
7,416,0
7,417,0
7,418,0
7,419,0
7,420,0
7,421,0
7,422,0
7,423,0
7,424,0
7,425,0
7,426,0
7,427,0
7,428,0
7,429,0
7,430,0
7,431,0
7,432,0
7,433,0
7,434,0
7,435,0
7,436,0
7,437,0
7,438,0
7,439,0
7,440,0
7,441,1
7,442,0
7,443,0
7,444,0
7,445,0
7,446,0
7,447,0
7,448,0
7,449,0
7,450,0
7,451,3
7,452,0
7,453,0
7,454,0
7,455,0
7,456,1
7,457,0
7,458,0
7,459,0
7,460,0
7,461,0
7,462,0
7,463,0
7,464,0
7,465,0
7,466,0
7,467,0
8,1,0
8,2,0
8,3,0
8,4,0
8,5,0
8,6,0
8,7,0
8,8,1
8,9,0
8,10,0
8,11,0
8,12,0
8,13,0
8,14,0
8,15,1
8,16,0
8,17,0
8,18,0
8,19,0
8,20,0
8,21,0
8,22,0
8,23,0
8,24,0
8,25,2
8,26,0
8,27,0
8,28,0
8,29,0
8,30,0
8,31,0
8,32,0
8,33,0
8,34,0
8,35,0
8,36,0
8,37,0
8,38,0
8,39,0
8,40,0
8,41,0
8,42,0
8,43,0
8,44,0
8,45,0
8,46,0
8,47,0
8,48,0
8,49,0
8,50,0
8,51,0
8,52,0
8,53,0
8,54,0
8,55,0
8,56,0
8,57,0
8,58,0
8,59,0
8,60,0
8,61,0
8,62,0
8,63,0
8,64,0
8,65,0
8,66,0
8,67,0
8,68,0
8,69,0
8,70,0
8,71,0
8,72,0
8,73,0
8,74,0
8,75,0
8,76,0
8,77,0
8,78,1
8,79,0
8,80,1
8,81,2
8,82,0
8,83,0
8,84,0
8,85,2
8,86,0
8,87,0
8,88,4
8,89,0
8,90,1
8,91,0
8,92,0
8,93,0
8,94,0
8,95,0
8,96,0
8,97,0
8,98,0
8,99,0
8,100,0
8,101,1
8,102,0
8,103,0
8,104,0
8,105,0
8,106,0
8,107,0
8,108,0
8,109,0
8,110,0
8,111,0
8,112,0
8,113,0
8,114,0
8,115,0
8,116,0
8,117,0
8,118,0
8,119,0
8,120,0
8,121,0
8,122,0
8,123,0
8,124,0
8,125,0
8,126,0
8,127,0
8,128,0
8,129,0
8,130,0
8,131,0
8,132,2
8,133,0
8,134,0
8,135,0
8,136,1
8,137,1
8,138,0
8,139,0
8,140,0
8,141,0
8,142,0
8,143,0
8,144,0
8,145,1
8,146,0
8,147,0
8,148,0
8,149,0
8,150,0
8,151,0
8,152,0
8,153,0
8,154,0
8,155,0
8,156,0
8,157,1
8,158,0
8,159,0
8,160,0
8,161,0
8,162,5
8,163,0
8,164,0
8,165,0
8,166,0
8,167,0
8,168,0
8,169,0
8,170,0
8,171,0
8,172,0
8,173,0
8,174,0
8,175,0
8,176,0
8,177,0
8,178,0
8,179,0
8,180,0
8,181,0
8,182,0
8,183,0
8,184,0
8,185,0
8,186,0
8,187,0
8,188,0
8,189,0
8,190,0
8,191,0
8,192,0
8,193,0
8,194,0
8,195,0
8,196,0
8,197,0
8,198,0
8,199,0
8,200,0
8,201,0
8,202,0
8,203,0
8,204,0
8,205,0
8,206,0
8,207,0
8,208,0
8,209,0
8,210,2
8,211,0
8,212,1
8,213,0
8,214,0
8,215,0
8,216,2
8,217,0
8,218,0
8,219,0
8,220,0
8,221,0
8,222,0
8,223,0
8,224,0
8,225,0
8,226,0
8,227,0
8,228,0
8,229,0
8,230,0
8,231,1
8,232,0
8,233,2
8,234,0
8,235,0
8,236,1
8,237,0
8,238,0
8,239,0
8,240,0
8,241,0
8,242,0
8,243,2
8,244,0
8,245,0
8,246,0
8,247,0
8,248,0
8,249,0
8,250,0
8,251,4
8,252,0
8,253,0
8,254,0
8,255,0
8,256,0
8,257,0
8,258,0
8,259,0
8,260,0
8,261,4
8,262,0
8,263,0
8,264,0
8,265,0
8,266,0
8,267,0
8,268,2
8,269,0
8,270,0
8,271,0
8,272,0
8,273,0
8,274,0
8,275,0
8,276,1
8,277,0
8,278,0
8,279,0
8,280,0
8,281,0
8,282,0
8,283,0
8,284,0
8,285,0
8,286,0
8,287,0
8,288,0
8,289,0
8,290,0
8,291,0
8,292,0
8,293,0
8,294,0
8,295,0
8,296,4
8,297,0
8,298,0
8,299,0
8,300,0
8,301,0
8,302,0
8,303,1
8,304,0
8,305,0
8,306,0
8,307,0
8,308,0
8,309,0
8,310,0
8,311,0
8,312,0
8,313,3
8,314,0
8,315,0
8,316,0
8,317,1
8,318,0
8,319,1
8,320,0
8,321,0
8,322,0
8,323,0
8,324,0
8,325,0
8,326,1
8,327,0
8,328,1
8,329,2
8,330,0
8,331,0
8,332,0
8,333,0
8,334,0
8,335,0
8,336,0
8,337,0
8,338,0
8,339,0
8,340,0
8,341,0
8,342,0
8,343,0
8,344,1
8,345,0
8,346,0
8,347,3
8,348,0
8,349,1
8,350,0
8,351,0
8,352,0
8,353,0
9,1,0
9,2,0
9,3,0
9,4,0
9,5,0
9,6,0
9,7,0
9,8,0
9,9,0
9,10,0
9,11,0
9,12,0
9,13,0
9,14,0
9,15,0
9,16,0
9,17,0
9,18,0
9,19,0
9,20,0
9,21,0
9,22,0
9,23,0
9,24,0
9,25,0
9,26,0
9,27,0
9,28,0
9,29,0
9,30,0
9,31,0
9,32,0
9,33,0
9,34,0
9,35,1
9,36,0
9,37,1
9,38,0
9,39,0
9,40,1
9,41,0
9,42,0
9,43,1
9,44,1
9,45,0
9,46,0
9,47,0
9,48,0
9,49,0
9,50,7
9,51,0
9,52,0
9,53,0
9,54,0
9,55,0
9,56,0
9,57,1
9,58,0
9,59,0
9,60,0
9,61,0
9,62,0
9,63,0
9,64,0
9,65,0
9,66,0
9,67,0
9,68,0
9,69,0
9,70,0
9,71,0
9,72,0
9,73,0
9,74,4
9,75,0
9,76,0
9,77,0
9,78,0
9,79,0
9,80,0
9,81,0
9,82,0
9,83,1
9,84,0
9,85,0
9,86,0
9,87,0
9,88,0
9,89,0
9,90,0
9,91,0
9,92,0
9,93,0
9,94,1
9,95,0
9,96,0
9,97,0
9,98,0
9,99,0
9,100,0
9,101,0
9,102,0
9,103,0
9,104,0
9,105,0
9,106,0
9,107,0
9,108,0
9,109,0
9,110,0
9,111,0
9,112,0
9,113,0
9,114,0
9,115,0
9,116,0
9,117,0
9,118,1
9,119,0
9,120,1
9,121,0
9,122,0
9,123,0
9,124,0
9,125,0
9,126,0
9,127,0
9,128,0
9,129,0
9,130,1
9,131,0
9,132,0
9,133,0
9,134,0
9,135,0
9,136,0
9,137,0
9,138,0
9,139,0
9,140,0
9,141,0
9,142,0
9,143,0
9,144,0
9,145,0
9,146,0
9,147,0
9,148,0
9,149,0
9,150,0
9,151,0
9,152,0
9,153,0
9,154,0
9,155,1
9,156,0
9,157,0
9,158,0
9,159,0
9,160,0
9,161,0
9,162,0
9,163,0
9,164,0
9,165,0
9,166,0
9,167,0
9,168,0
9,169,0
9,170,0
9,171,0
9,172,1
9,173,0
9,174,0
9,175,0
9,176,0
9,177,0
9,178,0
9,179,0
9,180,0
9,181,0
9,182,0
9,183,0
9,184,0
9,185,0
9,186,0
9,187,1
9,188,0
9,189,0
9,190,0
9,191,0
9,192,0
9,193,0
9,194,0
9,195,0
9,196,0
9,197,0
9,198,0
9,199,0
9,200,1
9,201,0
9,202,0
9,203,0
9,204,0
9,205,2
9,206,0
9,207,0
9,208,0
9,209,0
9,210,0
9,211,0
9,212,0
9,213,1
9,214,1
9,215,0
9,216,0
9,217,1
9,218,0
9,219,0
9,220,1
9,221,0
9,222,0
9,223,0
9,224,0
9,225,0
9,226,0
9,227,2
9,228,0
9,229,0
9,230,0
9,231,1
9,232,0
9,233,0
9,234,0
9,235,0
9,236,0
9,237,0
9,238,0
9,239,0
9,240,0
9,241,0
9,242,0
9,243,0
9,244,0
9,245,0
9,246,0
9,247,0
9,248,0
9,249,0
9,250,0
9,251,0
9,252,0
9,253,0
9,254,0
9,255,0
9,256,0
9,257,0
9,258,0
9,259,0
9,260,0
9,261,0
9,262,0
9,263,1
9,264,0
9,265,0
9,266,0
9,267,0
9,268,4
9,269,2
9,270,0
9,271,0
9,272,0
9,273,5
9,274,1
9,275,0
9,276,2
9,277,0
9,278,0
9,279,0
9,280,0
9,281,0
9,282,0
9,283,0
9,284,0
9,285,1
9,286,0
9,287,0
9,288,0
9,289,0
9,290,0
9,291,0
9,292,0
9,293,0
9,294,0
9,295,1
9,296,0
9,297,0
9,298,0
9,299,0
9,300,0
9,301,0
9,302,0
9,303,0
9,304,0
9,305,0
9,306,0
9,307,0
9,308,0
9,309,0
9,310,0
9,311,0
9,312,0
9,313,0
9,314,0
9,315,0
9,316,0
9,317,0
9,318,0
9,319,0
9,320,0
9,321,1
9,322,0
9,323,0
9,324,0
9,325,0
9,326,0
9,327,1
9,328,0
9,329,0
9,330,0
9,331,0
9,332,0
9,333,0
9,334,0
9,335,0
9,336,0
9,337,0
9,338,0
9,339,0
9,340,0
9,341,0
9,342,0
9,343,0
9,344,0
9,345,0
9,346,0
9,347,0
9,348,0
9,349,0
9,350,1
9,351,0
9,352,0
9,353,0
9,354,2
9,355,0
9,356,0
9,357,0
9,358,2
9,359,0
9,360,0
9,361,0
9,362,0
9,363,0
9,364,1
9,365,0
9,366,0
9,367,0
9,368,0
9,369,1
9,370,0
9,371,0
9,372,0
9,373,1
9,374,0
9,375,0
9,376,0
9,377,0
9,378,0
9,379,0
9,380,0
9,381,0
9,382,0
9,383,0
9,384,0
9,385,0
9,386,0
9,387,0
10,1,0
10,2,0
10,3,1
10,4,0
10,5,0
10,6,1
10,7,1
10,8,0
10,9,0
10,10,0
10,11,0
10,12,0
10,13,0
10,14,0
10,15,0
10,16,0
10,17,0
10,18,4
10,19,0
10,20,0
10,21,1
10,22,0
10,23,0
10,24,0
10,25,0
10,26,0
10,27,0
10,28,0
10,29,0
10,30,1
10,31,0
10,32,0
10,33,0
10,34,0
10,35,1
10,36,0
10,37,0
10,38,0
10,39,0
10,40,0
10,41,0
10,42,0
10,43,0
10,44,0
10,45,0
10,46,0
10,47,0
10,48,0
10,49,0
10,50,0
10,51,0
10,52,0
10,53,0
10,54,0
10,55,0
10,56,0
10,57,0
10,58,0
10,59,0
10,60,0
10,61,0
10,62,0
10,63,0
10,64,0
10,65,0
10,66,0
10,67,0
10,68,0
10,69,0
10,70,0
10,71,0
10,72,2
10,73,0
10,74,0
10,75,0
10,76,0
10,77,0
10,78,0
10,79,0
10,80,0
10,81,0
10,82,0
10,83,0
10,84,0
10,85,0
10,86,0
10,87,0
10,88,0
10,89,0
10,90,0
10,91,0
10,92,0
10,93,0
10,94,0
10,95,0
10,96,0
10,97,0
10,98,0
10,99,0
10,100,0
10,101,0
10,102,0
10,103,0
10,104,0
10,105,0
10,106,0
10,107,0
10,108,2
10,109,0
10,110,3
10,111,0
10,112,2
10,113,0
10,114,0
10,115,0
10,116,0
10,117,0
10,118,1
10,119,0
10,120,0
10,121,0
10,122,0
10,123,0
10,124,0
10,125,0
10,126,0
10,127,0
10,128,0
10,129,0
10,130,0
10,131,0
10,132,0
10,133,1
10,134,0
10,135,0
10,136,0
10,137,0
10,138,0
10,139,0
10,140,0
10,141,0
10,142,0
10,143,0
10,144,0
10,145,1
10,146,0
10,147,0
10,148,0
10,149,0
10,150,0
10,151,0
10,152,0
10,153,0
10,154,0
10,155,1
10,156,0
10,157,0
10,158,0
10,159,0
10,160,0
10,161,0
10,162,0
10,163,0
10,164,0
10,165,0
10,166,0
10,167,0
10,168,0
10,169,1
10,170,0
10,171,0
10,172,0
10,173,0
10,174,0
10,175,0
10,176,0
10,177,0
10,178,0
10,179,0
10,180,0
10,181,0
10,182,0
10,183,0
10,184,0
10,185,0
10,186,0
10,187,0
10,188,0
10,189,0
10,190,0
10,191,0
10,192,0
10,193,0
10,194,0
10,195,0
10,196,0
10,197,0
10,198,0
10,199,0
10,200,0
10,201,0
10,202,0
10,203,0
10,204,0
10,205,0
10,206,0
10,207,0
10,208,0
10,209,0
10,210,0
10,211,0
10,212,0
10,213,9
10,214,0
10,215,0
10,216,0
10,217,3
10,218,0
10,219,0
10,220,0
10,221,0
10,222,0
10,223,0
10,224,0
10,225,0
10,226,0
10,227,0
10,228,0
10,229,0
10,230,3
10,231,0
10,232,0
10,233,0
10,234,0
10,235,0
10,236,0
10,237,0
10,238,0
10,239,0
10,240,0
10,241,0
10,242,0
10,243,0
10,244,0
10,245,0
10,246,0
10,247,0
10,248,2
10,249,1
10,250,0
10,251,1
10,252,0
10,253,0
10,254,1
10,255,0
10,256,0
10,257,0
10,258,0
10,259,0
10,260,0
10,261,0
10,262,5
10,263,5
10,264,6
10,265,0
10,266,0
10,267,0
10,268,0
10,269,1
10,270,0
10,271,0
10,272,0
10,273,0
10,274,0
10,275,0
10,276,0
10,277,0
10,278,0
10,279,0
10,280,0
10,281,0
10,282,0
10,283,0
10,284,0
10,285,0
10,286,2
10,287,0
10,288,0
10,289,0
10,290,0
10,291,0
10,292,0
10,293,0
10,294,0
10,295,0
10,296,0
10,297,0
10,298,0
10,299,0
10,300,0
10,301,0
10,302,0
10,303,0
10,304,0
10,305,0
10,306,0
10,307,0
10,308,0
10,309,0
10,310,0
10,311,0
10,312,2
10,313,0
10,314,0
10,315,0
10,316,0
10,317,0
10,318,0
10,319,0
10,320,0
10,321,0
10,322,0
10,323,0
10,324,0
10,325,0
10,326,0
10,327,0
10,328,0
10,329,0
10,330,0
10,331,0
10,332,0
10,333,0
10,334,0
10,335,1
10,336,0
10,337,0
10,338,1
10,339,0
10,340,0
10,341,0
10,342,0
10,343,0
10,344,0
10,345,0
10,346,0
10,347,1
10,348,1
10,349,0
10,350,0
10,351,0
10,352,0
10,353,0
10,354,0
10,355,0
10,356,0
10,357,0
10,358,0
10,359,0
10,360,0
10,361,0
10,362,0
10,363,0
10,364,0
10,365,1
11,1,0
11,2,1
11,3,0
11,4,0
11,5,0
11,6,0
11,7,1
11,8,0
11,9,0
11,10,1
11,11,0
11,12,0
11,13,0
11,14,0
11,15,0
11,16,0
11,17,0
11,18,0
11,19,0
11,20,0
11,21,0
11,22,0
11,23,0
11,24,0
11,25,3
11,26,0
11,27,0
11,28,0
11,29,0
11,30,1
11,31,0
11,32,0
11,33,0
11,34,0
11,35,0
11,36,0
11,37,0
11,38,0
11,39,0
11,40,0
11,41,0
11,42,0
11,43,0
11,44,0
11,45,0
11,46,0
11,47,0
11,48,0
11,49,0
11,50,0
11,51,0
11,52,0
11,53,0
11,54,4
11,55,1
11,56,0
11,57,0
11,58,0
11,59,0
11,60,0
11,61,0
11,62,0
11,63,0
11,64,0
11,65,0
11,66,0
11,67,0
11,68,0
11,69,0
11,70,0
11,71,0
11,72,0
11,73,1
11,74,0
11,75,0
11,76,0
11,77,0
11,78,0
11,79,0
11,80,0
11,81,0
11,82,0
11,83,0
11,84,0
11,85,0
11,86,0
11,87,0
11,88,0
11,89,0
11,90,0
11,91,0
11,92,0
11,93,0
11,94,0
11,95,0
11,96,0
11,97,0
11,98,1
11,99,0
11,100,0
11,101,0
11,102,0
11,103,0
11,104,1
11,105,4
11,106,0
11,107,0
11,108,0
11,109,0
11,110,0
11,111,0
11,112,0
11,113,0
11,114,0
11,115,0
11,116,1
11,117,0
11,118,0
11,119,0
11,120,0
11,121,0
11,122,1
11,123,0
11,124,0
11,125,0
11,126,0
11,127,0
11,128,0
11,129,0
11,130,0
11,131,0
11,132,0
11,133,0
11,134,0
11,135,0
11,136,2
11,137,0
11,138,0
11,139,0
11,140,0
11,141,0
11,142,0
11,143,0
11,144,0
11,145,2
11,146,0
11,147,0
11,148,0
11,149,0
11,150,0
11,151,0
11,152,0
11,153,0
11,154,0
11,155,0
11,156,0
11,157,0
11,158,1
11,159,0
11,160,0
11,161,0
11,162,0
11,163,0
11,164,0
11,165,0
11,166,1
11,167,0
11,168,0
11,169,0
11,170,0
11,171,0
11,172,1
11,173,0
11,174,0
11,175,3
11,176,0
11,177,0
11,178,0
11,179,0
11,180,0
11,181,0
11,182,0
11,183,0
11,184,0
11,185,1
11,186,0
11,187,0
11,188,0
11,189,0
11,190,0
11,191,0
11,192,0
11,193,0
11,194,0
11,195,0
11,196,0
11,197,0
11,198,0
11,199,0
11,200,0
11,201,0
11,202,0
11,203,0
11,204,0
11,205,0
11,206,0
11,207,0
11,208,0
11,209,0
11,210,0
11,211,0
11,212,0
11,213,0
11,214,0
11,215,0
11,216,0
11,217,1
11,218,0
11,219,0
11,220,0
11,221,0
11,222,0
11,223,0
11,224,0
11,225,0
11,226,0
11,227,0
11,228,0
11,229,0
11,230,0
11,231,0
11,232,0
11,233,0
11,234,0
11,235,0
11,236,0
11,237,0
11,238,0
11,239,0
11,240,0
11,241,0
11,242,0
11,243,0
11,244,0
11,245,0
11,246,0
11,247,0
11,248,0
11,249,0
11,250,0
11,251,0
11,252,2
11,253,0
11,254,0
11,255,3
11,256,0
11,257,0
11,258,0
11,259,0
11,260,1
11,261,0
11,262,1
11,263,0
11,264,0
11,265,0
11,266,0
11,267,0
11,268,0
11,269,0
11,270,0
11,271,0
11,272,0
11,273,0
11,274,0
11,275,0
11,276,0
11,277,0
11,278,0
11,279,2
11,280,0
11,281,0
11,282,0
11,283,0
11,284,0
11,285,0
11,286,0
11,287,0
11,288,0
11,289,0
11,290,0
11,291,0
11,292,0
11,293,0
11,294,0
11,295,0
11,296,0
11,297,0
11,298,0
11,299,0
11,300,0
11,301,0
11,302,0
11,303,0
11,304,0
11,305,0
11,306,0
11,307,0
11,308,0
11,309,0
11,310,0
11,311,1
11,312,0
11,313,0
11,314,0
11,315,0
11,316,0
11,317,0
11,318,0
11,319,0
11,320,0
11,321,0
11,322,0
11,323,0
11,324,1
11,325,0
11,326,1
11,327,4
11,328,0
11,329,0
11,330,0
11,331,0
11,332,0
11,333,0
11,334,1
11,335,0
11,336,1
11,337,0
11,338,0
11,339,0
11,340,0
11,341,0
11,342,0
11,343,0
11,344,0
11,345,0
11,346,0
11,347,0
11,348,0
11,349,0
11,350,0
11,351,0
11,352,0
11,353,0
11,354,0
11,355,2
11,356,0
11,357,0
11,358,0
11,359,0
11,360,0
11,361,0
11,362,0
11,363,0
11,364,0
11,365,0
11,366,0
11,367,0
11,368,0
11,369,0
11,370,0
11,371,0
11,372,0
11,373,2
11,374,0
11,375,0
11,376,0
11,377,0
11,378,0
11,379,2
11,380,0
11,381,0
11,382,1
11,383,0
11,384,1
11,385,0
11,386,0
11,387,0
11,388,1
11,389,1
11,390,0
11,391,0
11,392,0
11,393,0
11,394,0
11,395,0
11,396,0
11,397,0
11,398,0
11,399,0
11,400,0
11,401,0
11,402,0
11,403,0
11,404,0
11,405,0
11,406,0
11,407,0
11,408,0
11,409,1
11,410,0
11,411,0
11,412,0
11,413,0
11,414,0
11,415,0
11,416,0
11,417,0
11,418,0
11,419,0
11,420,0
11,421,0
11,422,0
11,423,0
11,424,1
11,425,0
11,426,0
11,427,0
11,428,0
11,429,7
11,430,0
11,431,0
11,432,2
11,433,3
11,434,0
11,435,0
11,436,0
11,437,0
11,438,0
11,439,0
11,440,0
11,441,0
11,442,0
11,443,0
11,444,0
11,445,0
11,446,1
11,447,0
11,448,0
11,449,1
11,450,0
11,451,0
11,452,0
11,453,0
11,454,0
11,455,0
11,456,0
11,457,0
11,458,0
11,459,1
11,460,1
11,461,0
11,462,0
11,463,0
11,464,3
11,465,0
11,466,0
11,467,0
11,468,0
11,469,0
11,470,0
11,471,0
11,472,0
11,473,1
11,474,0
11,475,0
11,476,0
11,477,0
11,478,0
11,479,0
11,480,0
11,481,0
11,482,0
11,483,0
11,484,0
11,485,0
11,486,0
11,487,0
11,488,0
11,489,0
11,490,0
11,491,0
11,492,0
11,493,0
11,494,0
11,495,0
11,496,0
11,497,0
11,498,0
11,499,0
11,500,0
11,501,0
11,502,0
11,503,0
11,504,1
11,505,0
11,506,5
11,507,0
11,508,6
11,509,0
11,510,0
11,511,0
11,512,1
11,513,0
11,514,0
11,515,0
11,516,0
11,517,0
11,518,0
11,519,0
11,520,0
11,521,0
11,522,0
11,523,0
11,524,0
11,525,0
11,526,0
11,527,3
11,528,0
11,529,0
11,530,0
11,531,0
11,532,1
11,533,0
11,534,4
11,535,0
11,536,0
11,537,0
11,538,0
11,539,0
11,540,0
11,541,0
11,542,0
11,543,0
11,544,0
11,545,0
11,546,1
11,547,6
11,548,0
11,549,0
11,550,0
11,551,0
11,552,0
11,553,0
11,554,0
11,555,0
11,556,0
11,557,0
11,558,0
11,559,0
11,560,0
11,561,0
11,562,1
11,563,0
11,564,0
11,565,0
11,566,0
11,567,0
11,568,0
11,569,0
11,570,0
11,571,1
11,572,0
11,573,0
11,574,0
11,575,0
11,576,1
11,577,0
11,578,6
11,579,0
11,580,0
11,581,0
11,582,1
11,583,0
11,584,0
11,585,0
11,586,0
11,587,0
11,588,1
11,589,0
11,590,0
11,591,0
11,592,0
11,593,0
11,594,0
11,595,0
11,596,0
11,597,0
11,598,0
11,599,0
11,600,0
11,601,0
11,602,0
11,603,0
11,604,0
11,605,0
11,606,1
11,607,0
11,608,0
11,609,0
11,610,0
11,611,0
11,612,0
11,613,0
11,614,0
11,615,0
11,616,0
11,617,1
11,618,0
11,619,0
11,620,0
11,621,0
11,622,0
11,623,0
11,624,0
11,625,0
11,626,0
11,627,0
11,628,0
11,629,0
11,630,1
11,631,1
11,632,2
11,633,1
11,634,0
11,635,0
11,636,0
11,637,0
11,638,0
11,639,0
11,640,0
11,641,0
11,642,0
11,643,2
11,644,0
11,645,0
11,646,0
11,647,1
11,648,0
11,649,0
11,650,0
11,651,0
11,652,1
11,653,0
11,654,0
11,655,0
11,656,0
11,657,0
11,658,0
11,659,0
12,1,0
12,2,2
12,3,0
12,4,0
12,5,0
12,6,0
12,7,0
12,8,2
12,9,0
12,10,0
12,11,1
12,12,0
12,13,0
12,14,0
12,15,0
12,16,0
12,17,0
12,18,0
12,19,0
12,20,0
12,21,0
12,22,0
12,23,0
12,24,0
12,25,0
12,26,0
12,27,0
12,28,0
12,29,0
12,30,0
12,31,0
12,32,0
12,33,0
12,34,0
12,35,0
12,36,0
12,37,0
12,38,0
12,39,0
12,40,0
12,41,0
12,42,0
12,43,0
12,44,0
12,45,0
12,46,0
12,47,0
12,48,0
12,49,0
12,50,0
12,51,0
12,52,0
12,53,0
12,54,0
12,55,0
12,56,0
12,57,4
12,58,0
12,59,2
12,60,0
12,61,0
12,62,0
12,63,0
12,64,5
12,65,0
12,66,0
12,67,0
12,68,0
12,69,0
12,70,0
12,71,4
12,72,0
12,73,0
12,74,0
12,75,0
12,76,0
12,77,0
12,78,0
12,79,0
12,80,0
12,81,0
12,82,0
12,83,0
12,84,0
12,85,0
12,86,0
12,87,0
12,88,0
12,89,2
12,90,0
12,91,0
12,92,0
12,93,0
12,94,0
12,95,0
12,96,0
12,97,0
12,98,0
12,99,0
12,100,1
12,101,7
12,102,0
12,103,0
12,104,0
12,105,2
12,106,0
12,107,1
12,108,1
12,109,0
12,110,0
12,111,1
12,112,0
12,113,0
12,114,0
12,115,1
12,116,0
12,117,0
12,118,0
12,119,0
12,120,0
12,121,1
12,122,0
12,123,0
12,124,0
12,125,0
12,126,0
12,127,0
12,128,0
12,129,0
12,130,0
12,131,0
12,132,0
12,133,0
12,134,0
12,135,0
12,136,0
12,137,0
12,138,1
12,139,0
12,140,1
12,141,0
12,142,0
12,143,0
12,144,0
12,145,0
12,146,0
12,147,0
12,148,0
12,149,0
12,150,0
12,151,0
12,152,0
12,153,1
12,154,0
12,155,0
12,156,1
12,157,0
12,158,0
12,159,0
12,160,0
12,161,0
12,162,2
12,163,0
12,164,0
12,165,0
12,166,0
12,167,0
12,168,0
12,169,0
12,170,0
12,171,0
12,172,0
12,173,7
12,174,0
12,175,0
12,176,0
12,177,0
12,178,0
12,179,0
12,180,0
12,181,0
12,182,0
12,183,0
12,184,0
12,185,0
12,186,0
12,187,0
12,188,0
12,189,0
12,190,0
12,191,0
12,192,0
12,193,0
12,194,0
12,195,0
12,196,0
12,197,1
12,198,0
12,199,0
12,200,0
12,201,6
12,202,0
12,203,0
12,204,0
12,205,0
12,206,0
12,207,0
12,208,0
12,209,0
12,210,0
12,211,0
12,212,0
12,213,0
12,214,0
12,215,0
12,216,0
12,217,0
12,218,0
12,219,0
12,220,1
12,221,0
12,222,0
12,223,0
12,224,0
12,225,0
12,226,0
12,227,0
12,228,0
12,229,0
12,230,0
12,231,0
12,232,0
12,233,1
12,234,0
12,235,0
12,236,0
12,237,0
12,238,0
12,239,1
12,240,0
12,241,0
12,242,0
12,243,0
12,244,0
12,245,0
12,246,0
12,247,0
12,248,0
12,249,0
12,250,2
12,251,0
12,252,0
12,253,0
12,254,1
12,255,1
12,256,0
12,257,0
12,258,0
12,259,0
12,260,0
12,261,0
12,262,3
12,263,0
12,264,0
12,265,0
12,266,0
12,267,0
12,268,0
12,269,0
12,270,0
12,271,0
12,272,0
12,273,0
12,274,0
12,275,0
12,276,0
12,277,0
12,278,1
12,279,0
12,280,0
12,281,0
12,282,0
12,283,0
12,284,0
12,285,0
12,286,0
12,287,0
12,288,0
12,289,0
12,290,0
12,291,0
12,292,0
12,293,0
12,294,0
12,295,0
12,296,0
12,297,0
12,298,0
12,299,0
12,300,5
12,301,0
12,302,0
12,303,5
12,304,0
12,305,0
12,306,0
12,307,0
12,308,0
12,309,0
12,310,0
12,311,0
12,312,0
12,313,0
12,314,0
12,315,0
12,316,0
12,317,1
12,318,0
12,319,0
12,320,1
12,321,0
12,322,0
12,323,0
12,324,0
12,325,0
12,326,0
12,327,0
12,328,0
12,329,0
12,330,0
12,331,0
12,332,0
12,333,0
12,334,0
12,335,0
12,336,0
12,337,0
12,338,0
12,339,0
12,340,0
12,341,0
12,342,0
12,343,0
12,344,0
12,345,0
12,346,0
12,347,0
12,348,0
12,349,0
12,350,0
12,351,0
12,352,0
12,353,0
12,354,0
12,355,0
12,356,1
12,357,1
12,358,0
12,359,0
12,360,0
12,361,0
12,362,0
12,363,0
12,364,0
12,365,0
12,366,0
12,367,1
12,368,0
12,369,0
12,370,0
12,371,0
12,372,0
12,373,0
12,374,0
12,375,1
12,376,0
12,377,0
12,378,0
12,379,0
12,380,0
12,381,0
12,382,0
12,383,1
12,384,0
12,385,0
12,386,0
12,387,3
12,388,0
12,389,0
12,390,0
12,391,0
12,392,0
12,393,0
12,394,0
12,395,0
12,396,0
12,397,0
12,398,0
12,399,0
12,400,0
12,401,0
12,402,0
12,403,0
12,404,3
12,405,0
12,406,0
12,407,0
12,408,1
12,409,0
12,410,0
12,411,0
12,412,0
12,413,3
12,414,0
12,415,0
12,416,0
12,417,0
12,418,0
12,419,0
12,420,0
12,421,0
12,422,0
12,423,0
12,424,0
12,425,0
12,426,2
12,427,0
12,428,0
12,429,0
12,430,0
12,431,0
12,432,0
12,433,0
12,434,0
12,435,1
12,436,0
12,437,0
12,438,0
12,439,0
12,440,0
12,441,0
12,442,0
12,443,0
12,444,0
12,445,0
12,446,0
12,447,0
12,448,0
12,449,0
12,450,0
12,451,0
12,452,1
12,453,4
12,454,1
12,455,0
12,456,0
12,457,0
12,458,0
12,459,0
12,460,0
12,461,0
12,462,0
12,463,0
12,464,0
12,465,1
12,466,0
12,467,0
12,468,0
12,469,0
12,470,0
12,471,0
12,472,0
12,473,0
12,474,0
12,475,0
12,476,0
12,477,2
12,478,0
12,479,0
12,480,1
12,481,0
12,482,0
12,483,0
12,484,0
12,485,0
12,486,0
12,487,1
12,488,1
12,489,0
12,490,0
12,491,0
12,492,0
12,493,0
12,494,0
12,495,4
12,496,0
12,497,0
12,498,0
12,499,0
12,500,0
12,501,0
12,502,0
12,503,0
12,504,0
12,505,0
12,506,0
12,507,0
12,508,0
12,509,0
12,510,0
12,511,0
12,512,0
12,513,0
12,514,0
12,515,0
12,516,0
12,517,0
12,518,0
12,519,1
12,520,0
13,1,0
13,2,0
13,3,0
13,4,0
13,5,0
13,6,0
13,7,0
13,8,0
13,9,0
13,10,1
13,11,2
13,12,0
13,13,0
13,14,0
13,15,0
13,16,0
13,17,0
13,18,0
13,19,0
13,20,0
13,21,0
13,22,1
13,23,0
13,24,0
13,25,0
13,26,0
13,27,0
13,28,0
13,29,0
13,30,0
13,31,0
13,32,0
13,33,0
13,34,0
13,35,0
13,36,0
13,37,0
13,38,0
13,39,0
13,40,0
13,41,0
13,42,0
13,43,0
13,44,0
13,45,0
13,46,0
13,47,1
13,48,0
13,49,1
13,50,0
13,51,0
13,52,4
13,53,0
13,54,0
13,55,0
13,56,0
13,57,0
13,58,2
13,59,0
13,60,0
13,61,0
13,62,0
13,63,0
13,64,0
13,65,0
13,66,0
13,67,0
13,68,0
13,69,0
13,70,0
13,71,0
13,72,0
13,73,0
13,74,0
13,75,0
13,76,1
13,77,0
13,78,0
13,79,0
13,80,0
13,81,0
13,82,0
13,83,0
13,84,0
13,85,0
13,86,0
13,87,1
13,88,0
13,89,0
13,90,0
13,91,0
13,92,0
13,93,0
13,94,0
13,95,0
13,96,0
13,97,0
13,98,0
13,99,0
13,100,0
13,101,0
13,102,0
13,103,0
13,104,0
13,105,0
13,106,0
13,107,0
13,108,0
13,109,0
13,110,1
13,111,0
13,112,0
13,113,1
13,114,0
13,115,0
13,116,0
13,117,0
13,118,0
13,119,0
13,120,0
13,121,0
13,122,0
13,123,0
13,124,0
13,125,1
13,126,0
13,127,0
13,128,0
13,129,0
13,130,0
13,131,0
13,132,0
13,133,0
13,134,0
13,135,1
13,136,0
13,137,0
13,138,0
13,139,0
13,140,0
13,141,0
13,142,0
13,143,0
13,144,0
13,145,0
13,146,0
13,147,0
13,148,0
13,149,0
13,150,0
13,151,0
13,152,0
13,153,3
13,154,0
13,155,0
13,156,0
13,157,0
13,158,1
13,159,0
13,160,0
13,161,0
14,1,0
14,2,0
14,3,0
14,4,0
14,5,0
14,6,0
14,7,0
14,8,1
14,9,0
14,10,0
14,11,0
14,12,0
14,13,0
14,14,2
14,15,0
14,16,0
14,17,0
14,18,0
14,19,0
14,20,0
14,21,0
14,22,0
14,23,0
14,24,0
14,25,0
14,26,0
14,27,0
14,28,0
14,29,0
14,30,1
14,31,0
14,32,0
14,33,0
14,34,0
14,35,0
14,36,0
14,37,0
14,38,0
14,39,0
14,40,0
14,41,0
14,42,0
14,43,1
14,44,0
14,45,1
14,46,0
14,47,0
14,48,1
14,49,0
14,50,0
14,51,0
14,52,0
14,53,1
14,54,0
14,55,3
14,56,0
14,57,0
14,58,0
14,59,0
14,60,0
14,61,0
14,62,0
14,63,1
14,64,0
14,65,1
14,66,1
14,67,0
14,68,0
14,69,0
14,70,0
14,71,0
14,72,6
14,73,0
14,74,0
14,75,0
14,76,1
14,77,0
14,78,0
14,79,2
14,80,0
14,81,0
14,82,0
14,83,0
14,84,1
14,85,0
14,86,0
14,87,1
14,88,0
14,89,0
14,90,0
14,91,2
14,92,0
14,93,2
14,94,0
14,95,1
14,96,0
14,97,0
14,98,0
14,99,0
14,100,0
14,101,0
14,102,0
14,103,0
14,104,0
14,105,0
14,106,0
14,107,1
14,108,0
14,109,0
14,110,0
14,111,0
14,112,0
14,113,0
14,114,0
14,115,0
14,116,0
14,117,0
14,118,0
14,119,0
14,120,0
14,121,0
14,122,0
14,123,0
14,124,0
14,125,0
14,126,0
14,127,0
14,128,0
14,129,0
14,130,0
14,131,0
14,132,3
14,133,0
14,134,1
14,135,0
14,136,0
14,137,0
14,138,0
14,139,0
14,140,0
14,141,0
14,142,0
14,143,0
14,144,0
14,145,1
14,146,0
14,147,0
14,148,0
14,149,0
14,150,0
14,151,0
14,152,0
14,153,0
14,154,0
14,155,1
14,156,0
14,157,0
14,158,0
14,159,0
14,160,0
14,161,0
14,162,0
14,163,0
14,164,0
14,165,0
14,166,0
14,167,0
14,168,0
14,169,0
14,170,0
14,171,0
14,172,0
14,173,0
14,174,0
14,175,0
14,176,1
14,177,0
14,178,2
14,179,0
14,180,1
14,181,0
14,182,0
14,183,0
14,184,0
14,185,0
14,186,1
14,187,0
14,188,0
14,189,0
14,190,0
14,191,0
14,192,0
14,193,0
14,194,1
14,195,0
14,196,0
14,197,0
14,198,0
14,199,4
14,200,0
14,201,0
14,202,0
14,203,0
14,204,0
14,205,0
14,206,0
14,207,4
14,208,0
14,209,0
14,210,0
14,211,0
14,212,0
14,213,0
14,214,0
14,215,1
14,216,0
14,217,0
14,218,0
14,219,0
14,220,1
14,221,0
14,222,1
14,223,0
14,224,0
14,225,0
14,226,0
14,227,0
14,228,0
14,229,0
14,230,0
14,231,0
14,232,0
14,233,0
14,234,0
14,235,0
14,236,0
14,237,0
14,238,0
14,239,0
14,240,0
14,241,1
14,242,0
14,243,0
14,244,0
14,245,0
14,246,0
14,247,0
14,248,0
14,249,0
14,250,0
14,251,0
14,252,0
14,253,0
14,254,1
14,255,0
14,256,0
14,257,0
14,258,1
14,259,0
14,260,0
14,261,3
14,262,0
14,263,0
14,264,1
14,265,0
14,266,0
14,267,0
14,268,0
14,269,0
14,270,0
14,271,0
14,272,0
14,273,0
14,274,0
14,275,0
14,276,0
14,277,0
14,278,0
14,279,0
14,280,0
14,281,1
14,282,0
14,283,0
14,284,0
14,285,0
14,286,0
14,287,0
14,288,0
14,289,0
14,290,0
14,291,0
14,292,0
14,293,0
14,294,2
14,295,0
14,296,0
14,297,0
14,298,0
14,299,1
14,300,0
14,301,0
14,302,0
14,303,1
14,304,0
14,305,0
14,306,0
14,307,0
14,308,0
14,309,0
15,1,0
15,2,0
15,3,0
15,4,0
15,5,0
15,6,0
15,7,0
15,8,2
15,9,0
15,10,0
15,11,0
15,12,0
15,13,0
15,14,0
15,15,0
15,16,0
15,17,0
15,18,0
15,19,0
15,20,0
15,21,0
15,22,0
15,23,0
15,24,0
15,25,0
15,26,0
15,27,0
15,28,0
15,29,0
15,30,0
15,31,0
15,32,0
15,33,0
15,34,0
15,35,0
15,36,0
15,37,2
15,38,0
15,39,0
15,40,0
15,41,0
15,42,0
15,43,0
15,44,0
15,45,0
15,46,0
15,47,1
15,48,0
15,49,0
15,50,0
15,51,0
15,52,0
15,53,0
15,54,0
15,55,0
15,56,0
15,57,0
15,58,0
15,59,0
15,60,0
15,61,1
15,62,0
15,63,0
15,64,0
15,65,0
15,66,0
15,67,0
15,68,0
15,69,0
15,70,0
15,71,0
15,72,0
15,73,0
15,74,0
15,75,1
15,76,0
15,77,0
15,78,0
15,79,0
15,80,0
15,81,0
15,82,0
15,83,0
15,84,0
15,85,0
15,86,0
15,87,0
15,88,0
15,89,0
15,90,0
15,91,0
15,92,0
15,93,0
15,94,0
15,95,0
15,96,0
15,97,0
15,98,0
15,99,0
15,100,2
15,101,0
15,102,0
15,103,0
15,104,0
15,105,0
15,106,0
15,107,0
15,108,0
15,109,0
15,110,0
15,111,0
15,112,0
15,113,0
15,114,0
15,115,0
15,116,1
15,117,0
15,118,8
15,119,0
15,120,1
15,121,0
15,122,0
15,123,0
15,124,0
15,125,0
15,126,0
15,127,0
15,128,0
15,129,0
15,130,0
15,131,1
15,132,0
15,133,0
15,134,2
15,135,0
15,136,0
15,137,0
15,138,1
15,139,0
15,140,0
15,141,0
15,142,0
15,143,0
15,144,0
15,145,0
15,146,0
15,147,0
15,148,0
15,149,0
15,150,0
15,151,0
15,152,0
15,153,0
15,154,0
15,155,0
15,156,1
15,157,0
15,158,0
15,159,0
15,160,0
15,161,0
15,162,0
15,163,0
15,164,0
15,165,0
15,166,0
15,167,0
15,168,0
15,169,0
15,170,0
15,171,0
15,172,0
15,173,0
15,174,0
15,175,1
15,176,0
15,177,0
15,178,0
15,179,0
15,180,0
15,181,0
15,182,0
15,183,0
15,184,0
15,185,0
15,186,0
15,187,0
15,188,0
15,189,0
15,190,0
15,191,0
15,192,0
15,193,1
15,194,0
15,195,1
15,196,0
15,197,0
15,198,0
15,199,0
15,200,1
15,201,0
15,202,1
15,203,0
15,204,0
15,205,0
15,206,0
15,207,0
15,208,0
15,209,0
15,210,0
15,211,0
15,212,0
15,213,3
15,214,0
15,215,0
15,216,0
15,217,0
15,218,0
15,219,1
15,220,0
15,221,0
15,222,0
15,223,0
15,224,0
15,225,0
15,226,0
15,227,0
15,228,0
15,229,0
15,230,0
15,231,3
15,232,0
15,233,0
15,234,0
15,235,0
15,236,0
15,237,0
15,238,0
15,239,0
15,240,0
15,241,0
15,242,0
15,243,0
15,244,0
15,245,0
15,246,0
15,247,0
15,248,0
15,249,4
15,250,0
15,251,0
15,252,0
15,253,0
15,254,0
15,255,0
15,256,0
15,257,0
15,258,0
15,259,0
15,260,0
15,261,0
15,262,0
15,263,0
15,264,0
15,265,0
15,266,0
15,267,3
15,268,1
15,269,0
15,270,2
15,271,0
15,272,0
15,273,0
15,274,1
15,275,0
15,276,0
15,277,0
15,278,0
15,279,0
15,280,0
15,281,0
15,282,0
15,283,0
15,284,0
15,285,0
15,286,0
15,287,0
15,288,0
15,289,0
15,290,0
15,291,0
15,292,0
15,293,0
15,294,0
15,295,0
15,296,0
15,297,0
15,298,0
15,299,2
15,300,0
15,301,0
16,1,0
16,2,0
16,3,0
16,4,0
16,5,0
16,6,0
16,7,0
16,8,0
16,9,0
16,10,0
16,11,0
16,12,0
16,13,0
16,14,0
16,15,0
16,16,0
16,17,3
16,18,0
16,19,0
16,20,0
16,21,0
16,22,0
16,23,0
16,24,0
16,25,0
16,26,0
16,27,0
16,28,0
16,29,0
16,30,0
16,31,0
16,32,0
16,33,0
16,34,0
16,35,0
16,36,0
16,37,0
16,38,0
16,39,0
16,40,0
16,41,0
16,42,1
16,43,1
16,44,0
16,45,0
16,46,0
16,47,0
16,48,0
16,49,0
16,50,1
16,51,0
16,52,0
16,53,0
16,54,0
16,55,0
16,56,0
16,57,0
16,58,0
16,59,0
16,60,0
16,61,0
16,62,0
16,63,1
16,64,0
16,65,0
16,66,0
16,67,0
16,68,1
16,69,0
16,70,0
16,71,0
16,72,0
16,73,0
16,74,0
16,75,0
16,76,0
16,77,1
16,78,0
16,79,0
16,80,0
16,81,0
16,82,0
16,83,0
16,84,0
16,85,0
16,86,0
16,87,0
16,88,0
16,89,0
16,90,0
16,91,0
16,92,0
16,93,0
16,94,0
16,95,0
16,96,0
16,97,0
16,98,1
16,99,0
16,100,0
16,101,5
16,102,0
16,103,0
16,104,0
16,105,0
16,106,2
16,107,0
16,108,0
16,109,0
16,110,0
16,111,0
16,112,0
16,113,1
16,114,0
16,115,0
16,116,6
16,117,0
16,118,0
16,119,0
16,120,0
16,121,1
16,122,3
16,123,0
16,124,0
16,125,0
16,126,0
16,127,0
16,128,0
16,129,0
16,130,0
16,131,0
16,132,0
16,133,0
16,134,0
16,135,0
16,136,0
16,137,0
16,138,0
16,139,0
16,140,0
16,141,1
16,142,0
16,143,0
16,144,0
16,145,0
16,146,0
16,147,1
16,148,0
16,149,0
16,150,0
16,151,0
16,152,0
16,153,1
16,154,0
16,155,0
16,156,0
16,157,0
16,158,0
16,159,0
16,160,0
16,161,0
16,162,0
16,163,0
16,164,0
16,165,0
16,166,0
16,167,0
16,168,0
16,169,0
16,170,0
16,171,0
16,172,2
16,173,0
16,174,0
16,175,0
16,176,0
16,177,0
16,178,0
16,179,0
16,180,0
16,181,0
16,182,0
16,183,0
16,184,0
16,185,0
16,186,0
16,187,0
16,188,0
16,189,0
16,190,0
16,191,0
16,192,0
16,193,0
16,194,0
16,195,0
16,196,0
16,197,0
16,198,0
16,199,0
16,200,0
16,201,0
16,202,0
16,203,1
16,204,0
16,205,0
16,206,0
16,207,0
16,208,2
16,209,0
16,210,0
16,211,0
16,212,0
16,213,0
16,214,0
16,215,0
16,216,0
16,217,0
16,218,0
16,219,0
16,220,0
16,221,0
16,222,0
16,223,0
16,224,0
16,225,0
16,226,0
16,227,0
16,228,0
16,229,0
16,230,1
16,231,0
16,232,1
16,233,0
16,234,0
16,235,0
16,236,0
16,237,2
16,238,0
16,239,0
16,240,1
16,241,0
16,242,0
16,243,0
16,244,0
16,245,0
16,246,0
16,247,0
16,248,0
16,249,0
16,250,0
16,251,0
16,252,0
16,253,0
16,254,0
16,255,0
16,256,0
16,257,0
16,258,0
16,259,1
16,260,0
16,261,0
16,262,0
16,263,0
16,264,0
16,265,0
16,266,0
16,267,0
16,268,0
16,269,0
16,270,0
16,271,0
16,272,1
16,273,0
16,274,0
16,275,0
16,276,0
16,277,0
16,278,0
16,279,0
16,280,0
16,281,0
16,282,0
16,283,0
16,284,0
16,285,0
16,286,0
16,287,0
16,288,0
16,289,0
16,290,0
16,291,0
16,292,0
16,293,0
16,294,0
16,295,0
16,296,0
16,297,0
16,298,0
16,299,0
16,300,0
16,301,0
16,302,0
16,303,0
16,304,0
16,305,0
16,306,0
16,307,0
16,308,0
16,309,0
16,310,0
16,311,0
16,312,0
16,313,0
16,314,0
16,315,1
16,316,1
16,317,0
16,318,0
16,319,0
16,320,0
16,321,0
16,322,0
16,323,0
16,324,0
16,325,0
16,326,0
16,327,0
16,328,0
16,329,1
16,330,0
16,331,0
16,332,0
16,333,1
16,334,0
16,335,0
16,336,0
16,337,0
16,338,5
16,339,0
16,340,0
16,341,6
16,342,1
16,343,0
16,344,3
16,345,0
16,346,0
16,347,0
16,348,0
16,349,0
16,350,0
16,351,0
16,352,0
16,353,0
16,354,0
16,355,0
16,356,0
16,357,0
16,358,0
16,359,0
16,360,0
16,361,0
16,362,0
16,363,0
16,364,0
16,365,0
16,366,0
16,367,1
16,368,0
16,369,0
16,370,0
16,371,0
16,372,0
16,373,0
16,374,1
16,375,0
16,376,0
16,377,0
16,378,0
16,379,0
16,380,0
16,381,0
16,382,0
16,383,0
16,384,0
16,385,0
16,386,0
16,387,0
16,388,0
16,389,0
16,390,1
16,391,0
16,392,0
16,393,0
16,394,0
16,395,0
16,396,1
16,397,2
16,398,0
16,399,1
16,400,0
16,401,0
16,402,1
16,403,0
16,404,0
16,405,5
16,406,0
16,407,0
16,408,0
16,409,1
16,410,0
16,411,0
16,412,0
16,413,0
16,414,0
16,415,0
16,416,0
16,417,1
16,418,0
16,419,0
16,420,0
16,421,0
16,422,1
16,423,0
16,424,0
16,425,0
16,426,0
16,427,0
17,1,0
17,2,1
17,3,0
17,4,0
17,5,0
17,6,0
17,7,1
17,8,0
17,9,0
17,10,0
17,11,0
17,12,0
17,13,0
17,14,0
17,15,0
17,16,0
17,17,0
17,18,0
17,19,0
17,20,0
17,21,0
17,22,0
17,23,0
17,24,0
17,25,0
17,26,0
17,27,0
17,28,0
17,29,0
17,30,0
17,31,0
17,32,0
17,33,0
17,34,0
17,35,0
17,36,1
17,37,0
17,38,11
17,39,0
17,40,1
17,41,0
17,42,0
17,43,6
17,44,0
17,45,3
17,46,0
17,47,0
17,48,0
17,49,0
17,50,0
17,51,0
17,52,0
17,53,0
17,54,0
17,55,0
17,56,1
17,57,0
17,58,0
17,59,0
17,60,0
17,61,0
17,62,0
17,63,0
17,64,0
17,65,0
17,66,0
17,67,1
17,68,0
17,69,6
17,70,1
17,71,3
17,72,1
17,73,0
17,74,3
17,75,1
17,76,6
17,77,0
17,78,1
17,79,0
17,80,0
17,81,0
17,82,0
17,83,0
17,84,0
17,85,0
17,86,0
17,87,0
17,88,0
17,89,0
17,90,1
17,91,0
17,92,0
17,93,0
17,94,0
17,95,0
17,96,0
17,97,0
17,98,0
17,99,0
17,100,0
17,101,0
17,102,0
17,103,0
17,104,0
17,105,0
17,106,0
17,107,6
17,108,0
17,109,0
17,110,1
17,111,0
17,112,0
17,113,0
17,114,0
17,115,0
17,116,2
17,117,0
17,118,0
17,119,0
17,120,0
17,121,0
17,122,0
17,123,0
17,124,0
17,125,0
17,126,1
17,127,0
17,128,0
17,129,0
17,130,0
17,131,0
17,132,0
17,133,0
17,134,0
17,135,0
17,136,0
17,137,0
17,138,0
17,139,0
17,140,0
17,141,0
17,142,0
17,143,0
17,144,0
17,145,0
17,146,0
17,147,0
17,148,0
17,149,0
17,150,0
17,151,0
17,152,0
17,153,0
17,154,0
17,155,0
17,156,0
17,157,0
17,158,0
17,159,0
17,160,1
17,161,1
17,162,0
17,163,1
17,164,1
17,165,0
17,166,0
17,167,0
17,168,0
17,169,0
17,170,0
17,171,0
17,172,0
17,173,1
17,174,0
17,175,0
17,176,0
17,177,0
17,178,0
17,179,0
17,180,0
17,181,0
17,182,0
17,183,2
17,184,0
17,185,0
17,186,0
17,187,1
17,188,0
17,189,0
17,190,0
17,191,0
17,192,0
17,193,0
17,194,0
17,195,0
17,196,0
17,197,0
17,198,0
17,199,0
17,200,0
17,201,0
17,202,0
17,203,0
17,204,0
17,205,0
17,206,0
17,207,0
17,208,0
17,209,0
17,210,0
17,211,0
17,212,0
17,213,0
17,214,3
17,215,0
17,216,0
17,217,0
17,218,0
17,219,1
17,220,0
17,221,0
17,222,0
17,223,0
17,224,0
17,225,1
17,226,0
17,227,0
17,228,0
17,229,0
17,230,0
17,231,0
17,232,0
17,233,0
17,234,0
17,235,0
17,236,0
17,237,0
17,238,0
17,239,0
17,240,0
17,241,0
17,242,0
17,243,1
17,244,0
17,245,0
17,246,0
17,247,1
17,248,0
17,249,0
17,250,0
17,251,0
17,252,0
17,253,0
17,254,0
17,255,0
17,256,0
17,257,0
17,258,0
17,259,0
17,260,0
17,261,0
17,262,0
17,263,0
17,264,0
17,265,0
17,266,0
17,267,0
17,268,0
17,269,0
17,270,0
17,271,0
17,272,0
17,273,0
17,274,1
17,275,0
17,276,0
17,277,0
17,278,0
17,279,0
17,280,0
17,281,0
17,282,4
17,283,0
17,284,0
17,285,0
17,286,0
17,287,0
17,288,0
17,289,0
17,290,0
17,291,0
17,292,0
17,293,0
17,294,0
17,295,0
17,296,1
17,297,0
17,298,0
17,299,0
17,300,0
17,301,8
17,302,1
17,303,0
17,304,0
17,305,0
17,306,0
17,307,0
17,308,0
17,309,0
17,310,0
17,311,0
17,312,0
17,313,0
17,314,0
17,315,0
17,316,0
17,317,0
17,318,0
17,319,0
17,320,0
17,321,0
17,322,0
17,323,0
17,324,0
17,325,0
17,326,0
17,327,0
17,328,1
17,329,1
17,330,0
17,331,0
17,332,0
17,333,0
17,334,0
17,335,0
17,336,0
17,337,0
17,338,0
17,339,0
17,340,0
17,341,1
17,342,1
17,343,0
17,344,0
17,345,0
17,346,0
17,347,0
17,348,0
17,349,0
17,350,0
17,351,0
17,352,1
17,353,0
17,354,1
17,355,0
17,356,0
17,357,0
17,358,0
17,359,0
17,360,0
17,361,0
17,362,0
17,363,0
17,364,0
17,365,0
17,366,0
17,367,0
17,368,0
17,369,0
17,370,0
17,371,3
17,372,0
17,373,0
17,374,0
17,375,0
17,376,0
17,377,0
17,378,0
17,379,0
17,380,0
17,381,0
17,382,0
17,383,0
17,384,0
17,385,0
17,386,0
17,387,0
17,388,0
17,389,0
17,390,0
17,391,0
17,392,0
17,393,0
17,394,0
17,395,0
17,396,0
17,397,0
17,398,0
17,399,0
17,400,0
17,401,7
17,402,0
17,403,0
17,404,0
17,405,0
17,406,0
17,407,0
17,408,0
17,409,0
17,410,0
17,411,0
17,412,0
17,413,0
17,414,0
17,415,0
17,416,0
17,417,0
17,418,0
17,419,0
17,420,0
17,421,0
17,422,1
17,423,0
17,424,0
17,425,0
17,426,0
17,427,0
17,428,0
17,429,0
17,430,0
17,431,0
17,432,0
17,433,0
17,434,0
17,435,0
17,436,7
17,437,2
17,438,0
17,439,0
17,440,0
17,441,1
17,442,0
17,443,0
17,444,0
17,445,0
17,446,0
17,447,0
17,448,0
17,449,0
17,450,5
17,451,0
17,452,3
17,453,0
17,454,0
17,455,1
17,456,0
17,457,0
17,458,4
17,459,0
17,460,0
17,461,4
17,462,0
17,463,0
17,464,0
17,465,0
17,466,0
17,467,0
17,468,0
17,469,0
17,470,0
17,471,0
17,472,0
17,473,0
17,474,0
17,475,0
17,476,0
17,477,0
17,478,0
17,479,2
17,480,0
17,481,0
17,482,0
17,483,0
17,484,0
17,485,0
17,486,0
17,487,0
17,488,0
17,489,3
17,490,0
17,491,0
17,492,0
17,493,0
17,494,0
17,495,0
17,496,1
17,497,0
17,498,0
17,499,0
17,500,0
17,501,6
17,502,0
17,503,0
17,504,0
17,505,0
17,506,0
17,507,0
17,508,0
17,509,0
17,510,1
17,511,0
17,512,0
17,513,0
17,514,0
17,515,0
17,516,0
17,517,0
17,518,0
17,519,0
17,520,0
17,521,0
17,522,0
17,523,0
17,524,0
17,525,0
17,526,0
17,527,0
17,528,0
17,529,0
17,530,0
17,531,0
17,532,0
17,533,0
17,534,0
17,535,1
17,536,0
17,537,0
17,538,0
17,539,0
17,540,0
17,541,0
17,542,0
17,543,0
17,544,0
17,545,0
17,546,0
17,547,0
17,548,0
17,549,0
17,550,0
17,551,0
17,552,0
17,553,0
17,554,0
17,555,0
17,556,0
17,557,1
17,558,0
17,559,0
17,560,0
17,561,0
17,562,0
17,563,0
17,564,0
17,565,0
17,566,0
17,567,0
17,568,0
17,569,0
17,570,0
17,571,0
17,572,0
17,573,0
17,574,0
17,575,0
17,576,0
17,577,0
17,578,0
17,579,0
17,580,0
17,581,0
17,582,0
17,583,0
17,584,0
17,585,0
17,586,0
17,587,0
17,588,0
17,589,0
17,590,0
17,591,0
17,592,0
17,593,0
18,1,0
18,2,1
18,3,0
18,4,0
18,5,0
18,6,1
18,7,0
18,8,0
18,9,1
18,10,0
18,11,0
18,12,0
18,13,2
18,14,0
18,15,5
18,16,0
18,17,0
18,18,0
18,19,0
18,20,0
18,21,0
18,22,0
18,23,0
18,24,0
18,25,0
18,26,0
18,27,0
18,28,0
18,29,1
18,30,1
18,31,0
18,32,0
18,33,0
18,34,0
18,35,0
18,36,1
18,37,0
18,38,0
18,39,0
18,40,0
18,41,0
18,42,3
18,43,0
18,44,0
18,45,0
18,46,0
18,47,1
18,48,0
18,49,0
18,50,0
18,51,0
18,52,0
18,53,0
18,54,0
18,55,0
18,56,0
18,57,0
18,58,0
18,59,0
18,60,0
18,61,0
18,62,0
18,63,0
18,64,0
18,65,0
18,66,0
18,67,0
18,68,0
18,69,0
18,70,0
18,71,0
18,72,0
18,73,0
18,74,0
18,75,0
18,76,2
18,77,0
18,78,0
18,79,0
18,80,2
18,81,0
18,82,1
18,83,0
18,84,0
18,85,0
18,86,0
18,87,0
18,88,0
18,89,1
18,90,0
18,91,0
18,92,0
18,93,0
18,94,0
18,95,1
18,96,0
18,97,0
18,98,0
18,99,0
18,100,0
18,101,0
18,102,1
18,103,0
18,104,1
18,105,1
18,106,0
18,107,0
18,108,0
18,109,0
18,110,0
18,111,0
18,112,0
18,113,0
18,114,0
18,115,0
18,116,0
18,117,2
18,118,0
18,119,0
18,120,0
18,121,1
18,122,0
18,123,1
18,124,0
18,125,2
18,126,0
18,127,0
18,128,0
18,129,0
18,130,0
18,131,0
18,132,0
18,133,0
19,1,0
19,2,0
19,3,0
19,4,3
19,5,0
19,6,0
19,7,1
19,8,0
19,9,4
19,10,0
19,11,0
19,12,2
19,13,0
19,14,0
19,15,0
19,16,0
19,17,1
19,18,1
19,19,0
19,20,0
19,21,0
19,22,0
19,23,0
19,24,0
19,25,0
19,26,0
19,27,0
19,28,0
19,29,0
19,30,0
19,31,0
19,32,0
19,33,0
19,34,0
19,35,0
19,36,0
19,37,0
19,38,0
19,39,0
19,40,0
19,41,1
19,42,0
19,43,0
19,44,0
19,45,0
19,46,0
19,47,0
19,48,0
19,49,1
19,50,0
19,51,0
19,52,0
19,53,0
19,54,0
19,55,0
19,56,0
19,57,0
19,58,0
19,59,1
19,60,0
19,61,0
19,62,0
19,63,0
19,64,0
19,65,0
19,66,0
19,67,0
19,68,0
19,69,0
19,70,0
19,71,0
19,72,0
19,73,0
19,74,0
19,75,0
19,76,0
19,77,3
19,78,0
19,79,4
19,80,0
19,81,0
19,82,0
19,83,0
19,84,0
19,85,0
19,86,0
19,87,0
19,88,0
19,89,0
19,90,0
19,91,0
19,92,0
19,93,0
19,94,0
19,95,0
19,96,1
19,97,0
19,98,0
19,99,0
19,100,0
19,101,0
19,102,0
19,103,0
19,104,0
19,105,0
19,106,0
19,107,0
19,108,0
19,109,0
19,110,0
19,111,0
19,112,0
19,113,1
19,114,0
19,115,0
19,116,0
19,117,0
19,118,0
19,119,0
19,120,0
19,121,0
19,122,0
19,123,3
19,124,0
19,125,0
19,126,0
19,127,0
19,128,0
19,129,0
19,130,0
19,131,0
19,132,0
19,133,0
19,134,0
19,135,0
19,136,0
19,137,0
19,138,0
19,139,0
19,140,0
19,141,0
19,142,0
19,143,0
19,144,0
19,145,2
19,146,0
19,147,0
19,148,1
19,149,0
19,150,6
19,151,0
19,152,0
19,153,0
19,154,0
19,155,0
19,156,0
19,157,0
19,158,0
19,159,0
19,160,0
19,161,0
19,162,0
19,163,0
19,164,6
19,165,0
19,166,0
19,167,0
19,168,0
19,169,0
19,170,0
19,171,0
19,172,0
19,173,0
19,174,0
19,175,0
19,176,0
19,177,0
19,178,0
19,179,2
19,180,0
19,181,0
19,182,0
19,183,0
19,184,0
19,185,0
19,186,1
19,187,0
19,188,0
19,189,0
19,190,0
19,191,0
19,192,0
19,193,0
19,194,0
19,195,0
19,196,0
19,197,0
19,198,0
19,199,0
19,200,0
19,201,0
19,202,0
19,203,1
19,204,0
19,205,0
19,206,0
19,207,0
19,208,0
19,209,0
19,210,0
19,211,0
19,212,0
19,213,0
19,214,0
19,215,0
19,216,0
19,217,0
19,218,0
19,219,0
19,220,0
19,221,0
19,222,0
19,223,0
19,224,1
19,225,0
19,226,0
19,227,0
19,228,0
19,229,0
19,230,0
19,231,0
19,232,0
19,233,0
19,234,0
19,235,0
19,236,0
19,237,0
19,238,0
19,239,0
19,240,0
19,241,0
19,242,0
19,243,0
19,244,0
19,245,0
19,246,0
19,247,0
19,248,0
19,249,0
19,250,0
19,251,0
19,252,0
19,253,0
19,254,0
19,255,0
19,256,0
19,257,0
19,258,0
19,259,0
19,260,0
19,261,0
19,262,0
19,263,0
19,264,0
19,265,0
19,266,0
19,267,0
19,268,0
19,269,1
19,270,0
19,271,0
19,272,0
19,273,0
19,274,0
19,275,0
19,276,0
19,277,0
19,278,1
19,279,1
19,280,0
19,281,0
19,282,0
19,283,10
19,284,0
19,285,0
19,286,1
19,287,0
19,288,0
19,289,0
19,290,0
19,291,0
19,292,0
19,293,0
19,294,0
19,295,0
19,296,0
19,297,0
19,298,0
19,299,0
19,300,0
19,301,2
19,302,0
19,303,0
19,304,0
19,305,5
19,306,0
19,307,0
19,308,0
19,309,0
19,310,0
19,311,0
19,312,0
19,313,0
19,314,0
19,315,0
19,316,0
19,317,0
19,318,0
19,319,0
19,320,0
19,321,0
19,322,2
19,323,0
19,324,0
19,325,0
19,326,0
19,327,0
19,328,0
19,329,0
19,330,1
19,331,0
19,332,0
19,333,2
19,334,0
19,335,0
19,336,0
19,337,0
19,338,0
19,339,0
19,340,0
19,341,0
19,342,0
19,343,0
19,344,0
19,345,0
19,346,0
19,347,0
19,348,0
19,349,0
19,350,0
19,351,0
19,352,0
19,353,0
19,354,0
19,355,0
19,356,0
19,357,0
19,358,0
19,359,0
19,360,0
19,361,0
19,362,0
19,363,0
19,364,0
19,365,0
19,366,0
19,367,0
19,368,0
19,369,0
19,370,0
19,371,0
19,372,0
19,373,0
19,374,0
19,375,0
19,376,0
19,377,0
19,378,0
19,379,0
19,380,0
19,381,0
19,382,0
19,383,0
19,384,3
19,385,0
19,386,0
19,387,0
19,388,0
19,389,0
19,390,0
19,391,0
19,392,0
19,393,0
19,394,0
19,395,0
19,396,0
19,397,0
19,398,0
19,399,0
19,400,0
19,401,0
19,402,0
19,403,0
19,404,0
19,405,0
19,406,0
19,407,0
19,408,0
19,409,0
19,410,0
19,411,0
19,412,0
19,413,0
19,414,0
19,415,0
19,416,0
19,417,0
19,418,0
19,419,0
19,420,0
19,421,0
19,422,1
19,423,0
19,424,0
19,425,1
19,426,0
19,427,0
19,428,0
19,429,0
19,430,0
19,431,0
19,432,0
19,433,0
19,434,0
19,435,0
19,436,4
19,437,0
19,438,0
19,439,0
19,440,0
19,441,0
19,442,0
19,443,0
19,444,0
19,445,0
19,446,0
19,447,0
19,448,0
19,449,0
19,450,0
19,451,0
19,452,1
19,453,0
19,454,0
19,455,0
19,456,0
19,457,0
19,458,0
19,459,0
19,460,0
19,461,0
19,462,0
19,463,1
19,464,0
19,465,0
19,466,0
19,467,0
19,468,0
19,469,0
19,470,0
19,471,0
19,472,0
19,473,0
19,474,0
19,475,0
19,476,0
19,477,0
19,478,0
19,479,0
19,480,2
19,481,0
19,482,0
19,483,0
19,484,0
19,485,0
19,486,0
19,487,1
19,488,0
19,489,0
19,490,0
19,491,0
19,492,0
19,493,0
19,494,1
19,495,0
19,496,1
19,497,0
19,498,1
19,499,0
19,500,0
19,501,0
19,502,0
19,503,0
19,504,0
19,505,0
19,506,2
19,507,0
19,508,1
19,509,0
19,510,0
19,511,0
19,512,0
19,513,0
19,514,0
19,515,0
19,516,0
19,517,0
19,518,0
19,519,0
19,520,0
19,521,0
19,522,0
19,523,0
19,524,0
19,525,0
19,526,0
19,527,0
19,528,0
19,529,0
19,530,0
19,531,0
19,532,0
19,533,0
19,534,0
19,535,0
19,536,1
19,537,1
19,538,0
19,539,1
19,540,0
19,541,0
19,542,0
19,543,0
19,544,0
19,545,0
19,546,0
19,547,0
19,548,0
19,549,0
19,550,0
19,551,1
19,552,0
19,553,0
19,554,0
19,555,0
19,556,0
19,557,1
19,558,1
19,559,0
19,560,0
19,561,0
19,562,0
19,563,0
19,564,0
19,565,10
19,566,0
19,567,0
19,568,0
19,569,0
19,570,0
19,571,0
19,572,0
19,573,0
19,574,0
19,575,0
19,576,0
19,577,0
19,578,0
19,579,1
19,580,0
19,581,0
19,582,0
19,583,0
19,584,0
19,585,0
19,586,0
19,587,1
19,588,0
19,589,0
19,590,0
19,591,1
19,592,0
19,593,0
19,594,0
19,595,1
19,596,0
19,597,0
19,598,1
19,599,0
19,600,0
19,601,0
19,602,0
19,603,0
19,604,0
19,605,0
19,606,1
19,607,0
19,608,0
19,609,2
19,610,0
19,611,0
19,612,0
19,613,0
19,614,0
19,615,0
19,616,1
19,617,0
19,618,1
19,619,0
19,620,4
19,621,0
19,622,0
19,623,0
19,624,0
19,625,0
19,626,0
19,627,0
19,628,0
19,629,0
19,630,0
19,631,0
19,632,0
19,633,0
19,634,0
19,635,1
19,636,0
19,637,0
19,638,0
19,639,0
19,640,0
19,641,3
19,642,0
19,643,0
19,644,0
19,645,0
19,646,0
19,647,1
19,648,0
19,649,0
19,650,2
19,651,0
19,652,0
19,653,0
19,654,0
19,655,0
19,656,1
19,657,2
19,658,0
19,659,0
19,660,0
19,661,0
19,662,0
19,663,0
19,664,0
19,665,0
19,666,0
19,667,0
19,668,0
19,669,0
19,670,0
19,671,1
19,672,3
19,673,0
19,674,0
19,675,0
19,676,0
19,677,0
19,678,0
19,679,0
19,680,0
19,681,0
19,682,0
19,683,0
19,684,0
19,685,8
19,686,1
19,687,0
19,688,0
19,689,0
19,690,0
19,691,0
19,692,0
19,693,0
19,694,0
19,695,0
19,696,0
19,697,1
19,698,0
19,699,0
19,700,0
19,701,0
19,702,1
19,703,0
19,704,1
19,705,0
19,706,0
19,707,1
19,708,0
19,709,0
19,710,0
19,711,0
19,712,0
19,713,0
19,714,0
19,715,0
19,716,1
19,717,0
19,718,0
19,719,0
19,720,0
19,721,0
19,722,0
19,723,0
19,724,0
19,725,0
19,726,0
19,727,1
19,728,0
19,729,0
19,730,0
19,731,0
19,732,0
19,733,0
19,734,0
19,735,3
19,736,0
19,737,0
19,738,0
19,739,0
20,1,0
20,2,0
20,3,0
20,4,0
20,5,0
20,6,0
20,7,0
20,8,0
20,9,0
20,10,0
20,11,0
20,12,0
20,13,0
20,14,0
20,15,0
20,16,0
20,17,0
20,18,0
20,19,0
20,20,0
20,21,0
20,22,0
20,23,2
20,24,0
20,25,0
20,26,1
20,27,1
20,28,0
20,29,0
20,30,0
20,31,0
20,32,0
20,33,0
20,34,0
20,35,0
20,36,0
20,37,0
20,38,0
20,39,1
20,40,0
20,41,0
20,42,0
20,43,1
20,44,0
20,45,0
20,46,0
20,47,0
20,48,0
20,49,0
20,50,0
20,51,0
20,52,0
20,53,2
20,54,0
20,55,0
20,56,0
20,57,0
20,58,0
20,59,0
20,60,0
20,61,0
20,62,0
20,63,0
20,64,0
20,65,0
20,66,0
20,67,1
20,68,0
20,69,0
20,70,0
20,71,0
20,72,0
20,73,0
20,74,0
20,75,0
20,76,1
20,77,1
20,78,0
20,79,1
20,80,0
20,81,0
20,82,0
20,83,0
20,84,0
20,85,0
20,86,0
20,87,0
20,88,0
20,89,0
20,90,0
20,91,0
20,92,0
20,93,0
20,94,1
20,95,0
20,96,0
20,97,0
20,98,0
20,99,0
20,100,0
20,101,0
20,102,0
20,103,0
20,104,0
20,105,1
20,106,0
20,107,0
20,108,0
20,109,1
20,110,0
20,111,0
20,112,0
20,113,0
20,114,0
20,115,0
20,116,0
20,117,1
20,118,0
20,119,0
20,120,0
20,121,0
20,122,0
20,123,0
20,124,0
20,125,0
20,126,1
20,127,0
20,128,0
20,129,0
20,130,0
20,131,0
20,132,0
20,133,0
20,134,0
20,135,0
20,136,0
20,137,0
20,138,0
20,139,0
20,140,0
20,141,0
20,142,0
20,143,0
20,144,0
20,145,0
20,146,0
20,147,0
20,148,0
20,149,0
20,150,0
20,151,0
20,152,0
20,153,0
20,154,0
20,155,0
20,156,2
20,157,0
20,158,0
20,159,0
20,160,0
20,161,0
20,162,0
20,163,0
20,164,0
20,165,0
20,166,0
20,167,0
20,168,0
20,169,0
20,170,0
20,171,0
20,172,0
20,173,0
20,174,0
20,175,2
20,176,0
20,177,0
20,178,0
20,179,0
20,180,0
20,181,0
20,182,0
20,183,3
20,184,0
20,185,0
20,186,0
20,187,0
20,188,0
20,189,0
20,190,0
20,191,0
20,192,0
20,193,0
20,194,0
20,195,0
20,196,0
20,197,1
20,198,0
20,199,0
20,200,0
20,201,0
20,202,0
20,203,0
20,204,0
20,205,0
20,206,0
20,207,0
20,208,0
20,209,1
20,210,0
20,211,0
20,212,0
20,213,0
20,214,0
20,215,0
20,216,0
20,217,0
20,218,0
20,219,0
20,220,0
20,221,0
20,222,0
20,223,0
20,224,1
20,225,0
20,226,0
20,227,0
20,228,0
20,229,0
20,230,0
20,231,0
20,232,0
20,233,0
20,234,0
20,235,3
20,236,0
20,237,0
20,238,0
20,239,1
20,240,1
20,241,0
20,242,0
20,243,0
20,244,0
20,245,0
20,246,0
20,247,0
20,248,2
20,249,0
20,250,0
20,251,0
20,252,0
20,253,0
20,254,8
20,255,0
20,256,0
20,257,0
20,258,0
20,259,0
20,260,0
20,261,4
20,262,0
20,263,0
20,264,0
20,265,0
20,266,0
20,267,0
20,268,0
20,269,0
20,270,0
20,271,0
20,272,0
20,273,0
20,274,0
21,1,0
21,2,0
21,3,0
21,4,0
21,5,0
21,6,0
21,7,0
21,8,0
21,9,0
21,10,0
21,11,0
21,12,0
21,13,0
21,14,0
21,15,0
21,16,0
21,17,0
21,18,0
21,19,0
21,20,0
21,21,1
21,22,2
21,23,0
21,24,0
21,25,0
21,26,0
21,27,0
21,28,0
21,29,0
21,30,0
21,31,0
21,32,0
21,33,0
21,34,0
21,35,0
21,36,0
21,37,0
21,38,0
21,39,0
21,40,1
21,41,0
21,42,0
21,43,0
21,44,0
21,45,0
21,46,1
21,47,0
21,48,0
21,49,0
21,50,1
21,51,0
21,52,4
21,53,0
21,54,0
21,55,0
21,56,0
21,57,1
21,58,0
21,59,1
21,60,0
21,61,0
21,62,0
21,63,1
21,64,0
21,65,0
21,66,0
21,67,0
21,68,0
21,69,0
21,70,0
21,71,0
21,72,0
21,73,0
21,74,0
21,75,0
21,76,0
21,77,0
21,78,0
21,79,0
21,80,0
21,81,0
21,82,0
21,83,0
21,84,0
21,85,0
21,86,0
21,87,0
21,88,0
21,89,0
21,90,0
21,91,0
21,92,0
21,93,0
21,94,0
21,95,0
21,96,0
21,97,0
21,98,0
21,99,0
21,100,0
21,101,0
21,102,0
21,103,0
21,104,0
21,105,0
21,106,0
21,107,0
21,108,2
21,109,0
21,110,0
22,1,0
22,2,0
22,3,0
22,4,0
22,5,0
22,6,0
22,7,0
22,8,0
22,9,0
22,10,0
22,11,0
22,12,0
22,13,0
22,14,0
22,15,0
22,16,5
22,17,0
22,18,0
22,19,0
22,20,0
22,21,0
22,22,0
22,23,0
22,24,0
22,25,0
22,26,2
22,27,0
22,28,0
22,29,0
22,30,0
22,31,1
22,32,0
22,33,0
22,34,0
22,35,2
22,36,0
22,37,0
22,38,0
22,39,0
22,40,0
22,41,0
22,42,0
22,43,0
22,44,0
22,45,0
22,46,0
22,47,0
22,48,0
22,49,0
22,50,0
22,51,0
22,52,0
22,53,0
22,54,0
22,55,0
22,56,0
22,57,0
22,58,0
22,59,0
22,60,0
22,61,0
22,62,0
22,63,0
22,64,0
22,65,0
22,66,0
22,67,0
22,68,0
22,69,0
22,70,0
22,71,0
22,72,0
22,73,0
22,74,0
22,75,0
22,76,8
22,77,0
22,78,0
22,79,0
22,80,0
22,81,0
22,82,0
22,83,0
22,84,0
22,85,0
22,86,0
22,87,0
22,88,0
22,89,0
22,90,0
22,91,0
22,92,0
22,93,0
22,94,0
22,95,1
22,96,0
22,97,0
22,98,0
22,99,0
22,100,5
22,101,0
22,102,1
22,103,0
22,104,0
22,105,0
22,106,0
22,107,0
22,108,0
22,109,0
22,110,0
22,111,0
22,112,0
22,113,0
22,114,0
22,115,0
22,116,0
22,117,0
22,118,0
22,119,0
22,120,0
22,121,10
22,122,1
22,123,0
22,124,0
22,125,0
22,126,3
22,127,0
22,128,3
22,129,1
22,130,1
22,131,2
22,132,1
22,133,0
22,134,0
22,135,0
22,136,0
22,137,0
22,138,0
22,139,1
22,140,0
22,141,0
22,142,0
22,143,0
22,144,0
22,145,0
22,146,0
22,147,0
22,148,0
22,149,1
22,150,0
22,151,0
22,152,0
22,153,0
22,154,0
22,155,0
22,156,0
22,157,0
22,158,0
22,159,0
22,160,0
22,161,0
22,162,0
22,163,0
22,164,0
22,165,0
22,166,0
22,167,0
22,168,0
22,169,1
22,170,0
22,171,0
22,172,0
22,173,0
22,174,0
22,175,0
22,176,0
22,177,0
22,178,1
22,179,0
22,180,0
22,181,0
22,182,0
22,183,0
22,184,0
22,185,1
22,186,0
22,187,0
22,188,0
22,189,0
22,190,0
22,191,0
22,192,0
22,193,0
22,194,0
22,195,0
22,196,0
22,197,0
22,198,0
22,199,0
22,200,0
22,201,0
22,202,0
22,203,0
22,204,1
22,205,0
22,206,0
22,207,0
22,208,0
22,209,0
22,210,0
22,211,0
22,212,0
22,213,1
22,214,0
22,215,0
22,216,0
22,217,0
22,218,0
22,219,0
22,220,0
22,221,0
22,222,0
22,223,0
X,1,0
X,2,0
X,3,0
X,4,0
X,5,0
X,6,0
X,7,0
X,8,2
X,9,0
X,10,0
X,11,0
X,12,0
X,13,0
X,14,0
X,15,1
X,16,0
X,17,0
X,18,0
X,19,0
X,20,0
X,21,0
X,22,0
X,23,0
X,24,0
X,25,0
X,26,0
X,27,0
X,28,0
X,29,0
X,30,0
X,31,0
X,32,0
X,33,0
X,34,0
X,35,0
X,36,0
X,37,1
X,38,0
X,39,0
X,40,0
X,41,0
X,42,0
X,43,1
X,44,0
X,45,0
X,46,0
X,47,0
X,48,0
X,49,0
X,50,0
X,51,0
X,52,0
X,53,0
X,54,0
X,55,0
X,56,0
X,57,0
X,58,0
X,59,1
X,60,0
X,61,0
X,62,1
X,63,0
X,64,0
X,65,0
X,66,0
X,67,0
X,68,0
X,69,0
X,70,0
X,71,0
X,72,0
X,73,0
X,74,0
X,75,0
X,76,0
X,77,0
X,78,0
X,79,0
X,80,0
X,81,0
X,82,0
X,83,0
X,84,0
X,85,0
X,86,0
X,87,0
X,88,0
X,89,0
X,90,0
X,91,0
X,92,1
X,93,0
X,94,0
X,95,0
X,96,0
X,97,0
X,98,0
X,99,0
X,100,0
X,101,0
X,102,0
X,103,0
X,104,0
X,105,0
X,106,1
X,107,0
X,108,0
X,109,0
X,110,0
X,111,0
X,112,0
X,113,0
X,114,0
X,115,4
X,116,0
X,117,0
X,118,0
X,119,0
X,120,0
X,121,0
X,122,2
X,123,0
X,124,0
X,125,0
X,126,0
X,127,0
X,128,0
X,129,0
X,130,0
X,131,0
X,132,0
X,133,0
X,134,0
X,135,0
X,136,0
X,137,0
X,138,0
X,139,0
X,140,0
X,141,2
X,142,0
X,143,0
X,144,0
X,145,0
X,146,0
X,147,2
X,148,0
X,149,1
X,150,0
X,151,0
X,152,0
X,153,0
X,154,0
X,155,0
X,156,2
X,157,0
X,158,0
X,159,0
X,160,0
X,161,0
X,162,0
X,163,0
X,164,0
X,165,0
X,166,0
X,167,0
X,168,3
X,169,1
X,170,0
X,171,1
X,172,0
X,173,1
X,174,0
X,175,0
X,176,0
X,177,0
X,178,0
X,179,0
X,180,0
X,181,0
X,182,0
X,183,0
X,184,0
X,185,0
X,186,0
X,187,0
X,188,0
X,189,0
X,190,0
X,191,0
X,192,0
X,193,0
X,194,2
X,195,0
X,196,0
X,197,0
X,198,0
X,199,1
X,200,0
X,201,0
X,202,0
X,203,0
X,204,0
X,205,0
X,206,1
X,207,2
X,208,0
X,209,0
X,210,0
X,211,0
X,212,0
X,213,0
X,214,0
X,215,0
X,216,0
X,217,0
X,218,0
X,219,0
X,220,3
X,221,0
X,222,0
X,223,0
X,224,0
X,225,0
X,226,0
X,227,0
X,228,0
X,229,0
X,230,0
X,231,0
X,232,0
X,233,0
X,234,0
X,235,0
X,236,0
X,237,0
X,238,0
X,239,0
X,240,0
X,241,0
X,242,0
X,243,1
X,244,0
X,245,0
X,246,0
X,247,0
X,248,0
X,249,0
X,250,1
X,251,2
X,252,3
X,253,0
X,254,0
X,255,0
X,256,0
X,257,0
X,258,0
X,259,0
X,260,0
X,261,1
X,262,0
X,263,2
X,264,0
X,265,0
X,266,0
X,267,0
X,268,1
X,269,0
X,270,0
X,271,0
X,272,0
X,273,0
X,274,0
X,275,0
X,276,0
X,277,0
X,278,0
X,279,0
X,280,0
X,281,0
X,282,0
X,283,0
X,284,0
X,285,0
X,286,0
X,287,0
X,288,0
X,289,0
X,290,0
X,291,0
X,292,0
X,293,0
X,294,0
X,295,0
X,296,0
X,297,0
X,298,1
X,299,0
X,300,0
X,301,0
X,302,0
X,303,0
X,304,0
X,305,1
X,306,0
X,307,0
X,308,0
X,309,0
X,310,0
X,311,0
X,312,0
X,313,0
X,314,0
X,315,0
X,316,0
X,317,0
X,318,0
X,319,0
X,320,0
X,321,0
X,322,1
X,323,0
X,324,0
X,325,0
X,326,0
X,327,0
X,328,0
X,329,0
X,330,0
X,331,1
X,332,0
X,333,0
X,334,0
X,335,0
X,336,0
X,337,0
X,338,0
X,339,0
X,340,0
X,341,0
X,342,0
X,343,0
X,344,0
X,345,2
X,346,0
X,347,0
X,348,1
X,349,0
X,350,0
X,351,0
X,352,0
X,353,0
X,354,0
X,355,2
X,356,0
X,357,0
X,358,7
X,359,0
X,360,0
X,361,0
X,362,0
X,363,3
X,364,0
X,365,0
X,366,0
X,367,0
X,368,0
X,369,0
X,370,0
X,371,0
X,372,0
X,373,0
X,374,0
X,375,0
X,376,0
X,377,0
X,378,0
X,379,0
X,380,0
X,381,0
X,382,0
X,383,1
X,384,0
X,385,0
X,386,0
X,387,0
X,388,0
X,389,0
X,390,0
X,391,1
X,392,0
X,393,0
X,394,2
X,395,0
X,396,0
X,397,0
X,398,0
X,399,0
X,400,0
X,401,0
X,402,0
X,403,0
X,404,0
X,405,0
X,406,0
X,407,0
X,408,0
X,409,0
X,410,0
X,411,0
X,412,0
X,413,0
X,414,0
X,415,0
X,416,0
X,417,4
X,418,0
X,419,0
X,420,0
X,421,0
X,422,0
X,423,0
X,424,0
X,425,0
X,426,0
X,427,0
X,428,0
X,429,0
X,430,0
X,431,0
X,432,0
X,433,0
