gene_id,gene_name,t_bulk_stage,t_bulk_comp_adjusted,padj_bulk,t_sc_Hepatocito,t_sc_Mesenquima_HSC,t_sc_Colangiocito,t_sc_Fagocito_mononuclear,t_sc_Endotelio,t_sc_T_NK,t_sc_B,t_sc_Plasma,t_sc_pDC,coupled_neighbour,in_DE_neighbourhood,druggable_class,cell_type_up_sc,t_sc_max,hep_specificity_log2,hep_expr_log2cpm,direction,target_class,drug_landscape,development_stage,evidence_category,target_or_role_reviewed,evidence_note_reviewed,t_snRNA_hepatocyte
ENSG00000162882,HAAO,-13.278,-5.641,0.0,0.048,1.019,0.072,1.69,,,,,,OXER1,False,,,1.69,1.478,5.439,down,,,not curated,,,,0.277
ENSG00000100889,PCK2,-8.895,-4.177,0.0,0.033,0.855,1.947,1.341,0.808,0.879,1.625,2.403,0.411,"NRL,DCAF11",True,,,1.947,1.515,5.908,down,,,not curated,,,,0.776
ENSG00000100003,SEC14L2,-11.249,-4.003,0.0,0.119,,0.366,,,,,,,,False,,,0.366,1.063,3.847,down,,,not curated,,,,1.499
ENSG00000055957,ITIH1,-7.892,-3.989,0.0,0.263,,0.505,,,,,,,NEK4,False,,,0.505,4.858,7.206,down,,,not curated,,,,0.691
ENSG00000151224,MAT1A,-10.835,-3.979,0.0,0.772,,,,,,,,,PRXL2A,False,,,,4.898,5.923,down,,,not curated,,,,-2.806
ENSG00000175336,APOF,-7.433,-3.879,0.0,0.352,,,,,,,,,TIMELESS,False,,,,4.11,4.676,down,,,not curated,,,,-1.399
ENSG00000164199,ADGRV1,-11.126,-3.722,0.0,,,,,,,,,,ARRDC3,False,membrane_receptor,,,1.263,2.076,down,,,not curated,,,,-1.642
ENSG00000178301,AQP11,-9.762,-3.694,0.0,2.437,,,,,,,,,CLNS1A,False,,,,1.15,2.824,down,,,not curated,,,,-0.655
ENSG00000157131,C8A,-8.798,-3.435,0.0,0.948,,,,,,,,,"FYB2,C8B",True,,,,4.6,5.206,down,,,not curated,,,,-1.244
ENSG00000093217,XYLB,-11.39,-3.379,0.0,,,,,,,,,,ACVR2B,False,,,,1.334,2.819,down,,,not curated,,,,0.392
ENSG00000224389,C4B,-5.258,-3.331,0.0,,,,,,,,,,C4A,False,,,,1.412,1.729,down,,,not curated,,,,0.827
ENSG00000135447,PPP1R1A,-11.556,-3.325,0.0,-0.947,0.226,,,,,,,,,False,,,0.226,1.028,3.685,down,,,not curated,,,,-1.988
ENSG00000180210,F2,-6.345,-3.303,0.0,0.812,,,,,,,,,CKAP5,True,,,,5.267,7.277,down,,,not curated,,,,0.857
ENSG00000196177,ACADSB,-11.122,-3.269,0.0,-0.417,-0.998,-0.371,-1.84,-1.528,-2.5,,-1.754,-3.32,IKZF5,True,,,-0.371,1.506,5.138,down,,,not curated,,,,-0.66
ENSG00000140263,SORD,-11.354,-3.222,0.0,0.61,0.155,2.089,-1.405,-0.945,,,,,TERB2,False,,Colangiocito,2.089,2.097,5.569,down,,,not curated,,,,0.943
ENSG00000108176,DNAJC12,-9.992,-3.145,0.0,0.197,,,,,,,,,"CTNNA3,SIRT1",True,,,,1.324,3.235,down,,,not curated,,,,-1.809
ENSG00000204099,NEU4,-7.12,-3.119,0.0,,,,,,,,,,,False,,,,1.683,2.45,down,,,not curated,,,,-1.001
ENSG00000122787,AKR1D1,-11.335,-3.08,0.0,-1.77,,,,,,,,,TRIM24,False,,,,2.223,2.683,down,,,not curated,,,,0.583
ENSG00000021852,C8B,-7.368,-3.055,0.0,1.157,,,,,,,,,"C8A,DAB1",True,,,,4.262,5.899,down,,,not curated,,,,-1.749
ENSG00000183044,ABAT,-8.882,-3.053,0.0,0.988,,2.05,-0.226,,-0.871,,,,METTL22,False,,Colangiocito,2.05,2.115,4.894,down,,,not curated,,,,-0.6
ENSG00000174567,GOLT1A,4.026,3.111,0.0,2.48,,0.311,,,,,,,,False,,,0.311,1.179,4.728,up,,,not curated,,,,0.302
ENSG00000100652,SLC10A1,-5.593,3.172,0.0,-0.454,,,,,,,,,SMOC1,False,,,,2.559,3.956,up,,,not curated,,,,1.876
ENSG00000167910,CYP7A1,-0.992,3.216,0.823,,,,,,,,,,,False,metabolic_enzyme,,,1.374,1.572,up,,,not curated,,,,2.555
ENSG00000007933,FMO3,-3.381,3.363,0.028,0.5,,,,,,,,,,False,,,,2.141,5.433,up,,,not curated,,,,1.605
ENSG00000105398,SULT2A1,0.872,3.583,0.266,0.013,,,,,,,,,,False,,,,3.95,5.346,up,,,not curated,,,,2.011
ENSG00000008394,MGST1,-2.026,3.647,0.258,0.203,1.542,0.484,-1.126,-0.803,,,,1.8,,False,,,1.542,1.736,8.979,up,,,not curated,,,,0.245
ENSG00000105550,FGF21,4.727,3.778,0.0,,,,,,,,,,FUT1,True,secreted_ligand,,,1.749,1.96,up,,,not curated,,,,0.19
ENSG00000164406,LEAP2,4.784,4.045,0.0,0.66,0.601,0.809,1.308,0.048,0.44,-0.014,-0.602,0.802,,False,,,1.308,2.454,7.28,up,,,not curated,,,,-0.288
ENSG00000160870,CYP3A7,3.626,4.585,0.0,1.229,,,,,,,,,,False,metabolic_enzyme,,,2.854,3.525,up,,,not curated,,,,3.692
ENSG00000182902,SLC25A18,3.365,4.725,0.001,0.022,,,,,,,,,ATP6V1E1,False,,,,1.244,2.527,up,,,not curated,,,,3.371
ENSG00000172497,ACOT12,2.946,4.975,0.004,0.729,,,,,,,,,,False,,,,2.75,2.954,up,,,not curated,,,,2.395
ENSG00000133048,CHI3L1,10.757,5.851,0.0,1.018,,,,,,,,,BTG2,True,secreted_ligand,,,1.78,2.556,up,,,not curated,,,,1.734
