Term,NES,NOM p-val,FDR q-val,Lead_genes
BILE_ACID_METABOLISM,-2.7214959423427385,0.0,0.0,PECR;AKR1D1;AR;EPHX2;ACSL5;SOD1;NR3C2;MLYCD;GNMT;CAT;LONP2;PEX6;PEX19;PIPOX;ABCA6;SLCO1A2;GC;BBOX1;HACL1;HAO1;ABCG8;NR1H4;SCP2;IDH1;PEX11A;SLC27A2;SLC27A5;TTR;ACSL1;PXMP2;ABCA8;HSD17B4;ALDH8A1;NR1I2;RXRA;HSD17B6;CROT;AQP9;ABCA5;SLC23A1;CYP27A1;PEX1;ATXN1;PEX11G;AMACR;SOAT2;PEX12;ALDH9A1
FATTY_ACID_METABOLISM,-2.2302930018774805,0.0,0.0,AADAT;MAOA;BCKDHB;HADH;HAO2;ACSL5;MLYCD;PPARA;ACSM3;ACAA2;GSTZ1;ALAD;ECI2;AUH;CYP4A11;MCEE;CPOX;HMGCS2;GCDH;ADH7;ALDH3A2;ACAA1;GRHPR;CYP4A22;IDH1;ACSL1;PCBD1;HSD17B4;ETFDH;SDHC;HSDL2;UROS;RAP1GDS1;HSD17B10;ACADL;TDO2;BPHL;GPD1;PRDX6;RDH16;METAP1;EHHADH;ALDH9A1;ACOX1;ECHS1;ADH1C;ERP29;CA2;FH;CRAT;SDHA;DHCR24;HIBCH;ECH1;ADIPOR2;EPHX1;ACADM;ENO3;HSD17B11;ACADS;HMGCL;UGDH;NTHL1;AQP7;GLUL;LDHA;CYP1A1
PEROXISOME,-2.034617937662897,0.0,0.0,EPHX2;HAO2;ACSL5;SOD1;MLYCD;CAT;ECI2;LONP2;PEX6;CTPS1;ACAA1;PEX5;SCP2;IDH1;PEX11A;SLC27A2;CNBP;TTR;ACSL1;HSD17B4;NR1I2;PEX14;ALB;ATXN1;EHHADH;ALDH9A1;ACOX1;UGT2B17;HSD11B2;PEX2;SLC23A2;CRAT;DHCR24;ECH1;DIO1;SIAH1;SLC25A4;HSD17B11;HMGCL;GSTK1;PEX13
XENOBIOTIC_METABOLISM,-2.0147631530278862,0.0,0.0001571621014818141,ACOX2;MAOA;ALDH2;NDRG2;AHCY;KYNU;F11;GNMT;CAT;MTHFD1;AOX1;ITIH1;UPB1;CYP2J2;DDC;CYP2E1;PLG;XDH;ESR1;ADH7;MCCC2;NFS1;HACL1;TMBIM6;GCNT2;IDH1;FETUB;CYP17A1;ETFDH;SHMT2;SLC22A1;SLC35D1;CROT;LCAT;HSD11B1;AQP9;CDO1;GCLC;ENTPD5;ENPEP;TDO2;BPHL;CYP2C18;HNF4A;CYP27A1;TMEM176B;PDK4;PGRMC1;CYP1A2;ALDH9A1;ACOX1;CDA;ADH5;GSTM4;ADH1C;CYB5A;DCXR;DHRS1;ARG1;CA2;RBP4;ABHD6;ACP2;TTPA;SAR1B;CFB;PEMT;MAN1A1;ECH1;ABCC2;CYP4F2;EPHX1;DDT;PMM1;PDLIM5;SLC46A3;GCH1;HPRT1;ARG2;SLC6A12;ITIH4;UGDH
OXIDATIVE_PHOSPHORYLATION,-1.6943653142813855,0.0,0.0032689717108217334,ACADSB;MAOB;OAT;ACAA2;ALDH6A1;ACAT1;GLUD1;ACAA1;ABCB7;FXN;IDH1;ETFDH;SDHC;MRPL11;HSD17B10;GRPEL1;TOMM70;PDK4;SLC25A20;NDUFC2;NDUFS1;COX11;ECHS1;CYB5A;MRPS22;MPC1;FH;RHOT1;PHYH;SDHA;COX15;ECH1;HADHA;MRPS11;ATP5PF;NDUFS4;HSPA9;ACADM;SUPV3L1;NDUFV2;SLC25A4;COX7A2;LRPPRC;MFN2;SDHB;ATP5F1C;MRPS15;NDUFB3;LDHA;COX5B;TOMM22;ETFA;OXA1L;MRPS30;SURF1;RETSAT;SUCLA2;PHB2;COX7A2L;NQO2;OPA1;SLC25A5;MRPL34;GOT2;NDUFA6;PDHX;FDX1;PRDX3;COX17;BCKDHA;NDUFB8;AIFM1;TIMM8B;IDH3B;HADHB;TIMM10;ATP5PO;DLD;COX10;NDUFAB1;POLR2F;NDUFB7;ATP5F1B;NDUFS3;COX5A;ECI1;SDHD;NDUFC1;MDH2;ATP5MC3;MRPL35;COX6A1;NDUFS2;UQCR10;UQCRC2;MTRR;NDUFA9;AFG3L2;MTRF1;IMMT;TIMM13;UQCRB
ADIPOGENESIS,-1.1783158407239083,0.058823529411764705,0.14762760065858405,PGM1;HADH;ALDH2;EPHX2;SOD1;ACAA2;CAT;GPHN;CMBL;AGPAT3;SCP2;IDH1;UCK1;SDHC;ORM1;AK2;PEX14;DBT;COQ5;BCL2L13;QDPR;ACADL;FZD4;GRPEL1;LPCAT3;MCCC1;PTCD3;GPAM;APLP2;ITSN1;ACOX1;ECHS1;RMDN3;CD302;SULT1A1;SORBS1;SOWAHC;CRAT;PHYH;GBE1;PEMT;HIBCH;ECH1;ADIPOR2;SAMM50;DDT;ACADM;MTCH2;ATL2;ARAF
HEME_METABOLISM,-0.984141952540015,0.5,0.4965424337674001,DCAF11;ALAD;CAT;KHNYN;TFDP2;ALDH6A1;AQP3;CPOX;MXI1;TNRC6B;SLC25A37;RCL1;SLC11A2;ABCG2;FBXO9;ERMAP;UROS;GCLC;GDE1;SLC30A10;MOCOS;NUDT4;SELENBP1;ABCB6;HDGF;GLRX5;CA2;ALDH1L1;SLC25A38;USP15;KLF3;EIF2AK1;NR3C1;ARHGEF12;TCEA1;GMPS;FECH;DCAF10
MYC_TARGETS_V1,0.6714148224656522,0.9963855421686747,0.9797761482053261,MYC;KPNA2;NAP1L1;PCNA;MCM6;MAD2L1;CCNA2;EIF4A1;ODC1;ETF1;MCM2;TYMS;MCM4;CCT5;MCM5;RFC4;NOP56;LSM2;MCM7;VDAC1;HSP90AB1;PSMD14;PSMC4;CDK2;CCT2;SRPK1;DDX21;NME1;DUT;PGK1;PPIA;NOP16;BUB3;IFRD1;PSMD7;RAN;CDK4;ILF2;SRM;PPM1G;HDAC2;IMPDH2;UBE2L3;CBX3;SSB;NCBP2;CAD;PA2G4;SNRPD2;SRSF3;SLC25A3;RNPS1;PSMB3;SNRPA;NOLC1;EIF2S2;HDDC2;RPS2;PCBP1;SNRPD1;RACK1;VBP1;CSTF2
DNA_REPAIR,0.724598563743744,0.9751243781094527,0.9728100322851385,STX3;ZWINT;DDB2;PCNA;ADA;RRM2B;HCLS1;TYMS;BRF2;PDE4B;FEN1;SDCBP;POLD3;RFC4;TAF10;AK1;USP11;POLR2G;POLB;BCAP31;DGUOK;LIG1;NME1;POLR2K;DUT;TSG101;BCAM;GSDME;RBX1;TAF6;POLH;VPS37B;RAD51;RFC2;RALA;ITPA;AAAS;ZNF707;IMPDH2;TP53;POLD1;NCBP2;TAF1C;POLD4;POLR2A;SAC3D1;TAF13;POLR2H;EDF1;CANT1;CETN2;GTF2B;EIF1B;ERCC2;POLE4;ERCC3;NELFB;CSTF3;GUK1;BOLA2;GTF2F1;GTF2A2;SUPT5H
PROTEIN_SECRETION,0.7394085471457279,0.9261213720316622,0.9824778077962176,KRT18;GLA;CAV2;SCRN1;PPT1;CTSC;SSPN;CD63;STX12;PAM;TSPAN8;LAMP2;CLTA;COG2;VPS45;ATP1A1;DNM1L;NAPG;TSG101;STX7;GALC;YKT6;RAB5A;ADAM10;TMX1;ARF1
KRAS_SIGNALING_DN,0.8851000505819161,0.6693121693121693,0.7565521677601955,BTG2;SGK1;NR4A2;TGFB2;AKR1B10;CD40LG;SLC29A3;BARD1;LFNG;MFSD6;CD207;EDN1;KCND1;PTGFR
PANCREAS_BETA_CELLS,1.0773550851314648,0.35377358490566035,0.3536772588876024,VDR;SYT13;STXBP1;PAK3
MYC_TARGETS_V2,1.0896843099086204,0.3314037626628075,0.3393426638769831,MYC;HK2;RRP12;NOP2;BYSL;MAP3K6;PLK4;MCM4;PPRC1;NIP7;MCM5;NOP56;PLK1;NDUFAF4;NOP16;MYBBP1A;WDR74;CDK4;SRM;PUS1;TCOF1;PPAN;CBX3;NOC4L;PA2G4;GRWD1
UNFOLDED_PROTEIN_RESPONSE,1.1454797346736982,0.21750663129973474,0.24789204488162422,CCL2;ATF3;MTHFD2;KDELR3;NABP1;CHAC1;ASNS;YWHAZ;BAG3;WIPI1;EIF4A1;FKBP14;KIF5B;DDIT4;SHC1;LSM4;NOP56;ATP6V0D1;EXOSC9;TSPYL2;DNAJA4;ALDH18A1;CEBPB;ERO1A
SPERMATOGENESIS,1.1539521596855356,0.23658872077028886,0.241870005860743,CFTR;SLC12A2;HSPA2;BUB1;CDK1;JAM3;NCAPH;HSPA4L;GFI1;ARL4A;CHFR;AURKA;KIF2C;EZH2;ACE;RFC4;DBF4;CDKN3;RPL39L;AGFG1;CCNB2
REACTIVE_OXYGEN_SPECIES_PATHWAY,1.2948895587761535,0.10456553755522828,0.0879109003694106,PFKP;GPX3;JUNB;SRXN1;ABCC1;LSP1;PDLIM1;NQO1;TXNRD1;SOD2;G6PD;TXN;SELENOS;GSR;SBNO2;GCLM;GLRX2
GLYCOLYSIS,1.3370844800032071,0.02836004932182491,0.06286920789157037,VCAN;SOX9;IER3;CXCR4;COL5A1;PFKP;GPC4;ELF3;DCN;B3GNT3;TGFBI;GPC3;CHST4;KDELR3;ISG20;QSOX1;CDK1;ENO2;STMN1;GNPDA1;PYGB;EXT1;SLC16A3;HK2;PKM;FUT8;P4HA2;HMMR;CD44;EGLN3;KIF20A;TPBG;AGRN;AURKA;G6PD;TGFA;SPAG4;SAP30;DDIT4;ALDOA;TXN;CHST2;HOMER1;KIF2A;PAM
PI3K_AKT_MTOR_SIGNALING,1.393934823820711,0.02594033722438392,0.037583866453028934,CXCR4;CDKN1A;PIK3R3;LCK;IL2RG;CDK1;MAPK10;ARPC3;RPS6KA1;SQSTM1;CFL1;SLA;RIT1;PLCG1;RALB;DAPP1;SLC2A1;PRKAA2;YWHAB;TRIB3;NOD1;FASLG;TRAF2
ANDROGEN_RESPONSE,1.3973060924092366,0.031420765027322405,0.03754824392126592,ADAMTS1;CCND1;SGK1;PMEPA1;KRT8;ITGAV;ABCC4;TNFAIP8;MYL12A;STK39;TMEM50A;ARID5B;GUCY1A1;CCND3;TMPRSS2;SLC26A2;RRP12;INPP4B;ACTN1;STEAP4;ALDH1A3;SLC38A2;B2M;UBE2I;INSIG1;KRT19;SMS;TSC22D1;HMGCR;GSR;SRF;GPD1L;PLPP1;ZMIZ1
ESTROGEN_RESPONSE_LATE,1.4054873173868228,0.012345679012345678,0.03593995758684943,LAMC2;KLF4;ST14;CCND1;SGK1;BCL2;FABP5;ZFP36;TMPRSS3;TOP2A;GLA;FOS;ISG20;MYOF;SEMA3B;HSPB8;MDK;RAB31;CXCL12;MAPK13;HSPA4L;NXT1;PERP;SCNN1A;SLC26A2;MICB;PRSS23;CD44;OLFM1;ATP2B4;KIF20A;PDLIM3;RBBP8;CD9;SLC24A3;CDC6;TPBG;S100A9;STIL;PLK4;CA12;ALDH3B1;KRT19;TFPI2;CKB;CAV1
NOTCH_SIGNALING,1.4324835008503902,0.05448717948717949,0.027586088597281188,JAG1;CCND1;HEYL;NOTCH3;FZD1;MAML2;LFNG;HES1;FZD7;DLL1;PPARD;SAP30
APICAL_SURFACE,1.4444637474880326,0.04072398190045249,0.02464587852735153,THY1;PLAUR;SULF2;SRPX;IL2RG;AKAP7;PKHD1;LYN;EFNA5;ATP8B1;GAS1;CROCC;FLOT2;GATA3;B4GALT1;RTN4RL1;ADAM10;PCSK9
WNT_BETA_CATENIN_SIGNALING,1.4856475424963265,0.030534351145038167,0.016793479259708515,MYC;JAG1;CCND2;JAG2;HDAC11;FZD1;CSNK1E;DLL1;HEY1;PPARD
MITOTIC_SPINDLE,1.4924532185296364,0.0035335689045936395,0.01577635785792225,GSN;NEDD9;CYTH2;TOP2A;MARCKS;ARHGAP27;EZR;PLEKHG2;MID1;BUB1;ECT2;CDK1;FLNA;VCL;PRC1;NCK2;ABR;ARHGEF3;MAPRE1;PALLD;NDC80;BIRC5;NIN;ARHGEF2;NUSAP1;SPTAN1;ANLN;ARAP3;RACGAP1;CENPE;CENPF;PREX1;KIF3C;HDAC6;KNTC1;AURKA;RASAL2;SMC4;KIF2C;KIF5B;ARHGAP4;CDC42;RHOF;ARF6;BCAR1;SHROOM1;RAPGEF5;MYH9;DOCK2;CLIP2;FGD6;CCNB2;PLK1;ARL8A;CSNK1D;CDC42EP1;SSH2;SPTBN1;TPX2;MYO9B;CDK5RAP2;BRCA2;CAPZB;STK38L;CEP131
COAGULATION,1.4974775248602645,0.004987531172069825,0.015617175825589566,THBS1;MMP7;PLAU;TIMP1;CAPN2;MAFF;GSN;MMP2;F3;THBD;VWF;MMP14;ANXA1;CTSK;HTRA1;FBN1;PLAT;ITGA2;SPARC;TIMP3;PECAM1;WDR1;PRSS23;S100A13;P2RY1;SERPINE1;CD9;ISCU;ARF4;CRIP2;CASP9;A2M
ESTROGEN_RESPONSE_EARLY,1.514871406181682,0.005988023952095809,0.013940563489000387,MYC;ELF3;KLF4;CCND1;KRT18;BCL2;FHL2;KRT8;CLDN7;TMPRSS3;GLA;FOS;BCL11B;PODXL;MYOF;SEMA3B;HSPB8;UGCG;GJA1;WWC1;RAB31;CXCL12;ENDOD1;NXT1;SCNN1A;SLC26A2;TGM2;RRP12;MICB;HES1;SLC37A1;PRSS23;INPP5F;CD44;OLFM1;PDLIM3;UNC119;TMEM164;TTC39A;RBBP8;SLC24A3;TPBG;TBC1D30;OLFML3;SLC2A1;CA12;RASGRP1;BHLHE40;ALDH3B1
MTORC1_SIGNALING,1.550818158577332,0.001183431952662722,0.010003645096273425,BTG2;SLC2A3;CXCR4;CDKN1A;MTHFD2;BCAT1;PPP1R15A;PIK3R3;SLC6A6;GLA;SERPINH1;TES;BUB1;RRM2;IFI30;SQSTM1;SLA;SLC1A5;ASNS;HK2;DDX39A;PPA1;ABCF2;RIT1;CTSC;LDLR;EGLN3;CORO1A;SKAP2;PSME3;ETF1;DAPP1;SYTL2;TXNRD1;ACLY;CD9;MCM2;ITGB2;CCT6A;AURKA;MCM4;FDXR;SLC2A1;G6PD;CDC25A;BHLHE40;INSIG1;TRIB3;EEF1E1;DDIT4;GPI;ALDOA;FGL2;ARPC5L;HMGCR;NFIL3;ENO1;PLK1;GSR;ME1;ACTR3;PSMD14;PSMC4;ACTR2;PSPH;HSPA4
UV_RESPONSE_UP,1.5816761064790548,0.001226993865030675,0.0075042370748242245,BTG2;ATF3;EPCAM;MMP14;CDKN2B;NR4A1;GLS;GPX3;JUNB;BMP2;FOS;HSPA2;ICAM1;ENO2;SLC6A8;TAP1;SQSTM1;ASNS;CCND3;PPT1;PRKCD;BAK1;OLFM1;PDLIM3;HYAL2;SOD2;FMO1;ATP6V1F;BSG;RASGRP1;LYN;HLA-F;CDKN1C;ALDOA;FEN1;ABCB1;RHOB;RFC4;AMD1;ARRB2
INTERFERON_ALPHA_RESPONSE,1.6191759374526569,0.0013458950201884253,0.005280516473106207,CASP1;CCRL2;ISG20;CXCL10;PROCR;IFI30;TAP1;RIPK2;CD74;NCOA7;LGALS3BP;SAMD9L;GBP2;B2M;LAMP3;LPAR6;IFITM2;PLSCR1;TRIM21;CSF1;CXCL11;CASP8;SELL;IL15;TXNIP;RTP4;SAMD9;PARP12;IRF1;HLA-C;ISG15;TRAFD1;IFITM3;SP110;IFITM1;EPSTI1;TRIM26;TDRD7;TENT5A;GMPR;TRIM5;IL4R;PSMB8;NMI;CD47;IRF7;TMEM140;UBE2L6;OASL;IRF9
CHOLESTEROL_HOMEOSTASIS,1.631778276874128,0.002793296089385475,0.004583631986179265,TNFRSF12A;LGALS3;ATF3;PLAUR;S100A11;JAG1;GPX8;FABP5;ANXA5;SEMA3B;LPL;ACTG1;ANXA13;LDLR;PNRC1;CD9
UV_RESPONSE_DN,1.6391417046522578,0.0012376237623762376,0.00459153479994854,RGS4;ANXA2;MYC;CCN1;FBLN5;COL3A1;COL1A2;EFEMP1;COL1A1;F3;MAP1B;FHL2;SLC7A1;PIK3R3;RND3;ABCC1;PMP22;PDGFRB;RUNX1;GJA1;ANXA4;COL5A2;DUSP1;GRK5;PTPRM;CELF2;INPP4B;DAB2;LDLR;ID1;PIAS3;ATP2B4;SERPINE1;NRP1;KIT;RBPMS;BHLHE40;PTGFR;INSIG1;NFKB1;PIK3CD;CAP2;LAMC1
COMPLEMENT,1.7001539581050216,0.0,0.002212787855396887,LGALS3;TIMP1;COL4A2;MAFF;PLAUR;F3;MMP14;CD59;TNFAIP3;CASP1;LCK;CASP4;SRC;PLAT;DUSP5;APOBEC3G;ANXA5;TIMP2;PIK3CG;PLA2G7;ITGAM;CD40LG;GZMK;CCL5;GZMA;FCN1;PCLO;PRKCD;CTSC;XPNPEP1;S100A13;PIM1;PIK3R5;APOBEC3F;SPOCK2;SERPINE1;CTSD;LCP2;S100A9;CTSS;CD55;RHOG;CASP9;RASGRP1;LYN;WAS;CDH13;PDP1;PLSCR1;TFPI2;PLA2G4A;CASP10;ZFPM2;KIF2A;PLEK;LAMP2;CBLB;GPD2;GNB4;DGKH;ADAM9;PRCP;PDGFB;SH2B3;ME1;CPM;PPP2CB;PRSS3;IRF1;CEBPB;GNGT2;MMP15;DUSP6
E2F_TARGETS,1.836171424464314,0.0,0.0004917306345326415,MYC;CDKN1A;MTHFD2;KPNA2;TOP2A;MKI67;HELLS;JPT1;PTTG1;RRM2;CDK1;TCF19;NAP1L1;STMN1;PCNA;BUB1B;MCM3;CIT;MCM6;CKS2;MAD2L1;BARD1;HMGB2;GINS4;DNMT1;RAD51AP1;DDX39A;BIRC5;HMGA1;GINS1;ASF1B;HMMR;SPC24;CDKN2C;RACGAP1;CENPE;DCK;CHEK2;CDCA8;MCM2;CHEK1;CNOT9;AURKA;PLK4;MCM4;CDC25A;PPM1D;SMC4;KIF2C;EZH2;MCM5;WEE1;POLD3;DCLRE1B;NOP56;RNASEH2A;CDKN3;MCM7;CCNB2;PLK1;DSCC1;TACC3;UBE2S;BRCA2;MMS22L;SNRPB;LIG1;CDCA3;NME1;MXD3;DUT
HEDGEHOG_SIGNALING,1.8476093639548559,0.0,0.0004555739702287708,THY1;ADGRG1;RTN1;DPYSL2;GLI1;CRMP1;TLE3;UNC5C;ETS2;HEY1;NRP1;LDB1;MYH9;PML
MYOGENESIS,1.9025306675147777,0.0,6.914962048115272e-05,IGFBP7;DTNA;COL3A1;LAMA2;COL4A2;AEBP1;GSN;COL1A1;CDKN1A;MRAS;HBEGF;GJA5;GPX3;PTGIS;COL6A3;TAGLN;SPARC;HSPB8;SLC6A8;ITGB5;PDLIM7;LSP1;RIT1;PFKM;GADD45B;TPM2;SPTAN1;NQO1;SSPN;SGCD;EPHB3;TEAD4;AGRN;MYO1C;TGFB1;RB1;ITGB4;FKBP1B;BHLHE40;EFS;KLF5;CDH13;TPM3;CKB;ITGB1;KIFC3;WWTR1;AK1;FLII;MYH9;COL6A2;ADAM12;ATP6AP1;DAPK2;PTP4A3;HRC;PSEN2;SYNGR2;CNN3;SGCA
TGF_BETA_SIGNALING,1.9683687412255688,0.0,0.0,THBS1;LTBP2;PMEPA1;PPP1R15A;JUNB;BMP2;IFNGR2;RAB31;ID3;SLC20A1;TGIF1;ID1;SERPINE1;SMURF2;FKBP1A;ENG;TGFB1;RHOA;CDKN1C;WWTR1;TJP1;TGFBR1;SPTBN1;KLF10;CDK9
G2M_CHECKPOINT,1.9763708928470665,0.0,0.0,MYC;E2F3;CCND1;KPNA2;SLC7A1;TOP2A;MARCKS;SLC12A2;SLC38A1;MKI67;CDC7;BUB1;JPT1;PTTG1;CDK1;STMN1;MCM3;PRC1;MCM6;CKS2;MAD2L1;TLE3;BARD1;NDC80;DDX39A;POLQ;BIRC5;CCNA2;NUSAP1;HMGA1;HMMR;CDKN2C;ODC1;RACGAP1;CENPE;CENPF;MCM2;CHEK1;CDC6;STIL;AURKA;PLK4;HIF1A;TGFB1;RASAL2;CDC25A;SMC4;KIF2C;KIF5B;SAP30;EZH2;RAD54L;ODF2;MCM5;AMD1;DBF4;EFNA5;PML;CDKN3;KMT5A;CCNB2;PLK1;E2F4;TACC3;TPX2;UBE2S;BRCA2;BCL3;GINS2
IL2_STAT5_SIGNALING,2.0845671754626984,0.0,0.0,LIF;MYC;SLC2A3;MAFF;CAPG;GLIPR2;SPP1;TNFRSF21;BCL2;PHLDA1;CD83;CDCP1;ITGAV;EMP1;BMP2;CD48;SWAP70;KLF6;CCND2;TLR7;IFNGR1;CXCL10;ETV4;SYT11;RHOH;TRAF1;ANXA4;SLC1A5;IRF8;CCND3;SELP;BCL2L1;ITIH5;LTB;HK2;ITGA6;PRAF2;ARL4A;TGM2;MAP3K8;IRF4;PTGER2;HOPX;ADAM19;PLAGL1;GADD45B;CD44;NOP2;PIM1;ODC1;TNFRSF1B;MXD1;CDC6;NRP1;MYO1C;ITGAE;BHLHE40;RGS16;GUCY1B1;TWSG1;PLSCR1;GPR65;CDKN1C;IL3RA;CKAP4;ABCB1;RHOB;CD86;FGL2;CSF1;WLS;DENND5A;MAP6;MAPKAPK2;BATF3;SELL;IKZF2;SOCS2;NFIL3;TNFSF11;LRRC8C;COL6A1;SERPINB6;IL10RA;SYNGR2;GABARAPL1;PLPP1;CD81;PLIN2;EOMES;AHNAK
INTERFERON_GAMMA_RESPONSE,2.1677365920296188,0.0,0.0,CCL2;PTGS2;PFKP;CDKN1A;MTHFD2;SOCS3;CD69;TNFAIP3;FCGR1A;CASP1;CASP4;ISG20;HLA-DMA;CXCL10;ICAM1;ARID5B;IFI30;TNFAIP2;TAP1;NUP93;MVP;IL15RA;CCL5;IRF8;SELP;ZBP1;GZMA;CXCL9;RIPK2;ARL4A;HLA-A;SLAMF7;HLA-B;IRF4;CD74;FAS;LYSMD2;HLA-DRB1;PIM1;VAMP5;KLRK1;LGALS3BP;SSPN;PTPN1;LCP2;SOD2;SAMD9L;LATS2;B2M;HLA-DQA1;HIF1A;NLRC5;PDE4B;IFITM2;ST8SIA4;NFKB1;NOD1;CSF2RB;PLSCR1;MX2;TRIM21;PLA2G4A;FPR1;CD86;SAMHD1;FGL2;CXCL11;STAT1;PML;VAMP8;UPP1;BTG1;CASP8;IL15;TXNIP;IFNAR2;RTP4;IDO1;PTPN6;IL10RA;PELI1;STAT3;PARP12;ZNFX1;IRF1;RBCK1
KRAS_SIGNALING_UP,2.1933283253606204,0.0,0.0,LIF;ITGBL1;PLAU;SOX9;CXCR4;PTGS2;PLAUR;HBEGF;SPP1;KLF4;PLVAP;F13A1;GPRC5B;TNFAIP3;GPNMB;BIRC3;PPP1R15A;EPHB2;SPON1;IL7R;EMP1;BMP2;HKDC1;IL1B;TRIB2;F2RL1;PRDM1;CSF2RA;CCND2;PLAT;SNAP25;CXCL10;IL2RG;ETV4;ITGA2;VWA5A;GUCY1A1;SEMA3B;MMD;PECAM1;TRAF1;IKZF1;TMEM100;GFPT2;IRF8;ADGRA2;GYPC;LAPTM5;USH1C;NIN;LY96;LCP1;TNFRSF1B;SLPI;CBX8;ALDH1A3;C3AR1;PIGR;ENG;ITGB2;CTSS;NRP1;MALL;MAP4K1;RGS16;YRDC;TLR8;ACE;CD37;GNG11;ABCB1;GADD45G;CBL;LAT2
HYPOXIA,2.2339919872830674,0.0,0.0,ANXA2;CCN1;DTNA;IER3;SLC2A3;CXCR4;ATF3;COL5A1;MAFF;LXN;PLAUR;PFKP;GPC4;TGFB3;CDKN1A;F3;JUN;CCN2;TNFAIP3;DCN;BCL2;S100A4;ZFP36;PPP1R15A;SRPX;TGFBI;AMPD3;SLC6A6;ACKR3;GPC3;FOS;NEDD4L;KDELR3;KLF6;ISG20;TES;FOSL2;CAVIN1;LOX;CHST3;ENO2;ADM;HK1;EXT1;HK2;TGM2;DUSP1;HS3ST1;XPNPEP1;P4HA2;PIM1;BGN;PNRC1;SERPINE1;WSB1;SDC4;TPBG;PFKFB3;SLC2A1;CA12;BHLHE40;NOCT;BNIP3L;SAP30;DDIT4;PGF;HEXA;GPI;CDKN1C;ALDOA;CHST2;CAVIN3;CAV1;PAM;TMEM45A
APICAL_JUNCTION,2.2877612445423705,0.0,0.0,THY1;VCAN;CLDN11;MMP2;CDH6;VWF;LAMC2;NFASC;YWHAH;FBN1;MPZL1;LAYN;COL16A1;PIK3R3;TGFBI;CLDN7;ITGA3;LIMA1;MYL12B;MSN;CERCAM;SRC;CDH11;LAMA3;CNN2;VASP;CD34;ICAM1;ITGA2;TNFRSF11B;MDK;SLIT2;VCL;JAM3;PECAM1;ARPC2;TRAF1;AMIGO2;MAPK13;SIRPA;RRAS;FYB1;ACTG1;ZYX;SYK;PLCG1;RAC2;ACTN1;PTPRC;SKAP2;PARVA;ACTB;ICAM2;ITGB4;ITGA9;INSIG1;MYL9;LAMB3;MAPK11;SHC1;RSU1;IKBKG;RHOF;CD86;ITGB1;CAP1;MYH9;ITGA10;AKT3;ADAM9;TJP1
IL6_JAK_STAT3_SIGNALING,2.2949757300993965,0.0,0.0,TNFRSF12A;SOCS3;JUN;TNFRSF21;OSMR;IL1B;IFNGR2;CSF2RA;IFNGR1;CXCL10;IL2RG;IL15RA;LTB;CXCL9;MAP3K8;FAS;BAK1;CD44;ITGA4;PIM1;PIK3R5;TNFRSF1B;PTPN1;CD9;TNF;TGFB1;A2M;CSF2RB;IL3RA;IL12RB1;TLR2;PLA2G2A;CBL;CSF1;CCR1;CXCL11;STAT1;ACVRL1
APOPTOSIS,2.361537111183443,0.0,0.0,TNFRSF12A;BTG2;LGALS3;LUM;IER3;TIMP1;ATF3;GSN;MMP2;CDKN1A;JUN;ANXA1;CCND1;KRT18;CD69;CD2;DCN;IL18;NEDD9;BIRC3;GPX3;BAX;TGFB2;TOP2A;EMP1;CASP1;BMP2;PEA15;IL1B;CASP4;ISG20;CCND2;PLAT;IFNGR1;PDGFRB;TIMP2;ENO2;TIMP3;HGF;TAP1;SQSTM1;BCL2L1;PPT1;HMGB2;FAS;LMNA;GADD45B;CD44;SPTAN1;SLC20A1;BGN;TSPO;GNA15;ETF1;SOD2;TNF;FDXR;CASP9;IGFBP6;BNIP3L;F2R;FASLG
INFLAMMATORY_RESPONSE,2.3758463296992725,0.0,0.0,CXCL6;LIF;CCL2;BTG2;MYC;TIMP1;PLAUR;CDKN1A;F3;HBEGF;C5AR1;MMP14;RGS1;CD69;OSMR;IL18;SLC7A1;IL7R;LCK;GPC3;IL1B;EMP3;CD48;IFNGR2;KLF6;CCRL2;SLAMF1;CXCL10;ICAM1;PTPRE;NOD2;IL15RA;NLRP3;CCL5;ADM;GPR132;SEMA4D;ITGB8;GABBR1;CXCL9;KCNA3;RIPK2;MSR1;PTGER2;CCR7;LDLR;PIK3R5;GNA15;TNFRSF1B;SERPINE1;EDN1;MXD1;LCP2;C3AR1;PTGER4;PTAFR;TPBG;CD55;RHOG;LAMP3;HIF1A;RASGRP1;RGS16;PDE4B;LYN;PVR;NFKB1;IL18RAP;CALCRL;CHST2;TLR2;LPAR1;FPR1
P53_PATHWAY,2.405635914783117,0.0,0.0,LIF;BTG2;PDGFA;IER3;IER5;ATF3;PLK2;CDKN1A;HBEGF;PLK3;JUN;ZMAT3;CDKN2B;KLF4;ST14;AEN;TAX1BP3;PHLDA3;DGKA;S100A4;RAP2B;PPP1R15A;BAX;CASP1;VDR;RPS27L;S100A10;BMP2;FOS;DRAM1;TM4SF1;CCND2;EPHA2;PTPN14;PROCR;JAG2;VWA5A;DDB2;IFI30;RALGDS;PCNA;PTPRE;TAP1;LDHB;DEF6;SESN1;ABCC5;ADA;HSPA4L;RHBDF2;CCND3;SERTAD3;PERP;CSRNP2;MDM2;GPX2;FAS;FGF13;BAK1;ABHD4;MXD1;CTSD;ISCU;GM2A;PRMT2;FDXR;TGFB1;RB1;ITGB4;TGFA;RGS16;PPM1D;F2R;TRIB3;CDH13;DDIT4
ANGIOGENESIS,2.430813259041404,0.0,0.0,CXCL6;VCAN;PDGFA;LUM;TIMP1;COL3A1;THBD;SPP1;TNFRSF21;JAG1;SLCO2A1;S100A4;ITGAV;CCND2;FSTL1;JAG2;LPL;COL5A2
ALLOGRAFT_REJECTION,2.777539817935496,0.0,0.0,LIF;CCL2;THY1;TIMP1;CAPG;CD2;BCAT1;IL18;CCL19;TGFB2;LCK;ITK;IL1B;SRGN;IFNGR2;CCND2;CCL4;TRAT1;HLA-DMA;IFNGR1;CD3E;ICAM1;IL2RG;CD3D;CCR5;FLNA;CD96;CCR2;IL27RA;TAP1;CD40LG;HLA-DRA;NLRP3;CCL5;HLA-DMB;IRF8;CD3G;CCND3;CD8A;FGR;HLA-DOA;GZMA;CD8B;LTB;CXCL9;RIPK2;HLA-A;FYB1;IRF4;NCF4;CD74;FAS;TAP2;LY75;PTPRC;LY86;LCP2;TNF;HCLS1;ELF4;IGSF6;CD28;ITGB2;CTSS;GBP2;B2M;HLA-DQA1;EIF4G3;HIF1A;TGFB1;MAP4K1;ZAP70;IKBKB;F2R;ST8SIA4;LYN;WAS;IL18RAP;FASLG;CRTAM;ITGAL;RPS19;GPR65;TRAF2;IL12RB1;TLR2;CD86;CSF1;HLA-DOB;UBE2D1;CCR1;STAT1
EPITHELIAL_MESENCHYMAL_TRANSITION,2.9259556438376233,0.0,0.0,CXCL6;THBS2;TNFRSF12A;GEM;THBS1;THY1;RGS4;VCAN;CCN1;LUM;FBLN5;TIMP1;COL4A1;COL3A1;COL1A2;LAMA2;FSTL3;COL4A2;IL32;COL5A1;PLAUR;LOXL1;CAPG;MMP2;VIM;CDH6;COL1A1;SPP1;JUN;CCN2;LAMC2;MMP14;TPM4;FMOD;SERPINE2;CD59;PMEPA1;TNFAIP3;LOXL2;DCN;HTRA1;DPYSL3;FBN1;COL8A2;COL16A1;TGFBI;ITGAV;FBLN2;COL6A3;EMP3;WIPF1;SERPINH1;VEGFC;CDH11;MGP;QSOX1;LAMA3;FSTL1;TAGLN;PMP22;ITGA2;PDGFRB;LOX;SPARC;EFEMP2;FLNA;ENO2;TNFRSF11B;TIMP3;SLIT2;SLC6A8;GJA1;GPX7;CXCL12;ITGB5;COL5A2;TPM1;TGM2;COL12A1;FAS;GADD45B;COL7A1;DAB2;TPM2;CD44;MAGEE1;BGN;COL5A3;SERPINE1;SDC4;SGCD;ACTA2
TNFA_SIGNALING_VIA_NFKB,3.0630007321181094,0.0,0.0,CXCL6;GEM;LIF;CCL2;BTG2;PLAU;MYC;CCN1;IER3;SLC2A3;IER5;ATF3;MAFF;PTGS2;PLK2;PLAUR;CDKN1A;F3;HBEGF;SOCS3;JUN;KLF4;SPSB1;NR4A1;JAG1;CCND1;ZC3H12A;SGK1;CD69;BCL2A1;EGR2;PMEPA1;TNFAIP3;NR4A2;PHLDA1;CD83;IL18;SERPINB8;BIRC3;ZFP36;PPP1R15A;DUSP4;RELB;NFKBIE;FUT4;JUNB;MARCKS;IL7R;ACKR3;TNFAIP8;BMP2;FOS;IL1B;SIK1;F2RL1;IFNGR2;DRAM1;KLF6;CCRL2;CCL4;DUSP5;FOSL2;CXCL10;ICAM1;NFKB2;MSC;TNFAIP2;PTPRE;TAP1;KLF2;TRAF1;SQSTM1;IL15RA;GFPT2;CCL5;RIPK2;DUSP1;MAP3K8;HES1;LITAF;GADD45B;CD44;LDLR;TGIF1;PNRC1;CEBPD;SERPINE1;EDN1;MXD1;ETS2;SOD2;PTGER4;SDC4;TNF;PFKFB3;SLC2A6;BHLHE40;PDE4B;YRDC;LAMB3;NFKB1;EGR1;TLR2;RHOB;TNIP2;DNAJB4;CSF1;DENND5A;PLEK
