donor,stage,orden,end_stage,nuclei,Hepatocyte,Cholangiocyte,HSC,Endothelium,Macrophage,T/NK,B/Plasma
P11,F3,4,False,1058,0.9291,0.0,0.0085,0.034,0.0019,0.0057,0.0066
P12,F4,5,False,654,0.841,0.0015,0.026,0.0398,0.0122,0.0015,0.0428
P15,F3,4,False,1074,0.8538,0.0074,0.0186,0.0261,0.0112,0.0047,0.0205
P16,F3,4,False,2450,0.8727,0.0122,0.0188,0.0392,0.0069,0.0143,0.0151
P19,F3,4,False,1538,0.9025,0.0026,0.0202,0.0377,0.0111,0.0026,0.0091
P20,F3,4,False,3606,0.7737,0.0036,0.0324,0.114,0.0241,0.01,0.0075
P21,F2,3,False,3898,0.746,0.0208,0.038,0.1134,0.019,0.011,0.0133
P22,F4,5,False,2314,0.9088,0.0043,0.0048,0.0255,0.0022,0.0009,0.0104
P3,F1,2,False,1531,0.9432,0.0078,0.0105,0.015,0.0105,0.0039,0.0
P30,Normal,0,False,1068,0.9167,0.0,0.0103,0.059,0.0019,0.0009,0.0019
P48,F2,3,False,917,0.8746,0.0142,0.0022,0.0305,0.0033,0.0567,0.0033
P49,F2,3,False,2211,0.8046,0.0339,0.0063,0.0561,0.0095,0.062,0.0109
P50,F2,3,False,1632,0.5086,0.0784,0.0484,0.1624,0.0227,0.144,0.0092
P51,F1,2,False,1734,0.4268,0.0617,0.0363,0.188,0.0202,0.1592,0.0484
P52,F1,2,False,508,0.2776,0.1201,0.0236,0.2362,0.0315,0.1713,0.0807
P53,F3,4,False,371,0.2588,0.0863,0.0243,0.3747,0.0189,0.1375,0.0323
P54,F2,3,False,1375,0.6102,0.0538,0.024,0.1047,0.0073,0.1484,0.0175
P55,F2,3,False,1119,0.5862,0.0608,0.0411,0.1796,0.0134,0.0706,0.0125
P56,F1,2,False,1242,0.4171,0.0443,0.0862,0.2496,0.0153,0.1135,0.0322
P57,F2,3,False,1357,0.3279,0.0383,0.0295,0.1776,0.0295,0.2623,0.031
P6,F1,2,False,3427,0.8334,0.0015,0.021,0.0992,0.0061,0.0128,0.0055
P60,F0,1,False,1121,0.8073,0.0178,0.0232,0.1079,0.0,0.025,0.0009
P62,F3,4,False,442,0.9231,0.0136,0.0045,0.0136,0.0,0.0158,0.0136
P64,F1,2,False,1038,0.7245,0.0173,0.0308,0.0857,0.0096,0.0915,0.0096
P67,F3,4,False,1614,0.917,0.0204,0.0068,0.018,0.0,0.005,0.0081
P68,F4,5,False,1127,0.4756,0.1642,0.0266,0.1934,0.0089,0.0106,0.0328
P7,F2,3,False,2377,0.8952,0.0025,0.0244,0.0278,0.0072,0.0097,0.0139
P70,F3,4,False,654,0.3838,0.1621,0.0336,0.1758,0.0352,0.1636,0.0199
P71,F2,3,False,182,0.6593,0.0604,0.0,0.0549,0.0165,0.0659,0.0714
P72,F3,4,False,2761,0.2597,0.2224,0.0572,0.176,0.0627,0.125,0.0319
P73,F1,2,False,2503,0.4263,0.1227,0.0511,0.2129,0.04,0.0595,0.0352
P75,F4,5,False,1202,0.3935,0.1398,0.0574,0.2271,0.02,0.0765,0.0316
P76,F2,3,False,1502,0.484,0.0486,0.02,0.225,0.0772,0.0706,0.0286
P77,F2,3,False,1301,0.5903,0.0284,0.0061,0.0746,0.0108,0.1899,0.0277
P78,F0,1,False,1216,0.9243,0.0074,0.0025,0.023,0.0008,0.014,0.0008
P8,F3,4,False,3605,0.8072,0.0003,0.0288,0.0907,0.0191,0.0194,0.0153
P83,F2,3,False,419,0.4916,0.0072,0.0215,0.2673,0.0048,0.1169,0.0334
P84,F3,4,False,529,0.5747,0.0945,0.0359,0.225,0.0132,0.0246,0.0113
P9,F1,2,False,3606,0.7998,0.0089,0.0319,0.0804,0.0155,0.0092,0.0164
P98,Normal,0,False,860,0.3628,0.0221,0.0302,0.3116,0.0628,0.114,0.0349
PCL103,F4,5,True,4904,0.3978,0.1311,0.0392,0.1588,0.0575,0.0893,0.0408
PCL104,F4,5,True,2926,0.4874,0.0304,0.0294,0.108,0.0458,0.0513,0.1015
PCL16,F4,5,True,7591,0.7502,0.0864,0.0092,0.0191,0.019,0.0378,0.0145
PCL17,F4,5,True,5317,0.7752,0.0873,0.0201,0.0414,0.0132,0.0126,0.0041
PCL18,F4,5,True,10752,0.7762,0.0606,0.0182,0.0619,0.0202,0.0168,0.0101
PHL1,Normal,0,False,3844,0.4194,0.0528,0.0598,0.2289,0.0604,0.1028,0.0208
PHL2,Normal,0,False,1332,0.6156,0.0068,0.0383,0.211,0.0488,0.0315,0.0128
