gene_id,gene,chr,t_stage,neighbours,neighbour_t,in_coupled_pair,in_DE_neighbourhood,trait
ENSG00000112337,SLC17A2,6,-10.975,"SLC17A1,SLC17A3,TRIM38,H1-2","-2.0,-0.4,3.0,2.0",False,False,MASLD
ENSG00000111275,ALDH2,12,-10.581,"BRAP,ACAD10,MAPKAPK5,TMEM116","-3.5,-5.6,-5.3,-5.8",True,True,fibrosis/cirrhosis
ENSG00000083123,BCKDHB,6,-10.575,"LCA5,SH3BGRL2,TENT5A,IBTK","2.0,-5.0,0.7,-2.3",True,False,MASLD
ENSG00000129535,NRL,14,-10.338,"DHRS4L2,CARMIL3,PCK2,DCAF11","-2.9,-9.2,-8.9,-11.4",True,True,fibrosis/cirrhosis
ENSG00000100889,PCK2,14,-8.895,"CARMIL3,NRL,DCAF11,FITM1","-9.2,-10.3,-11.4,-7.3",True,True,fibrosis/cirrhosis
ENSG00000196616,ADH1B,4,-8.605,"ADH6,ADH1A,ADH1C,ADH7","-10.1,-6.5,-5.7,-6.8",True,True,MASLD
ENSG00000082438,COBLL1,2,-8.071,"FIGN,GRB14,SLC38A11,CSRNP3","-1.6,-5.2,-5.4,-4.7",True,True,MASLD
ENSG00000186205,MTARC1,1,-7.998,"C1orf115,MTARC2,HLX,DUSP10","-7.1,-10.9,-3.4,-5.9",True,True,MASLD
ENSG00000198945,L3MBTL3,6,-7.94,"LAMA2,ARHGAP18,SAMD3,SMLR1","12.2,2.6,2.2,-9.1",False,False,MASLD
ENSG00000119139,TJP2,9,-7.815,"PABIR1,FXN,APBA1,PTAR1","-1.5,-6.6,-5.6,0.7",True,True,MASLD
ENSG00000196821,ILRUN,6,-7.778,"RPS10-NUDT3,RPS10,SNRPC,BLTP3A","-1.2,-0.4,-0.3,-3.0",False,False,MASLD
ENSG00000166035,LIPC,15,-7.651,"ALDH1A2,AQP9,ADAM10,MINDY2","0.3,-6.1,1.9,1.2",True,False,MASLD
ENSG00000132854,KANK4,1,-7.593,"TM2D1,PATJ,USP1,DOCK7","0.2,-2.9,-0.4,-2.4",False,False,MASLD
ENSG00000072736,NFATC3,16,-7.274,"DUS2,DDX28,ESRP2,PLA2G15","-1.6,-1.3,-6.1,0.0",True,False,MASLD
ENSG00000156113,KCNMA1,10,-7.254,"ZNF503,LRMDA,DLG5,POLR3A","-0.2,-2.9,2.8,-4.0",False,False,MASLD
ENSG00000091831,ESR1,6,-7.247,"DCPH1,CCDC170,SYNE1,MYCT1","-1.5,0.2,-3.4,0.1",True,False,MASLD
ENSG00000105976,MET,7,-6.852,"CAV2,CAV1,CAPZA2,ST7","8.3,3.5,0.7,-8.0",False,False,MASLD
ENSG00000132155,RAF1,3,-6.798,"MKRN2OS,MKRN2,CAND2,RPL32","-1.0,-5.7,-1.7,-0.1",True,True,MASLD
ENSG00000107554,DNMBP,10,-6.767,"CUTC,ABCC2,CPN1,ERLIN1","-5.6,-3.8,-3.9,-1.9",True,True,MASLD
ENSG00000165060,FXN,9,-6.601,"PGM5,PABIR1,TJP2,APBA1","-1.7,-1.5,-7.8,-5.6",True,True,MASLD
ENSG00000150672,DLG2,11,-6.455,"ANKRD42,CCDC90B,TMEM126B,TMEM126A","-0.4,-2.4,0.4,-3.2",False,False,MASLD
ENSG00000198670,LPA,6,-6.439,"SLC22A1,SLC22A3,PLG,MAP3K4","-6.4,-5.4,-7.6,-6.3",True,True,MASLD
ENSG00000101670,LIPG,18,-6.122,"RPL17-C18orf32,RPL17,ACAA2,MYO5B","1.3,1.2,-8.4,-1.3",True,False,MASLD
ENSG00000104613,INTS10,8,-5.89,"SH2D4A,CSGALNACT1,LPL,ATP6V1B2","-4.2,3.5,7.9,0.6",False,False,MASLD
ENSG00000244474,UGT1A4,2,-5.872,"UGT1A6,UGT1A5,UGT1A3,UGT1A1","-0.5,-2.6,-4.3,-1.8",False,False,fibrosis/cirrhosis
ENSG00000119927,GPAM,10,-5.723,"BBIP1,SHOC2,TECTB,ACSL5","0.8,-1.1,0.4,-8.7",False,False,MASLD
ENSG00000137764,MAP2K5,15,-5.718,"IQCH,C15orf61,PIAS1,CALML4","-3.6,-6.4,-3.1,-3.5",True,True,MASLD
ENSG00000145331,TRMT10A,4,-5.58,"ADH1C,ADH7,MTTP,DAPP1","-5.7,-6.8,-4.7,4.1",True,True,fibrosis/cirrhosis
ENSG00000151353,TMEM18,2,-5.365,"ACP1,ALKAL2,PXDN,EIPR1","-2.3,7.1,4.0,-4.7",False,False,MASLD
ENSG00000089022,MAPKAPK5,12,-5.277,"ACAD10,ALDH2,TMEM116,ERP29","-5.6,-10.6,-5.8,-4.6",True,True,fibrosis/cirrhosis
ENSG00000151655,ITIH2,10,-5.23,"SFMBT2,ITIH5,KIN,ATP5F1C","6.3,6.2,-5.3,-3.6",True,True,MASLD
ENSG00000141034,GID4,17,-5.182,"DRC3,ATPAF2,DRG2,MYO15A","-0.7,-3.2,-1.2,-2.3",True,False,MASLD
ENSG00000009954,BAZ1B,7,-5.157,"SPDYE10,NSUN5,BCL7B,TBL2","-3.8,0.8,1.5,-0.8",False,False,MASLD
ENSG00000145332,KLHL8,4,-5.137,"PTPN13,AFF1,HSD17B13,HSD17B11","4.7,-4.8,-1.8,-3.3",True,False,MASLD
ENSG00000144827,ABHD10,3,-5.11,"PLCXD2,PHLDB2,GCSAM,ATG3","-9.1,-4.8,3.7,-0.6",True,True,MASLD
ENSG00000179912,R3HDM2,12,-5.108,"COXFA4L2,STAC3,INHBC,INHBE","1.0,0.4,-3.6,-1.8",True,False,MASLD
ENSG00000196660,SLC30A10,1,-5.096,"LYPLAL1,ZC3H11B,EPRS1,BPNT1","-2.9,-1.6,-0.7,-1.6",False,False,fibrosis/cirrhosis
ENSG00000103111,MON1B,16,-4.924,"KARS1,TERF2IP,NUDT7,WWOX","-1.4,0.8,-1.8,-7.9",False,False,MASLD
ENSG00000100344,PNPLA3,22,-4.877,"MPPED1,EFCAB6,SAMM50,PARVB","0.3,-5.0,-3.8,4.2",True,True,MASLD
ENSG00000101076,HNF4A,20,-4.804,"OSER1,FITM2,TTPAL,SERINC3","-2.0,-0.3,-6.6,-0.5",True,False,MASLD
ENSG00000144824,PHLDB2,3,-4.77,"CD96,PLCXD2,ABHD10,GCSAM","6.1,-9.1,-5.1,3.7",True,True,MASLD
ENSG00000172493,AFF1,4,-4.756,"MAPK10,PTPN13,KLHL8,HSD17B13","6.8,4.7,-5.1,-1.8",True,False,MASLD
ENSG00000138823,MTTP,4,-4.658,"ADH7,TRMT10A,DAPP1,LAMTOR3","-6.8,-5.6,4.1,-1.5",True,True,MASLD
ENSG00000119522,DENND1A,9,-4.631,"STRBP,CRB2,LHX2,NEK6","-5.2,-0.1,-0.1,-4.5",False,False,MASLD
ENSG00000135100,HNF1A,12,-4.467,"ACADS,SPPL3,C12orf43,OASL","-3.4,-0.9,-3.0,1.6",False,False,MASLD
ENSG00000176697,BDNF,11,-4.43,"LGR4,LIN7C,METTL15,ARL14EP","-3.6,-3.0,-1.9,-1.2",True,True,MASLD
ENSG00000288702,UGT1A3,2,-4.273,"UGT1A5,UGT1A4,UGT1A1,MROH2A","-2.6,-5.9,-1.8,-3.8",False,False,fibrosis/cirrhosis
ENSG00000160584,SIK3,11,-4.22,"APOC3,APOA1,PAFAH1B2,SIDT2","-2.2,0.6,5.2,-2.2",False,False,MASLD
ENSG00000164161,HHIP,4,-4.213,"GAB1,SMARCA5,ANAPC10,ABCE1","-4.5,2.4,-1.5,0.7",False,False,MASLD
ENSG00000070366,SMG6,17,-4.113,"OVCA2,HIC1,SRR,TSR1","2.3,2.9,-1.9,-1.5",False,False,MASLD
ENSG00000269964,MEI4,6,-4.013,"SENP6,MYO6,IRAK1BP1,PHIP","-0.4,2.9,-1.7,-0.1",False,False,MASLD
ENSG00000148606,POLR3A,10,-3.981,"KCNMA1,DLG5,RPS24,ZMIZ1","-7.3,2.8,0.7,2.8",False,False,MASLD
ENSG00000163933,RFT1,3,-3.979,"STIMATE,SFMBT1,PRKCD,TKT","-6.8,-6.1,5.9,5.0",True,True,MASLD
ENSG00000087237,CETP,16,-3.916,"NUP93,HERPUD1,NLRC5,CPNE2","7.3,-1.8,4.4,1.4",False,False,MASLD
ENSG00000025434,NR1H3,11,-3.868,"DDB2,ACP2,MADD,SPI1","8.5,-3.8,-2.9,2.9",True,False,MASLD
ENSG00000213996,TM6SF2,19,-3.865,"NR2C2AP,HAPLN4,SUGP1,MAU2","3.8,-2.9,-3.1,-0.4",True,False,MASLD
ENSG00000120054,CPN1,10,-3.863,"ABCC2,DNMBP,ERLIN1,CHUK","-3.8,-6.8,-1.9,-0.7",True,True,MASLD
ENSG00000100347,SAMM50,22,-3.845,"EFCAB6,PNPLA3,PARVB,PARVG","-5.0,-4.9,4.2,6.7",True,True,MASLD
ENSG00000138821,SLC39A8,4,-3.746,"EMCN,PPP3CA,NFKB1,MANBA","5.4,-2.9,3.8,0.3",False,False,MASLD
ENSG00000177614,PGBD5,1,-3.719,"URB2,GALNT2,COG2,AGT","1.3,-2.3,3.1,-3.3",False,False,MASLD
ENSG00000140718,FTO,16,-3.61,"AKTIP,RPGRIP1L,MMP2,LPCAT2","-1.3,-0.9,11.9,4.7",False,False,MASLD
ENSG00000136816,TOR1B,9,-3.609,"NTMT1,ASB6,TOR1A,C9orf78","2.1,2.2,-3.1,-3.4",True,False,MASLD
ENSG00000134183,GNAT2,1,-3.474,"AMIGO1,GNAI3,AMPD2,GSTM4","-1.6,0.4,-1.4,-3.8",False,False,MASLD
ENSG00000153208,MERTK,2,-3.459,"BCL2L11,ANAPC1,TMEM87B,FBLN7","-1.8,-4.3,4.6,-5.8",True,False,fibrosis/cirrhosis
ENSG00000154743,TSEN2,3,-3.379,"TAMM41,PPARG,MKRN2OS,MKRN2","-1.4,0.6,-1.0,-5.7",False,False,MASLD
ENSG00000133315,MACROD1,11,-3.367,"COX8A,OTUB1,STIP1,FERMT3","0.4,1.4,2.1,5.1",False,False,MASLD
ENSG00000221843,SPATA31H1,2,-3.356,"FNDC4,GCKR,ZNF512,CCDC121","4.2,-3.2,1.8,-4.4",True,False,MASLD
ENSG00000187045,TMPRSS6,22,-3.306,"MPST,KCTD17,IL2RB,C1QTNF6","-1.9,7.1,0.9,-1.0",False,False,fibrosis/cirrhosis
ENSG00000109917,ZPR1,11,-3.284,"CADM1,BUD13,APOA5,APOA4","0.1,-2.5,-6.5,-1.0",True,False,MASLD
ENSG00000084734,GCKR,2,-3.247,"IFT172,FNDC4,SPATA31H1,ZNF512","-0.9,4.2,-3.4,1.8",True,False,MASLD
ENSG00000084674,APOB,2,-3.177,"GDF7,LDAH,TDRD15,KLHL29","-5.4,-2.1,8.1,9.3",False,False,MASLD
ENSG00000134644,PUM1,1,-3.127,"LAPTM5,SDC3,SNRNP40,ZCCHC17","5.9,2.5,3.5,-0.8",False,False,MASLD
ENSG00000186666,BCDIN3D,12,-3.094,"TMBIM6,NCKAP5L,RACGAP1,SMARCD1","-7.1,3.4,4.8,3.4",False,False,MASLD
ENSG00000105705,SUGP1,19,-3.066,"HAPLN4,TM6SF2,MAU2,GATAD2A","-2.9,-3.9,-0.4,4.3",True,False,MASLD
ENSG00000146374,RSPO3,6,-2.964,"TRMT11,CENPW,RNF146,ECHDC1","0.1,5.4,-2.2,-1.2",False,False,MASLD
ENSG00000197157,SND1,7,-2.888,"GCC1,ARF5,LRRC4,RBM28","-2.4,0.5,-2.8,-1.8",False,False,MASLD
ENSG00000167258,CDK12,17,-2.877,"FBXL20,MED1,STARD3,PGAP3","-1.2,-1.0,0.7,-2.1",False,False,MASLD
ENSG00000120341,SEC16B,1,-2.864,"KIAA0040,COP1,RASAL2,RALGPS2","1.8,-1.7,4.5,-3.9",False,False,MASLD
ENSG00000125445,MRPS7,17,-2.804,"NUP85,GGA3,MIF4GD,SLC25A19","-1.3,0.6,3.9,2.2",False,False,MASLD
ENSG00000137942,FNBP1L,1,-2.745,"CCDC18,DR1,BCAR3,DNTTIP2","-2.8,0.4,-1.3,0.3",False,False,MASLD
ENSG00000288705,UGT1A5,2,-2.604,"UGT1A7,UGT1A6,UGT1A4,UGT1A3","-2.4,-0.5,-5.9,-4.3",False,False,fibrosis/cirrhosis
ENSG00000137656,BUD13,11,-2.512,"REXO2,CADM1,ZPR1,APOA5","0.4,0.1,-3.3,-6.5",False,False,MASLD
ENSG00000130208,APOC1,19,-2.489,"TOMM40,APOE,APOC2,APOC4","2.0,0.0,-2.4,-3.3",False,False,fibrosis/cirrhosis
ENSG00000171634,BPTF,17,-2.441,"PITPNC1,NOL11,C17orf58,KPNA2","-4.1,-2.5,0.9,10.5",False,False,MASLD
ENSG00000116641,DOCK7,1,-2.398,"KANK4,USP1,ANGPTL3,ATG4C","-7.6,-0.4,-2.6,-1.5",False,False,MASLD
ENSG00000244122,UGT1A7,2,-2.35,"UGT1A10,UGT1A9,UGT1A6,UGT1A5","-2.2,-1.1,-0.5,-2.6",False,False,fibrosis/cirrhosis
ENSG00000143641,GALNT2,1,-2.345,"TAF5L,URB2,PGBD5,COG2","-4.6,1.3,-3.7,3.1",False,False,MASLD
ENSG00000168216,LMBRD1,6,-2.311,"ZC3H11C,ADGRB3,FAM135A,SDHAF4","-1.4,1.9,2.7,-1.3",False,False,MASLD
ENSG00000110245,APOC3,11,-2.238,"APOA5,APOA4,APOA1,SIK3","-6.5,-1.0,0.6,-4.2",False,False,MASLD
ENSG00000242515,UGT1A10,2,-2.215,"USP40,UGT1A8,UGT1A9,UGT1A7","-4.0,-2.1,-1.1,-2.4",False,False,fibrosis/cirrhosis
ENSG00000242366,UGT1A8,2,-2.127,"DGKD,USP40,UGT1A10,UGT1A9","-1.6,-4.0,-2.2,-1.1",False,False,fibrosis/cirrhosis
ENSG00000198522,GPN1,2,-2.079,"ZNF512,CCDC121,SUPT7L,SLC4A1AP","1.8,-4.4,1.3,-0.1",False,False,MASLD
ENSG00000165029,ABCA1,9,-1.988,"NIPSNAP3A,NIPSNAP3B,SLC44A1,FSD1L","1.5,0.6,-3.9,4.2",False,False,MASLD
ENSG00000106245,BUD31,7,-1.972,"ARPC1B,PDAP1,PTCD1,ATP5MF-PTCD1","6.5,1.0,0.1,-0.5",False,False,MASLD
ENSG00000071189,SNX13,7,-1.949,"TSPAN13,AHR,HDAC9,POLR1F","-1.6,0.1,1.6,0.2",False,False,MASLD
ENSG00000205436,EXOC3L4,14,-1.935,"AMN,CDC42BPB,TNFAIP2,EIF5","-1.1,-3.6,7.7,-3.9",False,False,MASLD
ENSG00000107566,ERLIN1,10,-1.875,"DNMBP,CPN1,CHUK,CWF19L1","-6.8,-3.9,-0.7,-1.5",False,False,fibrosis/cirrhosis
ENSG00000170509,HSD17B13,4,-1.785,"AFF1,KLHL8,HSD17B11,NUDT9","-4.8,-5.1,-3.3,-4.6",False,False,fibrosis/cirrhosis
ENSG00000051108,HERPUD1,16,-1.782,"MT1X,NUP93,CETP,NLRC5","-4.3,7.3,-3.9,4.4",False,False,MASLD
ENSG00000171105,INSR,19,-1.775,"ADGRE1,ZNF557,ARHGEF18,PEX11G","-1.8,-1.3,2.6,-4.0",False,False,MASLD
ENSG00000146243,IRAK1BP1,6,-1.738,"MYO6,MEI4,PHIP,HMGN3","2.9,-4.0,-0.1,-1.5",False,False,MASLD
ENSG00000002726,AOC1,7,-1.669,"TMEM176B,TMEM176A,NOS3,ATG9B","-4.9,-2.4,3.0,3.0",False,False,MASLD
ENSG00000119242,CCDC92,12,-1.66,"TCTN2,ATP6V0A2,ZNF664,NCOR2","2.8,2.7,-0.7,0.3",False,False,MASLD
ENSG00000215817,ZC3H11B,1,-1.643,"TGFB2,LYPLAL1,SLC30A10,EPRS1","8.3,-2.9,-5.1,-0.7",False,False,MASLD
ENSG00000127603,MACF1,1,-1.588,"AKIRIN1,NDUFS5,BMP8A,PABPC4","5.1,-0.7,-0.9,-0.9",False,False,MASLD
ENSG00000174945,AMZ1,7,-1.533,"IQCE,TTYH3,GNA12,CARD11","3.1,7.0,5.7,4.7",False,False,MASLD
ENSG00000095485,CWF19L1,10,-1.501,"ERLIN1,CHUK,BLOC1S2,PKD2L1","-1.9,-0.7,4.3,-0.6",False,False,MASLD
ENSG00000160285,LSS,21,-1.466,"COL6A2,FTCD,MCM3AP,YBEY","3.7,-3.2,-2.3,-3.0",False,False,MASLD
ENSG00000105866,SP4,7,-1.44,"MACC1,ITGB8,DNAH11,CDCA7L","9.7,6.8,-0.8,-3.3",False,False,MASLD
ENSG00000156170,NDUFAF6,8,-1.431,"INTS8,CCNE2,TP53INP1,PLEKHF2","-0.5,3.0,1.5,0.0",False,False,MASLD
ENSG00000243156,MICAL3,22,-1.425,"BCL2L13,BID,PEX26,TUBA8","-6.1,-1.9,-2.6,2.9",False,False,MASLD
ENSG00000204160,ZDHHC18,1,-1.408,"ARID1A,PIGV,GPN2,GPATCH3","-0.5,-9.6,-3.6,-0.3",False,False,MASLD
ENSG00000118007,STAG1,3,-1.313,"MSL2,PCCB,SLC35G2,NCK1","-3.4,-1.1,0.2,-1.6",False,False,MASLD
ENSG00000119906,SLF2,10,-1.199,"NDUFB8,HIF1AN,MRPL43,SEMA4G","-2.6,-5.1,-6.1,-4.6",False,False,MASLD
ENSG00000108591,DRG2,17,-1.194,"ATPAF2,GID4,MYO15A,ALKBH5","-3.2,-5.2,-2.3,-2.9",False,False,MASLD
ENSG00000141252,VPS53,17,-1.164,"LIAT1,RFLNB,TLCD3A,GEMIN4","-0.6,1.0,5.0,-7.3",False,False,MASLD
ENSG00000241119,UGT1A9,2,-1.135,"UGT1A8,UGT1A10,UGT1A7,UGT1A6","-2.1,-2.2,-2.4,-0.5",False,False,fibrosis/cirrhosis
ENSG00000180596,H2BC4,6,-1.112,"TRIM38,H1-2,HFE,H2AC6","3.0,2.0,-0.6,0.5",False,False,MASLD
ENSG00000114054,PCCB,3,-1.097,"PPP2R3A,MSL2,STAG1,SLC35G2","-0.7,-3.4,-1.3,0.2",False,False,MASLD
ENSG00000130749,ZC3H4,19,-1.066,"AP2S1,ARHGAP35,SAE1,CCDC9","0.9,-10.2,5.7,0.2",False,False,MASLD
ENSG00000112715,VEGFA,6,-1.013,"RSPH9,MRPS18A,MRPL14,TMEM63B","-0.5,-2.2,-2.5,-2.1",False,False,MASLD
ENSG00000176428,VPS37D,7,-1.005,"TBL2,MLXIPL,DNAJC30,BUD23","-0.8,-0.8,-1.5,-0.3",False,False,MASLD
ENSG00000073060,SCARB1,12,-0.933,"ZNF664,NCOR2,UBC,DHX37","-0.7,0.3,3.0,1.2",False,False,MASLD
ENSG00000138002,IFT172,2,-0.895,"NRBP1,KRTCAP3,FNDC4,GCKR","0.1,-4.2,4.2,-3.2",False,False,MASLD
ENSG00000164327,RICTOR,5,-0.871,"LIFR,OSMR,FYB1,C9","0.1,10.5,5.6,-3.1",False,False,MASLD
ENSG00000103018,CYB5B,16,-0.86,"TMED6,TERF2,NFAT5,NQO1","-3.5,-1.7,-0.1,5.8",False,False,MASLD
ENSG00000009950,MLXIPL,7,-0.802,"BCL7B,TBL2,VPS37D,DNAJC30","1.5,-0.8,-1.0,-1.5",False,False,MASLD
ENSG00000178952,TUFM,16,-0.754,"NPIPB9,ATXN2L,SH2B1,ATP2A1","-2.2,2.6,1.4,1.1",False,False,MASLD
ENSG00000176381,PRR18,6,-0.702,"QKI,PDE10A,SFT2D1,MPC1","0.1,0.3,-0.3,-4.0",False,False,MASLD
ENSG00000103510,KAT8,16,-0.667,"VKORC1,BCKDK,PRSS8,FUS","-1.8,-0.5,2.6,-0.9",False,False,MASLD
ENSG00000010704,HFE,6,-0.631,"H1-2,H2BC4,H2AC6,H2BC5","2.0,-1.1,0.5,-0.2",False,False,MASLD
ENSG00000177666,PNPLA2,11,-0.595,"PIDD1,RPLP2,CRACR2B,CD151","1.0,2.0,3.3,4.9",False,False,MASLD
ENSG00000105609,LILRB5,19,-0.576,"LILRB3,LILRA6,LILRB2,LILRA5","4.0,3.6,3.7,1.8",False,False,MASLD
ENSG00000076984,MAP2K7,19,-0.573,"EVI5L,LRRC8E,TGFBR3L,SNAPC2","2.4,2.0,-4.8,3.3",False,False,MASLD
ENSG00000167165,UGT1A6,2,-0.508,"UGT1A9,UGT1A7,UGT1A5,UGT1A4","-1.1,-2.4,-2.6,-5.9",False,False,fibrosis/cirrhosis
ENSG00000173334,TRIB1,8,-0.472,"WASHC5,NSMCE2,LRATD2,MYC","-1.2,0.5,-6.1,12.4",False,False,MASLD
ENSG00000260314,MRC1,10,-0.444,"HACD1,STAM,CACNB2,NSUN6","1.7,-1.3,-5.5,-4.3",False,False,MASLD
ENSG00000165476,REEP3,10,-0.429,"NRBF2,JMJD1C,CTNNA3,DNAJC12","-0.8,-4.3,-9.2,-10.0",False,False,MASLD
ENSG00000129933,MAU2,19,-0.403,"TM6SF2,SUGP1,GATAD2A,NDUFA13","-3.9,-3.1,4.3,0.3",False,False,MASLD
ENSG00000095596,CYP26A1,10,-0.399,"HHEX,EXOC6,MYOF,RBP4","-3.0,2.7,8.1,-4.8",False,False,MASLD
ENSG00000162607,USP1,1,-0.351,"PATJ,KANK4,DOCK7,ANGPTL3","-2.9,-7.6,-2.4,-2.6",False,False,MASLD
ENSG00000114125,RNF7,3,-0.301,"ZBTB38,RASA2,ATP1B3,TFDP2","2.9,2.1,11.0,-7.6",False,False,fibrosis/cirrhosis
ENSG00000111880,RNGTT,6,-0.246,"ORC3,AKIRIN2,PNRC1,PM20D2","-2.0,0.5,4.2,1.2",False,False,MASLD
ENSG00000184939,ZFP90,16,-0.238,"PRMT7,SMPD3,CDH1,TANGO6","-0.6,-0.4,0.6,-8.8",False,False,MASLD
ENSG00000197249,SERPINA1,14,-0.183,"SERPINA10,SERPINA6,SERPINA11,SERPINA12","-5.8,-3.1,2.0,4.0",False,False,fibrosis/cirrhosis
ENSG00000138375,SMARCAL1,2,-0.166,"TMEM169,XRCC5,RPL37A,IGFBP2","-0.7,-8.7,0.6,2.2",False,False,MASLD
ENSG00000153815,CMIP,16,-0.153,"BCO1,GAN,PLCG2,SDR42E1","-1.2,-3.3,0.9,-2.9",False,False,MASLD
ENSG00000102908,NFAT5,16,-0.148,"TERF2,CYB5B,NQO1,NOB1","-1.7,-0.9,5.8,-2.3",False,False,MASLD
ENSG00000178031,ADAMTSL1,9,-0.14,"CCDC171,CNTLN,RRAGA,HAUS6","-0.3,-6.8,1.6,0.6",False,False,MASLD
ENSG00000122557,HERPUD2,7,-0.115,"BMPER,DPY19L1,SEPTIN7,EEPD1","-3.6,-1.9,3.4,2.7",False,False,MASLD
ENSG00000163798,SLC4A1AP,2,-0.093,"GPN1,SUPT7L,MRPL33,RBKS","-2.1,1.3,-2.7,-6.4",False,False,MASLD
ENSG00000130203,APOE,19,0.023,"NECTIN2,TOMM40,APOC1,APOC2","1.7,2.0,-2.5,-2.4",False,False,MASLD
ENSG00000106246,PTCD1,7,0.134,"PDAP1,BUD31,ATP5MF-PTCD1,CPSF4","1.0,-2.0,-0.5,-1.3",False,False,MASLD
ENSG00000120262,CCDC170,6,0.241,"RMND1,DCPH1,ESR1,SYNE1","-8.5,-1.5,-7.2,-3.4",False,False,MASLD
ENSG00000128918,ALDH1A2,15,0.337,"GCOM1,POLR2M,AQP9,LIPC","-0.8,-1.1,-6.1,-7.7",False,False,MASLD
ENSG00000119913,TECTB,10,0.356,"SHOC2,GPAM,ACSL5,ZDHHC6","-1.1,-5.7,-8.7,-7.2",False,False,fibrosis/cirrhosis
ENSG00000134825,TMEM258,11,0.4,"DAGLA,MYRF,FEN1,FADS2","8.1,4.6,4.4,-0.6",False,False,MASLD
ENSG00000204351,SKIC2,6,0.447,"CFB,NELFE,DXO,WHR1","-4.0,-2.6,2.2,2.3",False,False,MASLD
ENSG00000087157,PGS1,17,0.526,"BIRC5,SOCS3,CYTH1,USP36","5.8,8.2,-6.0,1.4",False,False,MASLD
ENSG00000185236,RAB11B,19,0.559,"KANK3,ANGPTL4,MARCHF2,HNRNPM","0.6,1.3,2.4,-2.1",False,False,MASLD
ENSG00000197756,RPL37A,2,0.574,"XRCC5,SMARCAL1,IGFBP2,IGFBP5","-8.7,-0.2,2.2,0.9",False,False,MASLD
ENSG00000132170,PPARG,3,0.576,"VGLL4,TAMM41,TSEN2,MKRN2OS","7.6,-1.4,-3.4,-1.0",False,False,MASLD
ENSG00000197943,PLCG2,16,0.852,"GAN,CMIP,SDR42E1,HSD17B2","-3.3,-0.2,-2.9,1.0",False,False,MASLD
ENSG00000004534,RBM6,3,0.882,"MST1R,MON1A,RBM5,SEMA3F","5.7,1.1,-1.3,-0.2",False,False,MASLD
ENSG00000125505,MBOAT7,19,0.942,"LENG1,TMC4,TSEN34,RPS9","-0.0,6.0,1.5,0.1",False,False,MASLD
ENSG00000160293,VAV2,9,0.957,"DBH,SARDH,BRD3OS,BRD3","-3.6,-7.4,-0.3,-0.8",False,False,MASLD
ENSG00000138160,KIF11,10,0.981,"MARCHF5,IDE,HHEX,EXOC6","-1.3,-0.4,-3.0,2.7",False,False,MASLD
ENSG00000106244,PDAP1,7,1.003,"ARPC1A,ARPC1B,BUD31,PTCD1","-0.7,6.5,-2.0,0.1",False,False,MASLD
ENSG00000164077,MON1A,3,1.108,"TRAIP,MST1R,RBM6,RBM5","2.5,5.7,0.9,-1.3",False,False,MASLD
ENSG00000198026,ZNF335,20,1.289,"PLTP,PCIF1,NCOA5,CD40","5.4,-0.0,2.8,-0.5",False,False,MASLD
ENSG00000106948,AKNA,9,1.519,"ORM1,ORM2,WHRN,ATP6V1G1","-5.7,-5.3,1.7,1.2",False,False,MASLD
ENSG00000104447,TRPS1,8,1.538,"EBAG9,SYBU,EIF3H,UTP23","-4.4,-1.8,-1.9,-2.3",False,False,MASLD
ENSG00000100031,GGT1,22,1.617,"SNRPD3,LRRC75B,KIAA1671,CRYBB3","-4.1,-0.6,-3.3,-3.2",False,False,MASLD
ENSG00000048052,HDAC9,7,1.62,"AHR,SNX13,POLR1F,MACC1","0.1,-1.9,0.2,9.7",False,False,fibrosis/cirrhosis
ENSG00000213625,LEPROT,1,1.628,"AK4,LEPR,PDE4B,SGIP1","-4.5,1.9,3.3,9.2",False,False,fibrosis/cirrhosis
ENSG00000189283,FHIT,3,1.711,"FAM107A,CFAP20DC,PTPRG,CEP15","2.7,-0.5,-0.3,2.5",False,False,MASLD
ENSG00000130158,DOCK6,19,1.719,"SPC24,KANK2,ANGPTL8,RAB3D","5.0,-2.3,0.7,4.8",False,False,MASLD
ENSG00000152359,POC5,5,1.841,"CERT1,POLK,IQGAP2,F2RL2","-3.5,-3.2,-7.7,-5.1",False,False,MASLD
ENSG00000155329,ZCCHC10,5,1.851,"LEAP2,AFF4,HSPA4,C5orf15","4.8,1.4,2.7,-0.4",False,False,MASLD
ENSG00000116678,LEPR,1,1.868,"JAK1,AK4,LEPROT,PDE4B","-1.0,-4.5,1.6,3.3",False,False,fibrosis/cirrhosis
ENSG00000130222,GADD45G,9,1.974,"SECISBP2,SEMA4D,SYK,AUH","-5.4,5.9,5.7,-7.6",False,True,MASLD
ENSG00000135845,PIGC,1,2.435,"METTL13,DNM3,C1orf105,SUCO","-1.0,3.2,-3.9,4.1",False,False,MASLD
ENSG00000168488,ATXN2L,16,2.609,"EIF3C,NPIPB9,TUFM,SH2B1","-2.3,-2.2,-0.8,1.4",False,False,MASLD
ENSG00000170606,HSPA4,5,2.75,"AFF4,ZCCHC10,C5orf15,VDAC1","1.4,1.9,-0.4,2.9",False,False,MASLD
ENSG00000108175,ZMIZ1,10,2.771,"POLR3A,RPS24,PPIF,ZCCHC24","-4.0,0.7,0.4,-5.8",False,False,MASLD
ENSG00000156475,PPP2R2B,5,2.81,"RBM27,TCERG1,DPYSL3,JAKMIP2","-1.0,1.4,10.5,-8.0",False,False,MASLD
ENSG00000079689,SCGN,6,2.887,"RIPOR2,CARMIL1,SLC17A4,SLC17A1","0.8,1.3,-0.8,-2.0",False,False,MASLD
ENSG00000198502,HLA-DRB5,6,2.966,"NOTCH4,HLA-DRA,HLA-DRB1,HLA-DQA1","1.3,6.3,5.5,4.0",False,True,MASLD
ENSG00000179344,HLA-DQB1,6,2.998,"HLA-DRB1,HLA-DQA1,HLA-DQA2,HLA-DQB2","5.5,4.0,3.7,3.8",False,True,fibrosis/cirrhosis
ENSG00000118004,COLEC11,2,3.014,"RNASEH1,RPS7,ALLC,CMPK2","-1.9,-0.1,-0.9,-0.3",False,False,MASLD
ENSG00000204525,HLA-C,6,3.043,"TCF19,POU5F1,HLA-B,MICA","7.8,3.6,6.1,1.5",True,False,MASLD
ENSG00000135775,COG2,1,3.125,"GALNT2,PGBD5,AGT,C1orf198","-2.3,-3.7,-3.3,13.9",False,False,MASLD
ENSG00000163803,PLB1,2,3.157,"BABAM2,FOSL2,PPP1CB,SPDYA","2.5,6.5,1.8,0.4",True,False,MASLD
ENSG00000197959,DNM3,1,3.172,"VAMP4,METTL13,PIGC,C1orf105","-1.0,-1.0,2.4,-3.9",False,False,MASLD
ENSG00000167562,ZNF701,19,3.212,"ZNF528,ZNF808,ZNF83,ZNF611","-1.5,-2.1,7.7,3.5",True,True,MASLD
ENSG00000142856,ITGB3BP,1,3.297,"ANGPTL3,ATG4C,ALG6,EFCAB7","-2.6,-1.5,-0.1,0.2",False,False,MASLD
ENSG00000142632,ARHGEF19,1,3.363,"ZBTB17,EPHA2,CPLANE2,FBXO42","0.3,6.9,-3.6,-0.6",True,False,MASLD
ENSG00000141458,NPC1,18,3.453,"RIOK3,RMC1,ANKRD29,LAMA3","-1.4,-1.0,10.3,8.0",True,True,MASLD
ENSG00000171843,MLLT3,9,3.528,"DENND4C,ACER2,FOCAD,HACD4","-2.7,4.8,3.6,2.9",True,True,MASLD
ENSG00000186577,SMIM29,6,3.73,"LEMD2,HMGA1,NUDT3,RPS10-NUDT3","0.7,5.9,-3.7,-1.2",True,False,MASLD
ENSG00000196735,HLA-DQA1,6,3.951,"HLA-DRB5,HLA-DRB1,HLA-DQB1,HLA-DQA2","3.0,5.5,3.0,3.7",True,True,MASLD
ENSG00000096996,IL12RB1,19,4.049,"CCDC124,ARRDC2,MAST3,PIK3R2","1.1,10.4,-0.5,1.3",True,False,MASLD
ENSG00000188677,PARVB,22,4.152,"PNPLA3,SAMM50,PARVG,RTL6","-4.9,-3.8,6.7,-1.3",True,False,MASLD
ENSG00000185305,ARL15,5,4.245,"FST,NDUFS4,SNX18,GZMK","0.2,-4.1,0.4,5.5",False,False,MASLD
ENSG00000196072,BLOC1S2,10,4.315,"CHUK,CWF19L1,PKD2L1,SCD","-0.7,-1.5,-0.6,1.4",False,False,MASLD
ENSG00000167491,GATAD2A,19,4.348,"SUGP1,MAU2,NDUFA13,YJEFN3","-3.1,-0.4,0.3,0.3",False,False,MASLD
ENSG00000140853,NLRC5,16,4.382,"HERPUD1,CETP,CPNE2,PSME3IP1","-1.8,-3.9,1.4,0.2",False,False,MASLD
ENSG00000075884,ARHGAP15,2,4.423,"LRP1B,KYNU,QTMAN,ZEB2","-1.8,-8.4,2.1,2.3",False,False,MASLD
ENSG00000198796,ALPK2,18,4.433,"ATP8B1,NEDD4L,MALT1,ZNF532","3.4,9.0,-0.1,6.9",True,True,MASLD
ENSG00000142347,MYO1F,19,4.511,"PRAM1,ZNF414,ADAMTS10,ZNF558","0.8,-1.3,7.7,-0.6",True,False,MASLD
ENSG00000124920,MYRF,11,4.636,"SYT7,DAGLA,TMEM258,FEN1","0.4,8.1,0.4,4.4",True,False,MASLD
ENSG00000183765,CHEK2,22,4.671,"PITPNB,TTC28,HSCB,CCDC117","-0.6,-1.5,-2.0,-3.8",False,False,MASLD
ENSG00000153814,JAZF1,7,4.944,"HIBADH,TAX1BP1,CREB5,TRIL","-8.1,1.0,8.9,0.6",True,False,MASLD
ENSG00000170390,DCLK2,4,4.946,"ARHGAP10,NR3C2,LRBA,MAB21L2","1.5,-8.3,-3.3,3.5",False,False,MASLD
ENSG00000093072,ADA2,22,5.125,"IL17RA,HDHD5,CECR2,SLC25A18","1.6,-1.5,-7.4,3.4",False,False,MASLD
ENSG00000064655,EYA2,20,5.307,"TP53RK,SLC2A10,ZMYND8,NCOA3","3.3,1.1,-0.1,0.2",False,False,MASLD
ENSG00000173950,XXYLT1,3,5.406,"LSG1,FAM43A,ACAP2,PPP1R2","0.7,5.4,0.5,1.7",True,False,MASLD
ENSG00000196126,HLA-DRB1,6,5.511,"HLA-DRA,HLA-DRB5,HLA-DQA1,HLA-DQB1","6.3,3.0,4.0,3.0",True,True,MASLD
ENSG00000082074,FYB1,5,5.571,"OSMR,RICTOR,C9,DAB2","10.5,-0.9,-3.1,5.5",False,False,MASLD
ENSG00000146535,GNA12,7,5.714,"TTYH3,AMZ1,CARD11,SDK1","7.0,-1.5,4.7,-0.2",True,False,MASLD
ENSG00000139083,ETV6,12,5.791,"TAS2R20,SMIM10L1,LRP6,MANSC1","-3.2,-3.1,-5.0,0.6",False,False,MASLD
ENSG00000088854,DNAAF9,20,5.879,"DDRGK1,ITPA,ATRN,SIGLEC1","-1.1,2.5,-2.7,1.0",False,False,MASLD
ENSG00000167608,TMC4,19,6.042,"CNOT3,LENG1,MBOAT7,TSEN34","-0.8,-0.0,0.9,1.5",False,False,MASLD
ENSG00000234745,HLA-B,6,6.086,"POU5F1,HLA-C,MICA,MICB","3.6,3.0,1.5,6.1",True,False,fibrosis/cirrhosis
ENSG00000151612,ZNF827,4,6.245,"OTUD4,SMAD1,LSM6,SLC10A7","-1.8,-2.9,-5.8,-2.8",False,False,MASLD
ENSG00000204287,HLA-DRA,6,6.34,"GPSM3,NOTCH4,HLA-DRB5,HLA-DRB1","6.1,1.3,3.0,5.5",False,True,fibrosis/cirrhosis
ENSG00000223865,HLA-DPB1,6,6.396,"HLA-DOA,HLA-DPA1,COL11A2,RXRB","6.3,5.5,-3.2,-0.9",True,True,fibrosis/cirrhosis
ENSG00000130429,ARPC1B,7,6.48,"SMURF1,ARPC1A,PDAP1,BUD31","-0.7,-0.7,1.0,-2.0",False,False,MASLD
ENSG00000156515,HK1,10,6.547,"SUPV3L1,HKDC1,TSPAN15,MACROH2A2","-3.6,10.2,2.7,5.7",True,True,MASLD
ENSG00000135823,STX6,1,6.578,"XPR1,KIAA1614,MR1,IER5","1.7,0.5,7.5,13.7",True,True,MASLD
ENSG00000142627,EPHA2,1,6.923,"SPEN,ZBTB17,ARHGEF19,CPLANE2","-3.8,0.3,3.4,-3.6",True,False,MASLD
ENSG00000163947,ARHGEF3,3,6.927,"CCDC66,TASOR,HESX1,APPL1","0.8,1.5,-2.8,-1.2",False,False,fibrosis/cirrhosis
ENSG00000102900,NUP93,16,7.345,"MT1H,MT1X,HERPUD1,CETP","-4.7,-4.3,-1.8,-3.9",False,False,MASLD
ENSG00000169855,ROBO1,3,7.348,"ZNF717,ROBO2,GBE1,CHMP2B","-6.6,-1.7,-4.4,0.4",False,False,MASLD
ENSG00000134873,CLDN10,13,7.604,"GPR180,ABCC4,DZIP1,DNAJC3","-3.0,9.3,5.3,-1.8",True,True,MASLD
ENSG00000175445,LPL,8,7.88,"CSGALNACT1,INTS10,ATP6V1B2,LZTS1","3.5,-5.9,0.6,5.4",False,False,MASLD
ENSG00000111859,NEDD9,6,8.151,"ELOVL2,SMIM13,TMEM170B,HIVEP1","2.9,1.7,-2.2,-2.4",False,False,MASLD
ENSG00000049759,NEDD4L,18,9.026,"NARS1,ATP8B1,ALPK2,MALT1","2.3,3.4,4.4,-0.1",True,True,MASLD
ENSG00000167191,GPRC5B,16,10.473,"KNOP1,IQCK,ACSM5,ACSM2A","2.4,8.2,-8.1,-5.7",True,False,MASLD
