,YAP_TAZ_targets,matrix_crosslinking,mechanosensing,TGFb_SMAD,senescence_SASP,cohorte,estadio,orden,nas,Hepatocito,HSC,Colangiocito,Macrofago,Linfocito,Endotelio
GSM3758005,0.7505,1.0233,0.4104,0.2955,0.8965,GSE130970,F3,4,5.0,0.1643,0.6438,0.8247,0.227,0.1927,0.0975
GSM3758006,-0.0373,0.2926,0.1579,0.1129,0.247,GSE130970,F3,4,4.0,0.2834,0.3078,0.5093,-0.5888,-0.3174,-0.1134
GSM3758007,0.6087,0.4217,0.2755,0.4179,0.4296,GSE130970,F3,4,5.0,0.1529,0.5779,0.7399,0.2459,0.485,0.0604
GSM3758008,0.0614,0.155,0.1599,-0.0626,0.0603,GSE130970,F3,4,5.0,0.1403,0.2539,0.0261,0.6007,0.312,0.3183
GSM3758009,1.6077,2.5852,2.0065,1.5467,1.4054,GSE130970,F3,4,6.0,-2.0521,1.7886,2.1304,0.8885,0.6774,-0.1542
GSM3758010,0.0619,0.2771,0.1011,0.0101,0.732,GSE130970,F3,4,6.0,0.1424,0.065,-0.0999,-0.3086,-0.4886,-0.146
GSM3758011,-0.3646,0.2345,-0.4987,-0.1385,1.1768,GSE130970,F3,4,5.0,0.4717,0.6781,0.8614,1.1713,1.2431,0.5411
GSM3758012,0.0474,0.3398,0.0135,0.0626,1.2071,GSE130970,F3,4,6.0,0.3647,0.2789,-0.3625,0.6377,0.4682,0.4351
GSM3758013,0.1552,-0.0065,0.0892,-0.1665,0.2903,GSE130970,F3,4,4.0,-0.1202,0.0823,0.3077,0.246,0.3026,0.0703
GSM3758014,-0.289,-0.4157,-0.0968,-0.2005,-0.2763,GSE130970,F3,4,4.0,0.2924,-0.4162,-0.6182,-0.3443,-0.4224,-0.075
GSM3758015,0.1164,0.1274,0.0845,0.0473,0.1535,GSE130970,F3,4,4.0,-0.0869,0.2115,0.6262,-1.069,-0.4052,-0.7367
GSM3758016,-0.0323,-0.0235,-0.0069,0.1942,0.3233,GSE130970,F2,3,5.0,-0.1686,0.0707,-0.0676,0.4141,0.1434,0.0099
GSM3758017,-0.5524,-0.277,-0.2262,-0.3148,0.0011,GSE130970,F1,2,5.0,-0.0685,-0.5186,-0.9731,0.1809,0.0767,0.0952
GSM3758018,0.0309,-0.0009,0.0988,-0.1221,0.1282,GSE130970,F2,3,5.0,-0.2028,0.0673,0.6842,0.3107,0.6022,-0.0396
GSM3758019,-0.2597,-0.4023,-0.3617,-0.3633,-0.0727,GSE130970,F2,3,5.0,0.0339,-0.3846,-0.6426,0.2174,0.0998,0.0933
GSM3758020,-0.4528,-0.2659,-0.0467,-0.5867,-0.2777,GSE130970,F2,3,3.0,0.2085,-0.5299,-0.0093,0.1375,-0.4121,-0.0554
GSM3758021,0.1461,0.5853,0.2628,0.1913,0.5349,GSE130970,F2,3,4.0,-0.193,0.4341,0.3751,0.1354,0.0366,0.1188
GSM3758022,0.0524,-0.0161,-0.1309,-0.0799,0.3237,GSE130970,F1,2,5.0,-0.0135,-0.3342,0.2115,-0.0295,-0.2186,-0.114
GSM3758023,-0.0526,0.2005,-0.1747,-0.1567,0.2791,GSE130970,F1,2,4.0,-0.0293,-0.0555,0.2965,-0.1384,-0.4486,0.1392
GSM3758024,-0.4718,-0.4427,-0.1314,-0.1976,-0.3964,GSE130970,F2,3,3.0,0.1742,-0.1033,-0.3209,-0.32,0.1838,-0.2096
GSM3758025,-0.0562,0.045,0.0089,-0.018,-0.1023,GSE130970,F1,2,3.0,0.2298,0.0933,-0.1036,0.0427,-0.3757,0.0766
GSM3758026,0.0571,0.0512,0.0051,0.0027,-0.0454,GSE130970,F2,3,3.0,0.2971,0.0652,0.1139,0.102,-0.0491,0.2047
GSM3758027,-0.0487,-0.2908,-0.2777,-0.3314,-0.2723,GSE130970,F1,2,3.0,0.3496,-0.2432,-0.0726,0.1625,-0.1626,0.172
GSM3758028,-0.1857,-0.2485,-0.2655,-0.2344,-0.4778,GSE130970,F2,3,2.0,0.1168,-0.1466,0.3493,0.0556,1.1216,-0.3267
GSM3758029,0.2286,0.3427,0.7405,0.2485,0.0653,GSE130970,F1,2,2.0,0.1161,0.6401,0.3395,-0.1238,0.344,0.4302
GSM3758030,-0.0053,0.3266,0.1456,-0.1069,0.6291,GSE130970,F2,3,5.0,-0.063,0.1688,0.4475,0.8111,0.5933,0.0255
GSM3758031,-0.2806,-0.0839,-0.179,-0.052,-0.0549,GSE130970,F3,4,4.0,0.0648,-0.0052,0.4114,0.0649,0.7297,0.2836
GSM3758032,-0.1119,-0.3867,0.1513,-0.2536,-0.1266,GSE130970,F3,4,3.0,-0.192,0.0199,0.1233,0.0347,0.0171,0.0703
GSM3758033,0.9179,0.9956,1.0457,0.9253,0.7863,GSE130970,F4,5,3.0,-0.5002,1.0921,1.7843,0.445,0.8556,0.0883
GSM3758034,0.5778,0.7158,0.461,0.0483,0.7336,GSE130970,F4,5,5.0,-0.1328,0.4508,0.8027,0.7595,0.5905,0.0178
GSM3758035,-0.2029,-0.2414,-0.1531,-0.0781,-0.1897,GSE130970,F0,1,3.0,0.0715,-0.0524,-0.5767,0.3835,0.3194,0.2475
GSM3758036,-0.0523,-0.0348,-0.1588,-0.2181,-0.0989,GSE130970,F1,2,5.0,0.1573,-0.3487,-0.4601,0.0132,-0.0955,-0.1683
GSM3758037,-0.5066,-0.4442,-0.3409,-0.191,-0.4819,GSE130970,F0,1,3.0,0.2446,-0.2512,-0.471,-0.3768,-0.5835,-0.1412
GSM3758038,-0.3963,-0.2925,-0.0831,0.0018,0.2445,GSE130970,F1,2,3.0,0.0004,-0.1481,-0.0052,0.3934,0.2612,0.1608
GSM3758039,0.1605,0.0161,0.3044,0.2609,-0.5647,GSE130970,F0,1,1.0,0.0819,0.3407,1.1617,-0.529,-0.9118,0.2454
GSM3758040,-0.2909,-0.0224,-0.1059,-0.2542,-0.3214,GSE130970,F1,2,6.0,-0.0127,-0.3143,-0.2455,-0.0667,0.3495,-0.1017
GSM3758041,-0.5166,-0.3213,-0.1543,-0.0208,-0.3467,GSE130970,F0,1,4.0,-0.0549,-0.4001,-0.081,-1.3673,-0.6013,-0.4969
GSM3758042,-0.6164,-0.4695,-0.4575,0.0261,-0.5135,GSE130970,F0,1,3.0,0.0699,-0.3357,-0.4354,0.3485,-0.0334,0.2452
GSM3758043,-0.5707,-0.7972,-0.4843,-0.6372,-0.4943,GSE130970,F0,1,3.0,0.1205,-0.684,-0.9349,0.1744,-0.0548,-0.2445
GSM3758044,-0.3744,-0.2046,-0.2256,0.1476,-0.4768,GSE130970,F0,1,2.0,0.2561,-0.2051,-0.1105,-0.142,-0.1543,0.1321
GSM3758045,0.1413,-0.2715,-0.1587,0.2525,-0.6415,GSE130970,F0,1,2.0,-0.1916,0.2867,-0.0892,-0.5112,-0.6698,0.2714
GSM3758046,-0.253,-0.2411,-0.26,-0.258,-0.1188,GSE130970,F0,1,4.0,0.1724,-0.0704,-0.0388,-0.0187,0.0358,0.2421
GSM3758047,0.6862,0.3139,0.0715,0.3694,-0.6107,GSE130970,F0,1,3.0,-0.5899,0.5176,-0.4818,-0.9123,-0.4014,0.0281
GSM3758048,-0.475,-0.103,-0.2899,-0.3795,-0.3764,GSE130970,F0,1,2.0,0.185,-0.2292,0.0954,0.6854,0.5275,0.4227
GSM3758049,0.1716,0.5177,-0.1154,-0.0242,0.5614,GSE130970,F0,1,4.0,0.0199,0.2889,0.5836,0.6039,0.0346,0.4582
GSM3758050,-0.1963,-0.2233,-0.1743,-0.1172,-0.3551,GSE130970,F0,1,4.0,0.1563,-0.1639,-0.3415,-0.0628,-0.1707,0.2576
GSM3758051,-0.709,-0.8969,-0.4047,-0.3124,-0.035,GSE130970,F0,1,5.0,0.2977,-0.8483,-0.7804,0.7245,0.7374,0.0279
GSM3758052,-0.2674,-0.281,-0.0978,-0.0425,-0.2701,GSE130970,F0,1,3.0,-0.0528,-0.1267,0.0364,0.0823,0.0178,-0.0394
GSM3758053,-0.1325,-0.2661,-0.1427,-0.2979,-0.2606,GSE130970,F0,1,2.0,0.335,-0.075,-0.6845,0.1624,-0.1561,-0.046
GSM3758054,-0.2644,-0.3373,-0.0889,-0.1687,-0.2022,GSE130970,F0,1,2.0,0.0928,-0.407,-1.0949,0.1118,0.0051,-0.1666
GSM3758055,-0.0568,-0.075,-0.0705,-0.0675,0.2408,GSE130970,F0,1,1.0,0.0815,-0.1322,-0.2074,0.3316,0.0433,-0.1089
GSM3758056,0.2219,-0.0041,0.0702,0.3284,0.011,GSE130970,F0,1,2.0,-0.045,0.182,0.1507,0.0031,-0.3715,0.2592
GSM3758057,0.6133,0.095,0.5864,0.2677,0.1615,GSE130970,F1,2,4.0,-0.1605,0.4062,-0.674,0.8303,-0.0424,0.2298
GSM3758058,0.2502,0.3659,0.2257,0.0982,0.3893,GSE130970,F1,2,4.0,-0.2649,0.5347,-0.0158,0.508,0.4171,0.1269
GSM3758059,-0.1131,0.2775,-0.0876,0.3166,0.1742,GSE130970,F1,2,4.0,-0.0121,-0.4323,-0.2976,-0.3889,-0.5246,-0.1696
GSM3758060,-0.4276,-0.5543,-0.3249,0.0784,-0.2793,GSE130970,F1,2,5.0,-0.0986,-0.4901,-0.238,0.3215,0.2619,0.1023
GSM3758061,0.0588,0.0097,0.2491,-0.0813,-0.2136,GSE130970,F1,2,3.0,0.1309,0.146,-0.2795,-0.4139,-0.5363,-0.0981
GSM3758062,-0.1469,-0.2791,0.0084,-0.0227,0.0062,GSE130970,F1,2,4.0,-0.0517,-0.409,-0.0785,-0.1933,-0.6241,-0.2045
GSM3758063,-0.1716,-0.1127,-0.0919,-0.0522,-0.0737,GSE130970,F1,2,3.0,-0.1047,-0.2843,-0.5713,0.2521,0.2568,-0.3894
GSM3758064,-0.1698,-0.5683,-0.1948,0.0792,-0.1942,GSE130970,F1,2,2.0,-0.0078,-0.4334,-0.6827,-0.0671,-0.0643,-0.2923
GSM3758065,0.125,0.0494,-0.1221,0.0048,0.197,GSE130970,F1,2,5.0,-0.1405,0.0167,-0.4125,0.0998,0.1691,0.0671
GSM3758066,0.1966,-0.0837,-0.0162,0.2998,-0.2862,GSE130970,F1,2,5.0,-0.1441,-0.3261,-0.7013,0.0095,-0.1978,0.0839
GSM3758067,-0.4349,-0.5657,-0.6372,-0.2828,-1.0552,GSE130970,F1,2,1.0,0.1758,-0.6736,-1.1107,-0.6529,-0.7364,-0.3208
GSM3758068,0.0122,-0.1546,-0.1685,-0.0423,-0.2911,GSE130970,F1,2,5.0,-0.0632,0.0129,0.1271,-0.1484,0.0577,-0.1111
GSM3758069,-0.1374,0.0417,-0.1096,-0.105,0.2607,GSE130970,F1,2,6.0,0.0602,0.0031,-0.0906,0.4885,1.1567,0.2932
GSM3758070,-0.1968,-0.6574,-0.1428,-0.0382,-0.4547,GSE130970,F1,2,4.0,-0.018,-0.4393,0.1545,-0.0117,-0.0893,0.0984
GSM3758071,-0.2535,-0.7082,-0.2897,-0.2147,-0.5981,GSE130970,F1,2,3.0,0.1546,-0.7042,-0.4046,-0.5723,-0.6002,-0.2381
GSM3758072,0.1073,0.2336,0.0288,0.0296,-0.1841,GSE130970,F1,2,6.0,-0.233,-0.19,0.7212,-0.4072,-0.4588,-0.6082
GSM3758073,0.1356,0.036,0.1052,0.2455,-0.4546,GSE130970,F0,1,1.0,0.2867,0.1029,-0.1483,-0.2882,-0.0836,0.2068
GSM3758074,0.342,-0.0696,0.2009,0.1731,-0.0763,GSE130970,F0,1,1.0,-0.0877,-0.1452,0.1449,0.0315,-0.1886,-0.1582
GSM3758075,-0.4721,-0.7288,-0.2299,-0.726,-0.9651,GSE130970,Normal,0,0.0,0.3817,-0.6333,-1.5116,-0.5024,-0.8647,-0.1582
GSM3758076,-0.4471,-0.4646,-0.4337,-0.4174,-1.2159,GSE130970,Normal,0,0.0,0.1685,-0.225,-0.815,-1.0289,-0.7116,-0.1333
GSM3758077,-0.1312,-0.4685,-0.1286,-0.1722,-0.8194,GSE130970,Normal,0,0.0,0.2881,-0.2294,-0.0269,-0.4869,0.1554,-0.6001
GSM3758078,0.2126,0.0546,-0.043,0.1086,0.3071,GSE130970,F3,4,6.0,0.3082,-0.1498,0.1016,-0.0376,-0.3846,-0.2901
GSM3758079,-0.0522,0.5118,0.0763,0.1588,-0.1206,GSE130970,F1,2,6.0,-0.1694,0.0189,-0.0571,-0.6267,-0.1835,-0.5664
GSM3758080,-0.066,0.0482,-0.013,-0.1314,-0.0402,GSE130970,F1,2,5.0,-0.2188,-0.0275,-0.4648,-0.3153,-0.097,-0.1642
GSM3758081,-0.3275,-0.2985,-0.2637,-0.1116,-0.5399,GSE130970,F1,2,3.0,0.1952,-0.4379,0.0364,-0.9125,-1.1522,-0.0714
GSM3758082,-0.0602,-0.0542,0.4177,-0.1478,-0.6478,GSE130970,Normal,0,0.0,0.2287,0.2014,0.1638,-0.3024,-0.8359,0.2928
GSM3998167,-0.1001,-0.573,-0.3631,0.017,-0.4685,GSE135251,F2,3,4.0,0.0518,-0.4431,-0.036,-0.6635,-0.1934,-0.714
GSM3998168,0.381,0.0507,0.2712,0.195,0.4614,GSE135251,F3,4,7.0,-0.2398,0.3602,0.9033,-0.2851,0.6967,-0.5074
GSM3998169,0.0473,0.3243,-0.2482,-0.0197,0.6444,GSE135251,F2,3,7.0,-0.1906,0.1243,0.2655,0.1281,0.3692,-0.7244
GSM3998170,0.3585,0.1377,-0.2333,-0.1211,0.4167,GSE135251,F3,4,6.0,-0.2182,-0.1254,0.3761,-1.1811,0.5812,-0.9532
GSM3998171,-0.0333,-0.4061,-0.4497,-0.1815,-0.2593,GSE135251,F0,1,5.0,-0.238,-0.5191,-0.3646,-1.1951,-0.1325,-0.8735
GSM3998172,0.109,0.2703,0.4998,0.3726,0.3705,GSE135251,F1,2,5.0,0.1771,0.355,-0.1084,0.9543,0.4585,0.5576
GSM3998173,-0.1147,-0.4018,-0.4081,-0.2673,-0.0142,GSE135251,F3,4,6.0,-0.4633,-0.4622,0.1161,-0.9261,-0.1731,-1.1917
GSM3998174,-0.1408,-0.1996,0.0589,-0.0239,0.1637,GSE135251,F2,3,6.0,0.0458,-0.0805,-0.4176,0.3658,0.6933,0.4857
GSM3998175,0.3805,-0.2862,0.5352,0.4469,0.0307,GSE135251,F0,1,2.0,0.1207,0.3618,-0.2559,0.3096,-0.4133,0.6734
GSM3998176,0.1381,-0.4338,0.3441,0.3535,0.0648,GSE135251,F2,3,5.0,0.0816,-0.324,-0.3908,0.5524,0.2312,0.1198
GSM3998177,0.3313,-0.3635,0.2236,0.3622,-0.0051,GSE135251,F1,2,1.0,0.0608,-0.0483,-0.1543,0.5407,-0.6265,0.4667
GSM3998178,0.7011,-0.1272,0.5373,0.1264,0.0868,GSE135251,F2,3,5.0,0.0885,0.0943,0.0877,0.896,0.2568,0.3095
GSM3998179,0.4061,0.45,0.4928,0.6358,0.5307,GSE135251,F3,4,8.0,-0.0059,0.3766,0.6606,0.7622,0.2106,0.1782
GSM3998180,-0.1317,-0.5408,0.2717,0.2827,-0.1204,GSE135251,F2,3,5.0,-0.1711,-0.2234,-0.1765,0.4885,0.0284,0.4338
GSM3998181,-0.2719,-0.2254,0.0792,0.1557,-0.1246,GSE135251,F1,2,4.0,0.2152,-0.0502,-0.4971,0.5276,0.3816,0.6037
GSM3998182,0.3541,-0.2817,0.2799,0.2718,-0.24,GSE135251,F2,3,3.0,0.3177,-0.093,-0.2023,0.7696,-0.1049,0.4198
GSM3998183,-0.2657,-0.8263,-0.4738,0.0367,0.1262,GSE135251,F1,2,6.0,0.0664,-0.5339,-0.6207,0.6383,0.4702,0.1018
GSM3998184,0.5642,0.1063,0.4937,0.4091,0.744,GSE135251,F2,3,5.0,0.0586,0.1852,0.2307,0.9441,0.4646,0.1938
GSM3998185,0.9283,0.3531,0.7889,0.5719,0.2477,GSE135251,F3,4,6.0,0.0415,0.3679,0.665,0.5229,0.0368,0.392
GSM3998186,-0.287,-0.4395,0.2139,-0.102,-0.7452,GSE135251,F2,3,3.0,0.1378,-0.7284,-0.6252,0.408,-0.5009,0.0807
GSM3998187,0.0542,0.5753,0.5957,0.2688,0.7589,GSE135251,F2,3,8.0,-0.2697,0.2538,-0.2939,1.2112,0.6802,0.0318
GSM3998188,0.8153,0.8111,0.9268,0.8917,0.9998,GSE135251,F3,4,7.0,-0.1042,0.6923,0.8482,0.9126,0.4841,0.5977
GSM3998189,0.3543,0.0253,0.9303,0.3382,-0.3708,GSE135251,F0,1,5.0,0.0312,0.5036,0.4552,0.326,0.4386,0.97
GSM3998190,0.2376,-0.1771,0.1543,0.501,0.1011,GSE135251,F3,4,6.0,0.0729,0.126,0.1,0.6056,0.2753,0.4581
GSM3998191,0.6559,0.626,0.5168,0.4405,0.5152,GSE135251,F4,5,6.0,-0.306,0.4181,1.2697,-0.1728,0.4089,-0.0973
GSM3998192,0.2522,-0.2457,0.5756,0.2386,-0.3922,GSE135251,F1,2,2.0,0.0081,0.2619,0.7841,0.2955,-0.1959,0.9472
GSM3998193,0.3018,-0.0428,0.066,0.1484,0.1552,GSE135251,F3,4,5.0,-0.0298,-0.1599,0.5628,0.2923,0.5718,0.413
GSM3998194,-0.1298,-0.7785,0.1967,0.0923,-0.1709,GSE135251,F1,2,3.0,-0.2155,-0.7438,-0.3483,0.4362,0.1489,0.2853
GSM3998195,-0.3706,0.1906,-0.3918,-0.0912,0.0145,GSE135251,F3,4,5.0,-0.1556,0.2063,0.302,-0.996,0.6832,-0.379
GSM3998196,-0.1989,0.0698,-0.238,0.1634,0.1415,GSE135251,F1,2,4.0,-0.1257,0.5767,0.4112,-0.9412,-0.0344,0.2938
GSM3998197,0.269,-0.2527,-0.0508,0.1055,-0.4094,GSE135251,F1,2,2.0,-0.1303,-0.3162,0.3041,-1.0426,-0.6168,-0.6553
GSM3998198,-0.3094,-0.5435,-0.3216,0.0527,-0.0123,GSE135251,F1,2,2.0,-0.1543,-0.4021,-0.2393,0.3477,0.1873,-0.3854
GSM3998199,0.1755,0.3542,-0.1965,0.0672,0.5705,GSE135251,F2,3,5.0,-0.2601,0.3972,0.7374,0.0541,0.4939,-0.1411
GSM3998200,-0.0239,-0.3834,-0.1311,-0.0203,-0.13,GSE135251,F3,4,4.0,0.1087,-0.2432,0.2046,-0.7038,-0.6021,-0.4486
GSM3998201,0.6156,0.8324,0.5252,0.2333,0.6232,GSE135251,F4,5,8.0,-0.4314,0.5073,1.7579,-0.8449,-0.0787,0.0261
GSM3998202,-0.4923,-0.1066,-0.6375,-0.2502,-0.0517,GSE135251,F0,1,5.0,-0.0418,-0.0531,-0.0684,-1.4299,0.1604,-0.3988
GSM3998203,-0.3466,-0.4326,-0.4165,-0.6028,-0.2639,GSE135251,F3,4,4.0,0.1477,-0.3247,0.2934,-1.6804,-0.9466,-0.9085
GSM3998204,-0.209,0.1897,-0.1604,0.2017,-0.0427,GSE135251,F1,2,6.0,0.0291,0.2966,0.1234,-0.7389,-0.1237,-0.2546
GSM3998205,-0.4184,-0.6219,-0.1702,-0.2366,-0.4272,GSE135251,F1,2,3.0,0.0644,-0.6949,0.4175,-0.4747,-0.1947,-0.2586
GSM3998206,-0.9212,-0.6037,-0.474,-0.9065,-0.9731,GSE135251,F0,1,6.0,-0.2751,-0.9309,-0.8012,-2.091,-1.0079,-1.012
GSM3998207,0.5368,0.1432,-0.0067,0.2987,0.3403,GSE135251,F3,4,6.0,-0.2968,-0.2345,0.7623,-0.8937,-0.5837,-1.2425
GSM3998208,-0.5576,-0.591,-0.6025,-0.784,-0.1794,GSE135251,F4,5,5.0,0.1614,-0.7492,0.0617,-0.9347,-0.0592,-1.2282
GSM3998209,0.4121,0.2347,0.1998,0.0397,0.5204,GSE135251,F3,4,8.0,-0.0881,0.0723,-0.0792,-0.2986,0.2283,-0.6183
GSM3998210,-0.0982,0.526,-0.0594,0.1007,0.5906,GSE135251,F3,4,5.0,-0.0056,0.4346,-0.3042,-0.1936,0.321,-0.2854
GSM3998211,-0.5615,-0.0965,-0.4776,-0.4748,0.3642,GSE135251,F2,3,5.0,-0.0818,-0.4061,-0.307,-0.2764,-0.0387,-0.5298
GSM3998212,-0.6702,-0.6847,-0.558,-0.0559,0.0865,GSE135251,F1,2,5.0,0.0644,-0.5067,-0.4203,-0.4344,0.6465,-0.8214
GSM3998213,0.5823,-0.1047,0.6852,0.6605,0.3471,GSE135251,F0,1,4.0,-0.0667,0.0624,0.5635,0.5806,-0.2045,0.5137
GSM3998214,0.616,0.9483,0.0417,0.2385,0.7064,GSE135251,F4,5,6.0,-0.2788,0.8362,0.9258,-0.3687,-0.1801,0.2079
GSM3998215,-0.1068,0.0856,-0.0406,0.2777,0.2962,GSE135251,F2,3,7.0,-0.0356,0.0854,0.0456,-0.7973,-0.3472,-0.577
GSM3998219,-0.1123,-0.3278,0.2405,0.5216,-0.2719,GSE135251,F0,1,2.0,0.0968,-0.163,-0.576,0.8051,0.6231,0.5484
GSM3998225,0.5198,1.1759,-0.2159,0.3638,0.549,GSE135251,F3,4,6.0,-0.5706,0.9012,0.9347,-0.1957,0.9534,0.0172
GSM3998226,1.0075,0.9503,0.9595,0.9909,0.817,GSE135251,F4,5,7.0,-0.293,0.8892,1.2128,0.4781,0.2217,0.6521
GSM3998227,0.4828,0.8347,0.3909,-0.0241,0.7313,GSE135251,F4,5,3.0,-0.1326,0.9352,0.6937,0.0732,-0.1141,0.3403
GSM3998228,0.2711,0.2255,0.4948,0.085,-0.1241,GSE135251,F1,2,7.0,0.1175,0.0814,-0.1477,1.0749,0.73,0.285
GSM3998229,0.116,0.5547,-0.0941,-0.0438,0.3352,GSE135251,F3,4,5.0,0.0425,-0.0204,0.1833,-0.1708,0.3791,-0.9391
GSM3998230,0.1388,0.559,-0.5396,-0.2531,0.1913,GSE135251,F4,5,3.0,-0.3512,-0.2996,1.4276,-1.3616,-1.385,-0.4003
GSM3998231,-0.2626,-0.35,0.0882,-0.0439,-0.6437,GSE135251,F1,2,3.0,0.1024,-0.4382,0.0432,0.3081,-0.2287,0.1208
GSM3998232,-1.5136,-0.3357,-1.3588,-1.4151,-1.3549,GSE135251,F1,2,1.0,-0.3342,-0.6999,-1.5893,-1.3042,-0.9176,-0.4273
GSM3998233,0.4736,1.0318,0.2541,0.5925,0.3988,GSE135251,F3,4,4.0,-0.45,0.9817,0.8884,-0.4385,0.5766,0.2161
GSM3998234,0.1967,0.3308,0.3989,0.2843,0.41,GSE135251,F1,2,6.0,-0.1041,-0.2799,-0.0548,0.7978,-0.0521,-0.0521
GSM3998235,0.5429,-0.1561,0.452,0.4376,0.2364,GSE135251,F2,3,4.0,0.1346,0.0666,0.4928,0.5134,0.098,0.3282
GSM3998236,0.4858,0.4812,0.5713,0.3459,0.5092,GSE135251,F1,2,3.0,-0.2159,0.2134,0.3894,0.9685,0.0829,0.3327
GSM3998237,0.0591,0.0905,0.4362,0.1224,0.0814,GSE135251,F2,3,4.0,-0.0272,-0.1317,-0.185,0.3576,-0.4342,0.2916
GSM3998238,0.3807,0.3397,1.1587,0.3325,0.1479,GSE135251,F2,3,4.0,0.1974,0.5534,0.6867,0.948,0.3828,0.9791
GSM3998239,0.5998,0.4915,1.1729,0.4912,0.0518,GSE135251,F3,4,5.0,-0.173,0.2463,0.0974,0.3841,-0.4855,0.2373
GSM3998240,0.4343,0.1223,0.6975,0.0164,-0.0314,GSE135251,F2,3,4.0,0.0799,0.169,0.3345,0.7174,-0.2732,0.6091
GSM3998241,0.4006,0.3167,0.6707,0.4558,0.4574,GSE135251,F3,4,6.0,-0.0484,0.1644,0.4092,0.4375,0.3026,0.0994
GSM3998242,0.8096,1.2387,0.0974,0.1556,0.586,GSE135251,F4,5,5.0,-0.2299,1.2226,0.7183,-0.6656,-0.2149,0.3401
GSM3998243,0.4967,0.1969,0.3191,0.3882,0.156,GSE135251,F2,3,4.0,0.0126,0.3287,0.0241,-0.1164,0.6088,0.1392
GSM3998244,-0.417,-0.5312,-0.2422,0.1427,0.1,GSE135251,F0,1,3.0,0.0844,-0.2316,-0.2422,0.4563,0.6517,0.3359
GSM3998245,-0.0972,0.2331,0.0848,0.1813,-0.2924,GSE135251,F2,3,4.0,-0.1313,-0.0666,-0.0892,-0.0661,-0.2876,0.0152
GSM3998246,0.1565,-0.1268,0.2858,-0.1081,-0.0919,GSE135251,F2,3,5.0,0.0079,-0.2736,-0.1705,0.4614,0.3301,0.1744
GSM3998247,-0.3654,-0.3051,-0.479,-0.2512,0.3288,GSE135251,F0,1,4.0,0.2162,-0.2085,-0.9016,-0.3914,0.2322,-0.4418
GSM3998248,0.5408,0.7005,0.7171,0.5017,0.0463,GSE135251,F2,3,7.0,-0.3122,0.5209,0.4607,0.6943,0.3096,0.2484
GSM3998249,-0.4942,-0.4765,-0.0491,-0.1186,-0.5687,GSE135251,F0,1,2.0,0.1552,-0.6287,-0.6073,0.0044,-0.0366,-0.1263
GSM3998250,0.3306,-0.1556,0.307,0.1117,-0.1007,GSE135251,F4,5,5.0,0.2437,-0.4721,-0.2839,0.2106,-0.4964,-0.1148
GSM3998251,0.182,0.6531,-0.0334,0.1897,-0.0637,GSE135251,F3,4,5.0,0.1705,0.2113,0.8913,-0.3976,0.6345,-0.3987
GSM3998252,0.0615,0.132,-0.0646,0.0533,-0.3365,GSE135251,F2,3,4.0,0.3152,-0.0327,0.0325,0.668,-0.0481,0.2394
GSM3998253,0.6468,0.4847,0.6205,0.1777,0.087,GSE135251,F3,4,8.0,0.0773,0.0009,1.6485,0.018,-0.6736,0.3096
GSM3998254,0.3371,0.1199,0.1165,0.2793,-0.0544,GSE135251,F0,1,4.0,-0.0031,0.2566,0.4668,-0.0304,0.0586,-0.0949
GSM3998255,0.0679,-0.3026,0.283,0.0873,-0.1928,GSE135251,F1,2,5.0,0.3225,-0.1439,-0.6511,0.5626,0.1127,0.1139
GSM3998256,-0.4709,0.0807,-0.4479,-0.2007,-0.5799,GSE135251,F2,3,6.0,0.1784,-0.315,-0.8576,-0.3797,-0.4163,-0.5484
GSM3998257,0.5805,0.2762,0.4152,0.4491,0.0213,GSE135251,F2,3,7.0,-0.2324,0.4211,0.6028,0.598,-0.2989,0.3543
GSM3998258,1.1495,1.0337,0.7285,0.6419,0.5216,GSE135251,F4,5,2.0,-0.3307,0.7761,1.3778,0.1659,0.7812,-0.1412
GSM3998259,-1.0612,-0.7176,-1.1841,-1.0262,-1.0678,GSE135251,F2,3,6.0,-0.5395,-1.0864,-0.6133,-1.5774,-1.0881,-1.269
GSM3998260,-1.2367,-0.3453,-1.1922,-1.0067,-1.0336,GSE135251,F2,3,3.0,-0.442,-0.7274,-0.3812,-1.8412,-1.0928,-0.9852
GSM3998261,0.1571,-0.1282,0.1784,0.1144,0.2933,GSE135251,F3,4,7.0,0.1204,-0.0473,0.0453,0.4481,-0.0441,0.1609
GSM3998262,0.4356,-0.3388,0.4612,0.1573,-0.2035,GSE135251,F3,4,4.0,0.1554,-0.1163,0.323,0.6186,0.1394,0.4189
GSM3998263,0.3053,-0.2497,0.1642,0.2436,0.1154,GSE135251,F2,3,6.0,0.1624,-0.1466,-0.2846,0.76,0.4998,0.6112
GSM3998264,0.5105,0.395,0.6299,0.1357,0.0501,GSE135251,F2,3,6.0,0.0333,0.1147,0.5689,0.3537,0.0056,0.2642
GSM3998265,0.3527,-0.045,0.5848,0.2215,-0.2639,GSE135251,F3,4,3.0,0.3248,0.0701,0.4476,0.4946,-0.2748,0.4674
GSM3998266,0.0443,0.1183,0.3232,-0.0108,-0.5675,GSE135251,F0,1,3.0,0.5792,-0.0501,-0.275,0.9252,0.2262,0.6148
GSM3998267,0.1694,-0.4735,0.3721,0.1828,-0.706,GSE135251,F0,1,2.0,0.2453,-0.199,-0.4029,0.1653,-0.7486,0.3192
GSM3998268,0.4683,-0.2491,-0.151,0.1001,-0.4069,GSE135251,F3,4,5.0,-0.5043,-0.218,1.6537,-1.0743,-1.159,-0.6424
GSM3998269,-0.0936,-0.2206,0.2103,-0.0733,0.2099,GSE135251,F2,3,5.0,-0.0104,-0.1261,-0.3653,0.8398,0.6673,0.2637
GSM3998270,-0.0344,-0.2275,0.2675,0.3205,-0.3885,GSE135251,F0,1,4.0,0.35,-0.0355,-0.3805,0.7385,0.3293,0.4247
GSM3998271,0.281,-0.592,0.1558,0.1057,-0.1424,GSE135251,F1,2,6.0,0.022,-0.1695,-0.8349,0.6224,0.6717,0.4125
GSM3998272,0.1088,-0.0998,0.5253,0.0751,0.3135,GSE135251,F0,1,3.0,0.2279,-0.1786,-0.9077,1.5432,0.5478,0.5365
GSM3998273,0.1854,0.3354,0.0806,-0.2629,0.4706,GSE135251,F1,2,6.0,0.6667,0.0751,0.1056,0.4263,0.5735,0.2156
GSM3998274,0.4958,0.3228,0.2121,-0.176,0.2801,GSE135251,F3,4,6.0,0.1894,-0.1873,0.1391,0.5553,-0.2443,0.1137
GSM3998275,0.2293,0.1841,0.2103,0.2614,-0.1248,GSE135251,F4,5,1.0,0.44,0.018,0.2304,0.8772,0.5887,0.392
GSM3998276,0.2243,0.7589,0.1639,-0.2981,0.4825,GSE135251,F0,1,2.0,-0.0192,0.5192,-0.5157,1.0504,0.993,0.6059
GSM3998277,-0.5022,-0.4068,-0.05,-0.5098,-0.3221,GSE135251,F2,3,4.0,0.1183,-0.5537,-0.1488,-0.5871,-0.0376,-0.5538
GSM3998278,-0.4044,-0.1128,-0.8635,-0.8427,-0.1888,GSE135251,F2,3,5.0,0.1216,-0.2965,0.1004,-0.5511,-0.0959,-0.6191
GSM3998279,0.1337,-0.0224,0.4883,0.183,0.0362,GSE135251,F1,2,2.0,0.124,-0.087,-0.1007,0.9613,0.3355,0.2474
GSM3998280,-0.1576,0.5662,-1.4197,-1.2643,0.39,GSE135251,F3,4,5.0,-1.0,0.0958,0.4149,-0.7016,1.0615,-0.3909
GSM3998281,0.5822,0.4031,0.5667,0.1315,0.887,GSE135251,F0,1,1.0,-0.0635,0.5924,0.6989,-0.4387,0.5291,-0.3686
GSM3998282,0.445,0.4471,0.4814,0.3606,0.3611,GSE135251,F3,4,5.0,0.1301,0.3337,-0.0167,0.6023,0.5538,0.3423
GSM3998283,0.0347,0.0255,-0.2734,-0.138,-0.3493,GSE135251,F1,2,2.0,0.1311,-0.2103,0.6988,-1.192,0.1683,-1.7636
GSM3998284,-0.7597,-0.0243,-1.1476,-0.3369,-0.0956,GSE135251,F2,3,4.0,-0.0881,-0.0455,0.2799,-0.8093,-0.1666,-0.1399
GSM3998285,0.2559,0.4611,0.3701,-0.2479,-0.6732,GSE135251,F4,5,4.0,-1.1176,0.6995,1.518,-1.2504,-0.6795,0.2074
GSM3998286,-0.1939,-0.4449,0.2701,0.0045,-0.3125,GSE135251,F0,1,2.0,0.0778,-0.2694,-0.8042,0.6696,-0.1307,0.427
GSM3998287,-0.0629,-0.483,0.1202,0.1796,-0.1122,GSE135251,F2,3,4.0,0.1063,-0.4596,-0.1285,1.0811,0.2501,0.2838
GSM3998288,-0.1366,-0.5679,0.2153,-0.2506,-0.8019,GSE135251,F0,1,2.0,0.3328,-0.311,-0.848,0.3358,-1.4397,0.3
GSM3998289,0.1664,-0.1884,0.3813,0.1018,-0.4834,GSE135251,F0,1,3.0,0.1106,-0.0405,-0.1569,0.6123,-0.3261,0.5636
GSM3998290,0.6711,0.3556,0.7876,0.4478,0.6387,GSE135251,F0,1,4.0,-0.093,0.393,0.8393,0.9846,0.3956,0.6333
GSM3998291,0.3449,-0.0504,0.4275,0.1849,0.1265,GSE135251,F1,2,6.0,-0.1003,0.0485,-0.1419,0.7638,0.551,0.3474
GSM3998292,0.0887,-0.0832,0.5339,0.3129,-0.128,GSE135251,F1,2,6.0,0.2524,-0.0304,-0.4514,1.081,0.5436,0.478
GSM3998293,0.3069,-0.0501,0.1095,-0.1029,0.2936,GSE135251,F0,1,3.0,0.1804,-0.0002,-0.2903,1.2693,0.1193,0.8389
GSM3998294,0.1552,0.1244,0.7088,0.0598,-0.0887,GSE135251,F1,2,2.0,0.4129,0.1774,-0.1377,0.2443,-0.692,0.3893
GSM3998295,0.2922,-0.4359,0.4725,-0.0038,0.089,GSE135251,F1,2,3.0,0.4567,-0.1965,-0.2641,0.5919,0.2942,0.3157
GSM3998296,-0.1359,-0.492,0.2035,0.0842,0.0002,GSE135251,F1,2,3.0,0.142,-0.5423,-0.4908,0.5113,-0.3266,0.2996
GSM3998297,-0.2259,-0.7047,0.4568,-0.5382,-0.717,GSE135251,F2,3,5.0,-0.0001,-0.7359,-0.957,0.4639,-0.6262,0.0536
GSM3998298,0.0787,-0.276,0.3124,0.2012,0.0566,GSE135251,F3,4,5.0,0.0234,-0.2036,-0.1805,0.5595,0.3298,0.3185
GSM3998299,-0.157,-0.5402,-0.0217,0.0823,-0.419,GSE135251,F2,3,4.0,0.3885,-0.279,0.1467,0.3454,-0.2965,0.1891
GSM3998300,0.4392,-0.346,0.4394,0.1791,-0.1913,GSE135251,F1,2,5.0,0.12,-0.2833,-0.1678,0.4865,-0.1595,0.1383
GSM3998301,1.0315,0.9763,1.1018,0.7585,0.2973,GSE135251,F3,4,4.0,0.0611,0.7666,1.2705,0.5334,0.3245,0.1569
GSM3998302,-0.5671,0.0012,-0.3737,-0.3601,-0.0841,GSE135251,F1,2,3.0,0.1068,-0.1883,0.3451,-0.8503,-0.8876,-0.4344
GSM3998303,-0.9848,-0.23,-0.6606,-0.5166,-0.7871,GSE135251,F0,1,1.0,0.1425,-0.3171,-0.304,-1.8553,-1.1494,-0.6246
GSM3998304,-1.2228,-0.1027,-1.4912,-0.6664,-0.9484,GSE135251,F0,1,2.0,0.5276,-0.177,-0.4548,-1.3761,-0.7235,-0.5399
GSM3998305,-0.3256,-0.6372,-0.1416,-0.2883,-0.5361,GSE135251,F0,1,1.0,0.0421,-0.5397,-1.2197,-0.3256,0.0567,-0.3541
GSM3998306,-0.0318,-0.6467,0.0172,0.0808,-0.1853,GSE135251,F1,2,3.0,0.1235,-0.2624,-0.4765,-0.3954,0.2239,0.1641
GSM3998307,-0.7332,-0.6824,-0.548,-0.3225,-0.33,GSE135251,F0,1,1.0,0.0332,-0.6139,-0.6724,-0.3009,-0.1863,-0.7047
GSM3998308,-0.0057,0.0424,0.1602,0.1156,0.0382,GSE135251,F3,4,7.0,0.0117,-0.0523,-0.4735,-0.0868,-0.4712,-0.3821
GSM3998309,-0.0305,0.1078,0.2208,0.4221,0.1213,GSE135251,F3,4,5.0,0.0977,-0.212,0.0379,-0.4808,0.1771,-0.6048
GSM3998310,-0.332,-0.3428,0.1052,-0.3177,-0.294,GSE135251,F1,2,1.0,0.1951,-0.3849,-0.4571,0.2581,0.2786,-0.1586
GSM3998311,0.1768,-0.342,0.3808,0.4425,-0.2933,GSE135251,F1,2,3.0,0.2152,-0.1414,-0.0644,0.2518,-0.2738,0.2997
GSM3998312,-0.0586,-0.042,-0.0807,-0.0736,0.3807,GSE135251,F2,3,6.0,0.0497,0.206,0.5541,-0.5637,-0.2238,-0.2476
GSM3998313,-0.0287,0.3657,0.3098,0.3859,0.3828,GSE135251,F2,3,7.0,-0.2314,0.2448,-0.6881,-0.3535,-0.1321,-0.1345
GSM3998314,0.7266,0.542,0.5218,0.0213,0.6205,GSE135251,F3,4,8.0,-0.156,0.26,0.1886,-0.1721,-0.1914,-0.517
GSM3998315,-0.1191,-0.3559,-0.1608,0.0501,0.0359,GSE135251,F1,2,5.0,0.2865,-0.2204,-0.0488,-0.341,-0.397,-0.4804
GSM3998316,-0.2222,-0.3815,-0.2433,-0.2621,0.091,GSE135251,F1,2,4.0,0.0755,-0.3112,-0.6995,-0.926,-0.5648,-0.2914
GSM3998317,-0.1989,-0.5772,-0.3078,-0.2292,0.0064,GSE135251,F1,2,5.0,-0.0164,-0.485,-0.4761,-0.8162,0.0835,-0.4333
GSM3998318,-0.2047,-0.0474,-0.2591,-0.1016,0.4924,GSE135251,F2,3,6.0,-0.0393,-0.0825,0.1387,-0.6524,-0.5957,-0.4008
GSM3998319,-0.1687,-0.0278,-0.0904,-0.686,-0.1402,GSE135251,F3,4,4.0,0.3706,-0.5336,-0.4556,-0.156,-0.6217,-0.3266
GSM3998320,-0.2657,-0.2066,0.2121,-0.4239,-0.541,GSE135251,F1,2,6.0,-0.1149,-0.3686,-0.188,-0.8974,-1.011,-0.6079
GSM3998321,0.0299,-0.3786,-0.0018,-0.0421,-0.0142,GSE135251,F0,1,4.0,0.1832,-0.1217,-0.2082,-0.1262,-0.417,-0.2667
GSM3998322,-0.0451,0.0051,0.0048,-0.0186,-0.2005,GSE135251,F3,4,5.0,0.1033,-0.0225,0.5209,-0.355,-0.1052,-0.4388
GSM3998323,-0.1486,-0.2967,-0.0723,0.0619,-0.068,GSE135251,F0,1,4.0,0.3707,-0.1737,0.0864,-0.1378,-0.3593,-0.3494
GSM3998324,0.7936,0.5446,0.301,0.3721,0.7324,GSE135251,F3,4,7.0,-0.3137,0.4217,0.8564,-0.104,0.1036,-0.2953
GSM3998325,-0.7768,-1.0767,-0.5533,-0.3615,-0.4086,GSE135251,F0,1,4.0,0.0376,-0.741,-1.1422,-0.7984,-1.0462,-0.7439
GSM3998326,-0.6375,-0.1834,-0.1472,-0.2085,-0.2322,GSE135251,F0,1,2.0,0.1018,-0.3777,-0.2625,-0.5522,-0.6837,-0.524
GSM3998327,1.0742,1.0604,1.0224,1.2549,1.0486,GSE135251,F3,4,7.0,-0.5767,1.3292,1.9529,-0.2386,0.3291,-0.0617
GSM3998328,0.5434,0.3169,0.2136,0.7021,0.5446,GSE135251,F3,4,6.0,0.0051,0.3802,0.595,-0.415,0.4668,-0.155
GSM3998329,0.227,0.3998,0.4898,0.2556,0.2782,GSE135251,F3,4,7.0,-0.1993,0.1075,0.1671,2.172,2.9701,0.2823
GSM3998330,-0.2657,-0.3407,0.2978,-0.079,-0.1863,GSE135251,F3,4,4.0,0.3292,-0.3246,-0.4825,0.8993,0.7049,0.1939
GSM3998331,-0.4477,-0.6814,-0.6242,-0.3028,-0.6988,GSE135251,F1,2,3.0,-0.0911,-0.565,-0.1509,-0.9981,-0.372,-1.0699
GSM3998332,0.7641,0.9413,0.0423,0.281,0.6053,GSE135251,F4,5,8.0,-0.5752,0.8428,1.1641,-0.0546,1.1924,-0.1033
GSM3998333,0.1343,-0.0562,-0.4122,0.1015,-0.6371,GSE135251,F3,4,5.0,-0.3287,-0.5163,1.409,-2.183,-1.2395,-0.631
GSM3998334,0.0971,0.1002,-0.0066,0.3336,0.1023,GSE135251,F3,4,3.0,-0.239,0.2787,0.6917,-0.4125,0.644,0.0199
GSM3998335,-0.1157,0.2795,-0.1328,0.1548,0.7478,GSE135251,F2,3,4.0,-0.1466,0.5609,0.5761,-0.5643,0.7658,-0.4556
GSM3998336,-0.5292,0.0114,-0.1793,-0.0602,-0.2624,GSE135251,F0,1,2.0,0.2842,0.1906,0.1472,-1.3952,-0.1821,-0.3529
GSM3998337,-0.1886,-0.6644,-0.6209,-0.37,-0.407,GSE135251,F2,3,5.0,0.1496,-0.7271,0.0124,-1.0729,-0.4825,-0.6942
GSM3998338,-0.2492,0.0475,-0.3934,-0.3993,-0.1546,GSE135251,F3,4,4.0,-0.0368,0.2471,0.3573,-0.5801,-0.2241,-0.1235
GSM3998339,-0.556,-0.5365,-0.6201,-0.4065,-0.6163,GSE135251,F0,1,4.0,-0.1343,-0.4515,-0.2756,-1.24,-0.7109,-1.1729
GSM3998340,-0.8519,-0.2971,-0.9702,-0.8821,-0.6781,GSE135251,F3,4,3.0,-0.1698,-0.6616,-0.2781,-1.436,-0.7431,-1.1545
GSM3998343,0.3593,0.6885,-0.1018,0.4874,0.4989,GSE135251,F2,3,5.0,-0.084,0.6157,0.093,0.773,0.7617,0.6639
GSM3998344,-0.0291,-0.175,-0.1557,0.1401,0.272,GSE135251,F1,2,1.0,0.0974,0.0448,-0.0236,0.1578,-0.725,0.424
GSM3998345,-0.4412,0.2669,-0.5449,-0.6247,0.1674,GSE135251,F0,1,2.0,0.2448,0.2111,-1.0148,1.3504,1.1203,0.5726
GSM3998346,-0.608,0.1933,-0.6521,-0.1633,0.5762,GSE135251,F0,1,2.0,-0.1239,0.1677,-0.3495,0.8994,0.454,0.7732
GSM3998347,-0.2406,0.7703,-0.2904,-0.096,0.6693,GSE135251,F2,3,6.0,0.0055,0.5962,-0.0612,0.6459,0.0906,0.2203
GSM3998348,-0.1236,0.4781,0.0715,0.1432,0.061,GSE135251,F2,3,6.0,-0.1594,0.4653,0.2535,0.453,-0.0332,0.6043
GSM3998349,-0.1617,0.1901,0.0167,-0.4348,-0.2673,GSE135251,F0,1,1.0,0.0909,0.2015,-0.4377,0.6134,0.324,0.5652
GSM3998350,0.2995,0.8598,0.2745,-0.0643,0.743,GSE135251,F2,3,6.0,-0.3722,0.5772,0.5774,0.5782,-0.0072,0.4468
GSM3998351,0.3136,0.583,-0.0769,0.4033,0.6394,GSE135251,F1,2,4.0,-0.2286,0.7227,-0.2078,0.9532,0.4429,0.8992
GSM3998352,-0.0582,0.0941,-0.0421,0.1158,0.1031,GSE135251,F1,2,3.0,0.1238,0.0385,0.0759,0.5968,0.1286,0.3971
GSM3998353,-0.5931,0.1916,-0.4877,-0.6973,-0.1919,GSE135251,F0,1,2.0,0.0502,-0.1464,-0.5861,0.5232,0.3944,0.3404
GSM3998354,0.4885,0.9144,0.2701,-0.0168,0.794,GSE135251,F3,4,6.0,-0.2123,0.7528,0.6473,0.3263,0.0674,0.6622
GSM3998355,0.498,1.2974,0.9145,0.419,0.9495,GSE135251,F2,3,7.0,-0.4772,0.977,0.1434,1.3526,0.7745,0.7082
GSM3998356,0.1338,0.5116,0.0273,0.056,0.4879,GSE135251,F2,3,5.0,-0.1623,0.4626,-0.1005,0.4132,0.2884,0.6517
GSM3998357,-0.1247,0.6711,0.0128,0.0155,0.9661,GSE135251,F1,2,6.0,0.2434,0.6766,-0.0333,0.8105,0.3093,0.7932
GSM3998358,0.686,0.2072,0.5825,0.4248,0.4477,GSE135251,F1,2,5.0,-0.0347,0.5858,-0.2113,0.894,0.8365,0.6393
GSM3998359,0.8128,1.2616,0.2713,0.6738,1.0011,GSE135251,F4,5,5.0,-0.4911,1.2814,1.8487,0.4399,0.993,0.5532
GSM3998360,0.0038,0.4055,-0.3119,-0.0676,0.3574,GSE135251,F2,3,5.0,-0.415,0.5448,0.0877,0.1575,1.4695,0.3566
GSM3998361,-0.8719,-0.0775,-0.9008,-0.7213,0.0866,GSE135251,F0,1,1.0,-0.1106,-0.1954,-0.7893,0.3545,-0.3745,0.6039
GSM3998362,0.721,1.7331,0.3834,0.3285,1.3762,GSE135251,F2,3,8.0,-0.4874,1.4584,0.788,0.9658,0.3327,0.6067
GSM3998363,0.0366,0.4746,-0.0744,-0.1652,0.1814,GSE135251,F1,2,5.0,-0.0195,0.3262,-0.3378,0.5924,-0.2634,0.5046
GSM3998364,-0.4094,0.5033,-0.1551,-0.3252,-0.024,GSE135251,F3,4,6.0,-0.1353,0.3785,-0.0382,0.5493,0.4904,0.4488
GSM3998365,-0.3263,0.3549,-0.3158,0.1001,0.3257,GSE135251,F3,4,3.0,-0.0334,0.5922,0.2737,0.8185,0.7941,0.7024
GSM3998366,-0.619,-0.1364,-0.8332,-0.4792,-0.1716,GSE135251,F0,1,2.0,-0.0496,-0.214,0.276,-1.1016,-0.361,-0.5873
GSM3998367,-0.4468,0.6295,-0.347,-0.499,-0.0228,GSE135251,F1,2,5.0,-0.3371,0.5795,0.1487,-0.2803,0.5488,-0.3468
GSM3998368,0.2474,0.531,-0.1152,-0.1446,0.2727,GSE135251,F2,3,5.0,-0.0058,0.2532,0.7108,0.1411,-0.6234,0.3914
GSM3998369,0.0108,0.3925,0.1531,0.1099,-0.4836,GSE135251,F3,4,6.0,-0.1353,0.5559,0.902,-1.13,-0.8067,-0.5559
GSM3998370,0.4717,0.1174,-0.291,0.4427,0.3542,GSE135251,F2,3,4.0,-0.7147,0.261,0.3897,0.1738,0.9964,0.2679
GSM3998371,0.2355,0.7673,0.4288,0.2492,0.8654,GSE135251,F2,3,6.0,-0.3469,0.927,0.4198,0.9845,1.0011,0.4721
GSM3998372,1.0389,0.5177,0.3932,0.2537,0.4151,GSE135251,F3,4,4.0,-0.1997,0.76,0.8241,0.5483,0.6222,0.5316
GSM3998373,-0.2524,0.1052,-0.4318,0.0427,0.2378,GSE135251,F3,4,5.0,-0.0804,0.2943,0.4132,0.24,0.2403,0.2527
GSM3998374,0.0986,0.3149,-0.0446,-0.2352,-0.2317,GSE135251,F3,4,5.0,-0.386,0.139,-0.012,0.6763,0.1138,0.4512
GSM3998375,0.1026,-0.2904,-0.3593,0.1361,0.0935,GSE135251,F1,2,6.0,-0.1071,-0.0805,-0.1031,0.153,0.4046,0.1574
GSM3998376,0.4851,0.8406,-0.0009,0.2569,0.8619,GSE135251,F2,3,7.0,-0.494,0.5348,0.4189,0.1926,0.5774,-0.2363
GSM3998377,0.0998,0.1104,-0.2341,0.2697,0.3065,GSE135251,F1,2,4.0,-0.2847,0.3134,0.0442,0.6133,0.3083,0.4515
GSM3998378,0.6238,1.6826,0.1761,0.5145,1.2884,GSE135251,F3,4,6.0,-0.553,1.4739,0.5295,0.9646,1.072,0.4791
GSM3998379,0.2852,0.4013,-0.4866,-0.0921,0.6478,GSE135251,F3,4,7.0,-0.1846,0.0964,0.2129,0.1246,0.3455,-0.0427
GSM3998380,-0.2964,0.1605,-0.128,0.0871,0.1102,GSE135251,F1,2,3.0,-0.3078,0.2272,0.0368,0.2503,0.1254,0.2239
GSM3998381,0.1068,0.5025,0.1863,-0.0741,0.7055,GSE135251,F2,3,5.0,-0.1804,0.7867,0.4433,1.0148,1.0499,0.914
GSM3998382,0.8908,1.4007,0.8047,0.537,0.9959,GSE135251,F3,4,7.0,-0.8916,1.4971,1.592,0.8983,1.1175,0.7538
GSM4957321,-0.4429,0.0696,-0.3388,0.0776,-0.1941,GSE162694,F0,1,3.0,0.4551,0.2084,-0.349,0.649,-1.0291,0.6388
GSM4957322,-0.2802,0.0932,-0.1902,-0.1475,0.2152,GSE162694,F1,2,3.0,0.1423,0.1296,-0.2547,0.7879,0.0626,0.8208
GSM4957323,-0.3858,-0.4661,-0.3214,-0.1541,-0.8334,GSE162694,Normal,0,0.0,0.0702,-0.4113,-0.4487,-0.3007,-0.5092,-0.5153
GSM4957324,0.0583,0.5778,0.2332,0.3383,0.2816,GSE162694,F3,4,7.0,-0.5522,0.528,0.3072,0.5633,0.5312,0.3003
GSM4957325,-0.4841,-0.9353,-0.1083,-0.335,-0.5675,GSE162694,F1,2,5.0,-0.1579,-0.7607,-1.1069,0.7011,1.2389,0.2999
GSM4957326,-0.2411,-0.4573,-0.2962,-0.6742,-1.312,GSE162694,Normal,0,0.0,0.3535,-0.1901,-0.6238,-2.0309,-0.7375,-1.7154
GSM4957327,-0.3072,-0.5828,-0.4827,-0.1618,-0.8966,GSE162694,F0,1,4.0,-0.0403,-0.2801,0.5739,-1.1008,-0.3148,-1.489
GSM4957328,-0.5458,-0.4864,-0.4981,-0.2822,-0.5562,GSE162694,F2,3,5.0,-0.4575,-0.1081,-0.2901,-0.6731,0.6475,-0.7228
GSM4957329,-0.7248,-0.3647,-0.213,-0.5083,-1.2667,GSE162694,F1,2,4.0,0.3099,-0.5885,-0.1796,-0.2753,-0.0832,-0.3112
GSM4957330,-0.6191,-0.7402,-0.0264,-0.5309,-1.5589,GSE162694,Normal,0,0.0,0.6245,-0.612,-0.3102,-2.0382,-0.7153,-2.3815
GSM4957331,-0.6733,-0.5212,-0.6111,-0.7785,-1.1254,GSE162694,Normal,0,0.0,0.3693,-0.3839,-0.6969,-1.2902,-0.5323,-1.129
GSM4957332,-0.5759,-0.1556,-0.3449,-0.2595,-0.5715,GSE162694,F1,2,5.0,0.0564,-0.3682,0.0575,-0.6259,-0.47,-0.671
GSM4957333,-0.3061,-0.5634,-0.2414,-0.0428,0.1714,GSE162694,F2,3,6.0,-0.1937,-0.4097,0.2379,0.8391,1.0454,0.5588
GSM4957334,-0.009,-0.5025,-0.1236,-0.0896,-0.0103,GSE162694,F2,3,5.0,-0.1566,-0.0296,-0.0919,-0.1848,-0.8841,0.642
GSM4957335,1.5804,1.2655,1.0829,0.9714,1.8973,GSE162694,F4,5,,0.1642,0.8723,0.8292,1.2534,0.9107,0.9852
GSM4957336,-0.7224,-0.9449,-0.3195,-0.3638,-1.0173,GSE162694,Normal,0,0.0,0.3473,-0.7869,-0.5228,-1.1433,-1.2369,-0.9408
GSM4957337,2.2551,1.3486,1.8265,1.1886,1.9624,GSE162694,F4,5,,-1.4204,1.403,1.8181,0.1665,0.8559,0.5205
GSM4957338,2.3197,1.1475,1.5042,1.6284,2.4751,GSE162694,F4,5,,-0.507,1.2385,1.5106,0.9152,1.2456,1.3403
GSM4957339,1.016,0.1021,0.5182,0.5165,1.2733,GSE162694,F4,5,,0.5114,0.1059,0.4995,0.5824,-0.0612,0.628
GSM4957340,2.0691,1.3469,1.7724,1.4358,2.6368,GSE162694,F4,5,,-0.3113,1.2872,1.8032,0.9751,0.7708,1.1189
GSM4957341,0.9913,-0.0471,0.4729,0.3251,1.0978,GSE162694,F4,5,,0.5176,-0.1256,-0.3622,1.0246,0.5188,0.2543
GSM4957342,1.4939,0.1419,0.7061,0.4532,1.5664,GSE162694,F4,5,,0.5911,0.1951,-0.1516,1.6771,0.1381,0.8806
GSM4957343,0.9539,0.5628,0.2949,0.4625,1.0767,GSE162694,F2,3,7.0,0.0932,0.0342,0.4301,0.3687,-0.0396,0.103
GSM4957344,0.2117,0.0877,-0.063,0.1374,0.1992,GSE162694,F2,3,5.0,-0.1204,0.1135,0.1997,0.3983,0.4096,0.1721
GSM4957345,-0.043,0.1088,-0.0507,0.0457,0.0868,GSE162694,F3,4,7.0,-0.1879,0.0846,0.375,-0.1487,0.4345,-0.4539
GSM4957346,-0.4608,0.2155,-0.1927,0.0236,0.3309,GSE162694,F2,3,7.0,0.0156,0.3363,0.1763,1.0387,0.5064,1.0125
GSM4957347,-0.757,-0.9942,-0.6188,-0.5329,-0.4272,GSE162694,F1,2,4.0,0.2373,-0.8491,-0.3731,-1.0325,0.2187,-1.2214
GSM4957348,-0.2685,-0.0277,-0.1858,0.017,-0.2316,GSE162694,F2,3,5.0,-0.1269,-0.0216,0.3076,-0.1019,0.2739,-0.6371
GSM4957349,0.826,0.8469,0.9879,0.7996,0.3975,GSE162694,F4,5,4.0,-1.5224,1.3426,1.3411,-0.318,1.8842,0.2014
GSM4957350,-0.0741,-0.0679,-0.105,0.0274,-0.8347,GSE162694,F2,3,6.0,-0.0377,-0.0374,0.2327,-1.0934,-0.5333,-0.8163
GSM4957351,-0.5697,-0.4943,-0.3456,-0.3536,-0.2574,GSE162694,F2,3,6.0,0.3073,-0.7957,-0.2169,0.3606,0.3127,-0.2396
GSM4957352,-0.4264,-0.8667,-0.6978,-0.2277,-0.7784,GSE162694,F2,3,,-0.1033,-0.6377,-0.3859,-0.5495,-0.4961,-0.4735
GSM4957353,0.0927,0.2567,0.2537,0.0794,0.0051,GSE162694,F2,3,7.0,-0.9205,0.6385,-0.2803,0.9132,-0.516,1.2605
GSM4957354,0.1696,0.3195,0.3298,0.2113,0.4559,GSE162694,F2,3,7.0,-0.817,0.7912,0.4864,1.0596,1.7998,1.0825
GSM4957355,0.28,0.7714,0.426,0.2152,0.251,GSE162694,F3,4,,-0.278,0.6911,1.1587,-0.4686,0.3199,-0.3132
GSM4957356,0.2262,0.3709,0.3314,0.2036,0.2614,GSE162694,F3,4,,-0.0175,0.3921,1.0798,-0.2197,0.4733,-0.3487
GSM4957357,-0.1491,-0.3203,-0.2518,-0.0191,0.2169,GSE162694,F2,3,7.0,-0.1782,-0.2223,-0.0783,0.0038,0.3068,-0.1943
GSM4957358,-0.7869,-0.3141,-0.6298,-0.515,-0.6141,GSE162694,Normal,0,0.0,0.1982,-0.4794,-0.4404,-1.0801,-0.6547,-0.9937
GSM4957359,-0.479,-0.4144,-0.2619,-0.1714,-0.0289,GSE162694,F1,2,3.0,-0.5836,-0.1343,-0.249,0.902,0.6472,0.9725
GSM4957360,-0.3253,-0.1779,0.1111,-0.4543,-0.9551,GSE162694,F4,5,6.0,0.0694,-0.4049,-0.09,-1.5672,-0.1985,-2.1237
GSM4957361,0.0224,-0.1791,-0.1903,-0.0177,0.0136,GSE162694,F1,2,6.0,-0.3019,0.1274,-0.0336,-0.4218,-1.3248,0.1824
GSM4957362,0.184,-0.0167,-0.2256,0.0907,0.1097,GSE162694,F2,3,6.0,-0.3728,-0.012,0.2542,-0.2765,0.4644,-0.4021
GSM4957363,-0.3491,-0.1991,-0.1554,-0.0248,-0.5888,GSE162694,F0,1,2.0,-0.1081,-0.1949,-0.3458,-0.8678,-1.1077,0.1939
GSM4957364,-0.7815,-0.4355,-0.6818,-0.3408,-1.0404,GSE162694,F0,1,5.0,0.2055,-0.4963,-0.4472,-0.742,-0.4023,-0.884
GSM4957365,-0.0594,1.0715,0.261,-0.0584,1.1974,GSE162694,F1,2,,0.1997,0.6646,0.157,1.9719,1.1078,1.2652
GSM4957366,2.5304,2.6556,1.9961,1.4702,2.0286,GSE162694,F4,5,,-1.4584,1.7735,2.7366,1.2187,0.9714,1.4418
GSM4957367,-0.0141,0.3274,-0.0382,-0.2593,-0.8857,GSE162694,F1,2,,0.4827,0.0908,-0.365,0.3455,0.309,0.1999
GSM4957368,0.2066,0.4189,-0.0471,-0.3237,-1.3021,GSE162694,F0,1,,0.1308,0.1943,0.25,-0.022,-0.7474,-0.1351
GSM4957369,0.049,0.5099,0.409,-0.2294,0.2971,GSE162694,F0,1,,0.2931,0.6176,0.1037,0.7043,-0.2296,1.1397
GSM4957370,0.2731,1.1121,0.4739,0.2478,1.0662,GSE162694,F1,2,,0.0724,1.0775,0.4612,1.1344,-0.0697,1.4206
GSM4957371,-0.6637,-0.9919,-0.7507,-0.4186,-0.4226,GSE162694,F0,1,3.0,0.4522,-0.786,-0.6504,-0.6257,-0.3516,-1.6909
GSM4957372,-0.1872,0.1116,-0.0753,-0.4607,0.314,GSE162694,F0,1,,0.5015,0.1412,-0.5402,0.8521,0.6118,0.6252
GSM4957373,0.0198,0.5757,0.0397,-0.1022,0.3724,GSE162694,F0,1,,0.1475,0.6189,-0.0041,1.4083,1.2134,1.2004
GSM4957374,0.0424,0.5808,0.126,-0.2887,0.0825,GSE162694,F3,4,,0.5898,0.3458,0.4713,1.2563,0.4513,1.162
GSM4957375,0.3054,0.8996,0.3463,0.2177,0.6001,GSE162694,F0,1,,0.1524,0.7453,-0.3015,1.4138,1.1717,1.0137
GSM4957376,0.1538,0.6152,0.0893,0.0829,-0.3006,GSE162694,F1,2,,0.2465,0.5801,0.3105,0.3176,0.0367,0.3482
GSM4957377,-0.239,0.8566,0.1902,0.1256,1.0977,GSE162694,F1,2,,0.4178,0.0906,0.4494,0.7047,0.1426,0.7785
GSM4957378,-0.0186,0.7551,0.1118,-0.0183,0.2209,GSE162694,F0,1,,0.3402,0.6373,0.8266,-1.1979,0.0754,-0.7535
GSM4957379,-0.1077,0.6457,-0.0456,0.1047,-0.0128,GSE162694,F0,1,,0.4676,0.721,-0.3834,1.1142,-0.2696,1.3787
GSM4957380,-0.2309,0.3005,0.0208,-0.0865,-0.1678,GSE162694,F0,1,,0.5558,0.1919,0.0364,0.5644,0.0665,0.3543
GSM4957381,0.0609,0.0657,0.0368,-0.0432,-0.0305,GSE162694,F1,2,5.0,0.0797,0.2601,-0.4517,0.3082,-0.359,0.2962
GSM4957382,-0.1358,0.4089,0.0484,-0.1224,-0.3197,GSE162694,F0,1,,0.6172,0.4378,0.1607,-0.7043,-0.5498,-0.9526
GSM4957383,-0.1382,-0.0193,-0.0603,-0.2754,-0.1352,GSE162694,F1,2,4.0,-0.5885,0.0938,-0.5719,0.8834,0.1254,0.6625
GSM4957384,-0.6994,-0.0632,-0.297,-0.1603,-0.1094,GSE162694,F2,3,4.0,0.3061,-0.2352,-0.0111,-0.5567,-0.2017,-0.7187
GSM4957385,0.4841,0.4608,0.4071,0.1233,-0.2962,GSE162694,F2,3,4.0,-0.22,0.4642,0.8737,-0.1085,0.3451,0.2224
GSM4957386,-0.3855,-0.9188,-0.425,-0.3358,-0.2835,GSE162694,F0,1,3.0,0.0862,-0.7319,-0.641,0.8943,0.1253,0.4715
GSM4957387,-1.4536,-0.6223,-0.5943,-0.7257,-1.2367,GSE162694,F1,2,5.0,0.5355,-0.6483,-0.5129,-1.9401,-0.954,-2.2171
GSM4957388,0.2946,0.5194,0.9344,0.4027,-0.3279,GSE162694,F0,1,2.0,-0.6389,0.8543,1.3299,-0.9823,0.798,-0.3596
GSM4957389,-0.4658,-0.1616,-0.3749,-0.213,-1.0385,GSE162694,F0,1,1.0,-0.0029,-0.1805,-0.475,-0.8271,-0.7946,-0.1472
GSM4957390,0.0312,0.3258,-0.0327,0.0755,-0.5523,GSE162694,F2,3,5.0,-0.1055,0.3216,-0.1247,-0.1952,-0.5864,0.5864
GSM4957391,-0.0108,-1.0234,-0.6918,-0.4516,-0.5564,GSE162694,Normal,0,0.0,-0.1334,-1.0291,-0.5309,-1.5826,-0.5152,-1.7162
GSM4957392,-0.1057,-0.4669,-0.3761,-0.2454,-0.4284,GSE162694,F1,2,5.0,-0.1389,-0.1767,-0.6259,-0.136,-0.4161,-0.3565
GSM4957393,0.1146,0.1802,-0.1998,-0.023,0.1395,GSE162694,F1,2,6.0,-0.104,0.3689,0.1633,-0.1002,0.3813,-0.5671
GSM4957394,-0.45,0.2225,0.1666,-0.4823,-0.655,GSE162694,F0,1,3.0,0.6719,-0.2785,-0.1681,-0.5999,0.2,-1.0909
GSM4957395,1.954,1.7943,1.6433,1.2661,2.3242,GSE162694,F4,5,0.0,-0.8649,1.2403,1.3132,1.7552,0.6296,0.6404
GSM4957396,-0.0774,-0.1258,-0.5299,-0.3122,-0.5292,GSE162694,F2,3,7.0,-0.4389,-0.4276,-0.6759,0.1451,-0.7402,-0.062
GSM4957397,0.109,0.513,0.2838,0.0373,-0.3965,GSE162694,F0,1,4.0,-0.2048,0.2842,-0.1406,-0.3707,-0.5385,0.4074
GSM4957398,-0.7261,-0.6385,-0.7052,-0.36,-0.874,GSE162694,Normal,0,0.0,0.13,-0.4584,-0.4876,-1.4216,-0.1753,-1.2979
GSM4957399,-0.0047,0.1392,-0.0668,0.2629,-0.4454,GSE162694,F0,1,1.0,-0.2084,0.4065,-0.1283,-0.4392,-0.4382,-0.1836
GSM4957400,-0.5022,0.4515,-0.0143,-0.1614,-0.3495,GSE162694,F2,3,7.0,0.0507,-0.1966,-0.1015,-0.1819,-0.0345,-0.2323
GSM4957401,0.598,0.8772,0.67,0.3981,0.0888,GSE162694,F0,1,3.0,-0.329,1.1987,0.7615,-0.5017,0.745,-0.1027
GSM4957402,-0.2979,-0.2236,-0.1144,-0.2716,-0.1727,GSE162694,Normal,0,0.0,-0.0482,-0.2771,-0.6327,0.4069,-0.0158,0.9087
GSM4957403,1.5865,0.9791,0.7433,0.5929,1.0545,GSE162694,F3,4,5.0,-0.3796,0.9399,-0.5742,-0.5286,-0.0616,-0.5799
GSM4957404,-0.7528,-0.9322,-0.7603,-0.3538,-1.1127,GSE162694,Normal,0,0.0,0.2772,-0.7134,-0.6769,-0.732,-1.1398,-0.2884
GSM4957405,-0.5243,-0.6961,-0.3649,-0.2307,-0.8809,GSE162694,F0,1,1.0,0.1028,-0.581,-0.2499,0.1481,-0.3417,-0.5904
GSM4957406,-0.6255,-0.7502,-0.9689,-0.2712,-0.9062,GSE162694,Normal,0,0.0,-0.1775,-0.725,-0.866,-0.8662,-1.0165,-0.4839
GSM4957407,0.0006,0.299,-0.0002,0.3812,-0.0951,GSE162694,F3,4,6.0,-0.3316,0.4914,0.2229,-0.7504,0.0308,-0.2881
GSM4957408,0.6956,-1.0332,-0.5899,0.0457,-1.0102,GSE162694,F0,1,2.0,-0.043,-1.3984,0.1812,-1.6945,-1.555,-1.6904
GSM4957409,-0.8684,-0.5294,-0.0755,-0.4785,-0.2659,GSE162694,Normal,0,0.0,0.653,-0.6703,-1.2053,0.6032,-0.125,-0.0224
GSM4957410,0.5546,-0.7142,-0.2135,0.2739,0.361,GSE162694,F0,1,2.0,0.1936,-0.5237,-0.1133,-0.5357,-0.7478,-0.4821
GSM4957411,-0.0697,-0.5949,-0.3091,-0.211,0.055,GSE162694,F1,2,2.0,0.2943,-0.957,-0.4733,-0.716,-0.4247,-0.5818
GSM4957412,-0.3317,-1.2142,-0.5797,-0.517,-0.3146,GSE162694,F1,2,2.0,0.376,-1.0931,-0.1045,-0.9383,-1.3217,-1.0419
GSM4957413,-0.9066,-0.6663,-0.4461,-0.3108,-0.5789,GSE162694,Normal,0,0.0,0.8609,-0.8461,-0.6324,-0.6203,-0.9578,0.0839
GSM4957414,-0.4601,-0.5212,-0.2704,-0.3306,-0.4363,GSE162694,F0,1,3.0,0.1352,-0.3946,-0.895,0.5349,-0.4975,0.3469
GSM4957415,0.1491,-0.1007,-0.4349,0.0234,0.0793,GSE162694,F2,3,1.0,-0.0825,-0.2412,-0.0795,-0.2743,-0.3134,-0.0671
GSM4957416,-0.414,0.0992,-0.0504,-0.1108,-0.9342,GSE162694,F0,1,1.0,0.1206,-0.1449,-0.2819,-0.8744,-0.6682,0.3816
GSM4957417,-0.2115,-0.2463,0.0845,0.0411,-0.1342,GSE162694,F1,2,1.0,0.1555,-0.1954,-0.4654,0.1648,-0.14,0.5216
GSM4957418,-0.5483,-0.4277,-0.4006,-0.1632,-0.5888,GSE162694,Normal,0,0.0,0.4372,-0.4679,-0.2301,-0.4191,-0.9012,0.1025
GSM4957419,-0.1931,-0.7796,-0.478,-0.0975,-0.1873,GSE162694,F1,2,4.0,0.1316,-1.0043,-0.5208,-0.4824,-1.009,-0.0741
GSM4957420,0.1297,-0.3883,0.2749,-0.0159,0.1447,GSE162694,F1,2,4.0,0.1414,-0.3826,0.429,-0.4329,-0.4948,-0.0885
GSM4957421,-0.3737,-0.5088,-0.2806,-0.2708,0.0027,GSE162694,Normal,0,0.0,0.44,-0.5857,-0.2028,-0.5086,-0.7294,-0.2575
GSM4957422,-0.2221,-0.33,-0.1774,-0.0828,-0.2179,GSE162694,F0,1,3.0,0.1699,-0.3819,0.0152,-0.3453,-0.4189,0.205
GSM4957423,-0.9173,-0.8855,-0.3214,-0.5894,-1.1307,GSE162694,Normal,0,0.0,0.523,-1.0479,-0.4207,0.0083,-0.7441,-0.084
GSM4957424,0.0263,-0.2082,-0.2704,0.1141,0.6701,GSE162694,F1,2,6.0,0.0921,-0.2438,-0.087,0.6832,0.5618,0.3654
GSM4957425,-0.094,-0.3119,0.1356,-0.1864,-0.7066,GSE162694,Normal,0,0.0,0.367,-0.1785,-0.0422,-0.1657,-0.6368,0.1418
GSM4957426,0.3114,0.2165,0.8445,0.712,0.515,GSE162694,F1,2,5.0,0.0383,0.4236,0.3305,0.288,0.2915,0.701
GSM4957427,-0.4474,-0.6501,-0.2221,-0.3323,-0.121,GSE162694,Normal,0,0.0,0.2864,-0.5816,-0.2241,-0.4472,-0.8774,-0.056
GSM4957428,0.0727,-0.261,0.0216,0.185,-0.3809,GSE162694,F0,1,5.0,-0.16,0.1345,0.1535,-0.3295,-0.9721,0.4063
GSM4957429,-0.7048,-0.8878,-0.5716,-0.131,-0.0868,GSE162694,Normal,0,0.0,0.2081,-1.0617,-0.3739,-0.3359,-0.6547,-0.1039
GSM4957430,-0.7382,-0.7285,-0.5673,-0.32,-0.7778,GSE162694,Normal,0,0.0,0.3515,-0.6408,-0.515,-0.0803,-0.4168,0.0627
GSM4957431,-0.2055,-0.8238,-0.3144,-0.1059,-0.375,GSE162694,F1,2,1.0,0.4412,-0.6565,-0.5832,-0.6243,-0.3651,-0.3443
GSM4957432,-0.2566,-0.4766,-0.1021,-0.443,-0.1447,GSE162694,F2,3,3.0,0.4727,-0.3066,-0.7815,0.4496,-0.0685,0.2112
GSM4957433,-0.0518,0.5407,0.136,0.2382,0.9719,GSE162694,F2,3,4.0,-0.1405,0.269,0.1818,0.546,-0.0047,0.5301
GSM4957434,0.0099,-0.2895,-0.1063,-0.0988,0.6175,GSE162694,Normal,0,0.0,0.6525,-0.3918,-0.4479,0.3935,-0.2048,0.013
GSM4957435,-0.7144,-0.4695,-0.5569,-0.6977,-1.1872,GSE162694,Normal,0,0.0,0.3156,-0.4827,-0.8105,-1.0544,0.1107,-0.9008
GSM4957436,-0.6259,-0.4774,-0.1586,-0.1608,-0.1112,GSE162694,F0,1,2.0,0.2645,-0.3187,-1.1467,0.0367,0.2727,0.099
GSM4957437,-1.0848,-1.041,-0.3749,-0.6156,-0.8878,GSE162694,Normal,0,0.0,0.6409,-1.0824,-0.6212,-0.4586,-1.5649,-0.538
GSM4957438,-0.608,-1.2535,-0.3621,-0.3481,-0.5218,GSE162694,Normal,0,0.0,0.2934,-1.1584,-0.6417,-0.1984,-1.1029,0.0434
GSM4957439,-0.6757,-0.4874,-0.2903,-0.2294,-0.5778,GSE162694,Normal,0,0.0,0.4582,-0.3453,-0.745,-0.2179,-1.0917,0.1419
GSM4957440,0.0312,0.2494,0.8639,0.1643,-0.2746,GSE162694,Normal,0,0.0,-0.0687,0.6658,-0.0904,-0.0582,-0.3243,0.6552
GSM4957441,-0.7399,-1.2277,-0.5036,-0.1016,-0.2547,GSE162694,Normal,0,0.0,0.0435,-1.0468,-0.3831,-0.0072,-0.8681,0.0337
GSM4957442,-0.4226,-0.1477,0.1458,-0.2082,-0.7668,GSE162694,F0,1,1.0,0.374,-0.2045,-0.2412,0.3292,-0.1575,0.5504
GSM4957443,-0.1406,-0.1333,0.2636,-0.0537,-0.5475,GSE162694,F1,2,1.0,0.0905,-0.3208,-0.3441,0.0169,-0.1693,0.4388
GSM4957444,-0.3715,-1.1684,-0.4665,-0.1447,-0.342,GSE162694,Normal,0,0.0,0.2108,-0.8831,-0.5426,-0.3267,-0.4914,-0.3902
GSM4957445,0.6161,0.2122,1.0169,0.3067,0.5115,GSE162694,F2,3,3.0,-0.7177,0.4291,-0.243,0.5668,1.6277,0.3328
GSM4957446,-0.5593,-0.5034,-0.275,-0.1945,0.1698,GSE162694,F2,3,5.0,0.0817,-0.3165,-0.1889,0.1788,-0.2081,0.1056
GSM4957447,-0.3941,-0.5381,-0.1028,0.0055,0.2709,GSE162694,F1,2,5.0,0.0913,-0.4909,-0.0894,0.1607,-0.1638,-0.1278
GSM4957448,-0.2174,0.0847,0.2951,0.098,0.2518,GSE162694,F2,3,5.0,-0.1808,0.1809,0.7105,0.2873,0.7469,0.4161
GSM4957449,-0.4868,-0.9083,-0.4562,-0.337,-0.4534,GSE162694,F0,1,2.0,0.2883,-0.628,-0.8321,-0.1742,-0.8491,-0.2379
GSM4957450,-0.0077,-0.32,-0.0685,-0.0911,0.0847,GSE162694,F0,1,1.0,0.1553,-0.2623,-0.3703,0.5978,0.3131,0.2634
GSM4957451,0.0966,0.1327,0.4598,0.2852,0.5749,GSE162694,F4,5,4.0,0.0849,0.0773,0.3511,0.1195,-0.1177,-0.0573
GSM4957452,-0.1383,0.112,-0.0751,-0.3921,-0.3795,GSE162694,F0,1,2.0,0.5186,0.1084,-0.2432,-0.4001,-0.4209,0.0708
GSM4957453,-0.8937,-1.036,-0.723,-0.7774,-1.1844,GSE162694,Normal,0,0.0,0.5144,-0.9563,-1.4151,-1.3229,-0.7859,-1.6308
GSM4957454,-0.0844,-0.2222,-0.2949,-0.2964,-0.598,GSE162694,F1,2,6.0,-0.2941,-0.1872,0.5035,-0.421,1.2244,-0.9222
GSM4957455,0.0608,-0.059,-0.2784,-0.3454,-0.2785,GSE162694,F1,2,1.0,-0.2302,-0.2792,-0.6214,0.5056,-0.0305,0.0279
GSM4957456,-0.1556,0.1152,0.1838,-0.2192,-0.5857,GSE162694,Normal,0,0.0,-0.221,0.3982,0.0662,-0.8356,-0.2966,-0.1612
GSM4957457,-0.5553,-0.4264,-0.6005,-0.4412,-0.7686,GSE162694,F2,3,6.0,-0.0601,-0.2532,-0.8643,-1.0167,-0.574,-0.8907
GSM4957458,-0.3558,-0.2746,-0.2079,-0.2708,-0.2257,GSE162694,F3,4,4.0,-0.4494,0.0155,-0.5628,0.3927,0.1686,0.2487
GSM4957459,-0.8832,-0.8096,-0.7288,-0.3682,0.3155,GSE162694,F0,1,1.0,0.2226,-0.8073,-0.8555,0.6412,-0.6761,0.5485
GSM4957460,-0.0235,-0.2711,-0.3758,-0.2312,-0.8441,GSE162694,F2,3,6.0,-0.1003,-0.4613,-0.0412,-0.2952,0.0515,-0.7339
GSM4957461,0.0928,0.2382,0.6118,0.2427,-0.1267,GSE162694,F0,1,5.0,-0.1917,0.2016,0.6705,-0.6746,0.4988,0.2103
GSM4957462,-0.3009,-0.6158,-0.673,-0.5075,-0.5289,GSE162694,F1,2,5.0,0.1364,-0.4315,-0.7403,0.3333,-0.041,-0.1396
GSM4957463,-1.2248,-0.4999,-0.1209,-0.2188,-1.622,GSE162694,Normal,0,0.0,0.4076,-0.5959,-0.0483,-2.1358,-1.2237,-1.2964
