chr,start_grid,end_grid,n_genes,direction,mean_stat,genes
5,600,616,17,down,-4.640346642553902,"PCDHGA2,PCDHGA3,PCDHGB1,PCDHGA4,PCDHGB2,PCDHGA5,PCDHGB3,PCDHGA6,PCDHGA7,PCDHGB4,PCDHGA8,PCDHGB5,PCDHGA9,PCDHGB6,PCDHGA10,PCDHGB7,PCDHGA11"
20,281,291,11,up,4.218963269365353,"DLGAP4,MYL9,TGIF2,TGIF2-RAB5IF,RAB5IF,SLA2,NDRG3,DSN1,MTCL2,TLDC2,SAMHD1"
4,453,463,10,down,-5.7178007659596535,"METAP1,ADH5,ADH4,ADH6,ADH1A,ADH1B,ADH1C,ADH7,TRMT10A,MTTP"
1,1047,1057,10,up,8.432162093351806,"SLC22A15,ATP1A1,CD58,IGSF3,CD2,PTGFRN,CD101,TTF2,TRIM45,VTCN1"
6,349,358,9,up,4.712208332184584,"HLA-DRA,HLA-DRB5,HLA-DRB1,HLA-DQA1,HLA-DQB1,HLA-DQA2,HLA-DQB2,HLA-DOB,TAP2"
18,247,257,8,down,-5.30269951586123,"CNDP1,ZNF407,PTGR3,TSHZ1,ZNF516,ZNF236,MBP,ATP9B"
12,861,870,8,down,-4.91677649747154,"ATXN2,BRAP,ACAD10,ALDH2,MAPKAPK5,TMEM116,ERP29,NAA25"
16,527,534,7,down,-4.187895577340172,"MT1E,MT1M,MT1A,MT1F,MT1G,MT1H,MT1X"
7,174,183,7,up,8.14150494951871,"NOD1,GGCT,GARS1,INMT,INMT-MINDY4,MINDY4,AQP1"
15,299,304,6,up,5.970049336115018,"TPM1,LACTB,RPS27L,RAB8B,APH1B,CA12"
19,615,620,6,up,5.8882426403187145,"ZNF85,ZNF430,ZNF714,ZNF431,ZNF708,ZNF738"
9,160,167,6,up,5.010473845558338,"CD72,CCDC107,ARHGEF39,TPM2,TLN1,CREB3"
X,306,311,6,down,-4.224657525164369,"HSD17B10,HUWE1,PHF8,FAM120C,WNK3,TSR2"
1,1449,1454,6,up,6.816708041810906,"SLAMF6,CD84,SLAMF1,CD48,SLAMF7,LY9"
2,169,175,6,down,-4.551033798003309,"GALNT14,EHD3,XDH,SRD5A2,MEMO1,DPY30"
12,417,447,6,up,9.219176047446984,"TAMALIN,NR4A1,ATG101,KRT7,KRT8,KRT18"
4,189,194,6,down,-4.427509247800992,"LIAS,UGDH,SMIM14,UBE2K,PDS5A,N4BP2"
12,87,93,6,down,-6.093404900217372,"EMG1,LPCAT3,C1S,C1R,C1RL,RBP5"
1,1725,1732,6,up,9.621987460597845,"CHI3L1,BTG2,FMOD,PRELP,ATP2B4,LAX1"
5,767,773,5,up,4.481702092674542,"SLIT3,SPDL1,DOCK2,C5orf58,LCP2"
10,55,59,5,down,-4.749498622211365,"PHYH,SEPHS1,BEND7,PRPF18,FRMD4A"
10,271,279,5,up,5.705529318220643,"HKDC1,HK1,TSPAN15,MACROH2A2,AIFM2"
7,513,517,5,down,-5.020621684668549,"GJC3,AZGP1,ZKSCAN1,ZSCAN21,ZNF3"
8,191,196,5,down,-5.114892336806999,"PTK2B,EPHX2,CLU,SCARA3,CCDC25"
7,467,474,5,down,-5.265704151821888,"ASB4,PDK4,SLC25A13,SEM1,SDHAF3"
7,653,657,5,up,6.3581907048892585,"MDFIC,TFEC,TES,CAV2,CAV1"
19,681,685,5,down,-4.062462150486584,"ZNF302,ZNF181,ZNF599,ZNF30,ZNF792"
15,342,346,5,down,-4.880769950468464,"MEGF11,DIS3L,TIPIN,MAP2K1,SNAPC5"
2,1230,1234,5,down,-5.049849528731755,"AGXT,MAB21L4,CROCC2,SNED1,MTERF4"
12,569,574,5,down,-4.299082131216993,"PRIM1,HSD17B6,RDH16,ACKR5,ZBTB39"
9,203,208,5,up,4.922480538362512,"SHB,ALDH1B1,IGFBPL1,ANKRD18A,CNTNAP3"
1,1851,1856,5,down,-6.437709216297381,"C1orf115,MTARC2,MTARC1,HLX,DUSP10"
10,500,504,5,down,-4.452270206481997,"COX15,CUTC,ABCC2,DNMBP,CPN1"
12,30,37,5,up,6.518723058689939,"CCND2,TIGAR,FERRY3,RAD51AP1,DYRK4"
19,548,556,5,up,5.46897572755625,"IFI30,MPV17L2,IQCN,JUND,LSM4"
15,353,359,5,down,-4.48676254673796,"IQCH,C15orf61,MAP2K5,PIAS1,CALML4"
17,279,283,5,down,-5.8850799594519705,"TTC19,NCOR1,PIGL,CENPV,UBB"
12,327,331,5,up,5.438463636680525,"RAPGEF3,SLC48A1,HDAC7,VDR,TMEM106C"
19,1269,1274,5,up,6.008548340914432,"ZNF28,ZNF468,ZNF320,ZNF888,ZNF816"
1,1763,1772,5,up,6.327874262628115,"SLC41A1,RAB7B,RHEX,SRGAP2,IKBKE"
1,740,744,5,down,-6.116874364024041,"FYB2,C8A,C8B,DAB1,OMA1"
16,482,487,5,down,-4.604790809744118,"PHKB,ABCC11,LONP2,SIAH1,N4BP1"
16,350,354,5,down,-4.130590553306794,"IL27,NUPR1,SGF29,SULT1A2,SULT1A1"
14,529,539,5,down,-5.678119717984868,"CLMN,SYNE3,GLRX5,C14orf132,ATG2B"
6,309,313,5,up,4.995605138993147,"CLIC1,MSH5,MSH5-SAPCD1,SAPCD1,VWA7"
8,11,16,5,down,-4.854036461771683,"KBTBD11,MYOM2,MCPH1,ANGPT2,AGPAT5"
14,113,119,5,down,-8.960473991763331,"CARMIL3,NRL,PCK2,DCAF11,FITM1"
7,405,412,5,up,6.873745751835088,"HGF,CACNA2D1,PCLO,SEMA3D,ELAPOR2"
1,507,511,5,up,7.6834658793041966,"ZC3H12A,MEAF6,SNIP1,DNALI1,GNL2"
22,279,284,5,up,8.374653708323578,"MAFF,TMEM184B,CSNK1E,TPTEP2-CSNK1E,KDELR3"
7,923,927,5,down,-3.7600060490484473,"RBM33,SHH,RNF32,LMBR1,NOM1"
X,676,680,5,up,6.908259922569992,"MOSPD1,SMIM10,RTL8B,RTL8C,RTL8A"
1,1707,1711,5,up,7.141188378979751,"ELF3,GPR37L1,ARL8A,PTPN7,LGR6"
1,1168,1173,5,down,-5.783141562960091,"ARNT,SETDB1,CERS2,ANXA9,MINDY1"
1,1394,1413,5,up,5.901121750454339,"CD1C,CD1E,MNDA,PYHIN1,IFI16"
1,1652,1659,5,up,8.165352447527678,"PTGS2,PLA2G4A,RGS18,RGS1,RGS2"
6,1010,1015,5,down,-5.562970109055698,"SLC22A1,SLC22A3,LPA,PLG,MAP3K4"
20,10,13,4,up,5.024474516688979,"NRSN2,TRIB3,RBCK1,TBC1D20"
17,815,818,4,up,6.086807891527696,"PPP1R9B,SGCA,COL1A1,TMEM92"
19,477,484,4,down,-6.364132732720874,"CYP4F3,CYP4F12,CYP4F2,CYP4F11"
19,442,445,4,up,5.905452231659385,"ASF1B,ADGRL1,ADGRE5,DDX39A"
19,1471,1474,4,down,-4.66490555333606,"ZNF324B,ZNF324,ZNF446,SLC27A5"
19,1378,1382,4,down,-4.071601484936901,"EPN1,RFPL4A,RFPL4AL1,NLRP11"
17,1107,1110,4,up,5.046863385380437,"ENPP7,CBX2,CBX8,CBX4"
12,227,231,4,down,-6.354798272061601,"SLCO1B3,SLCO1B3-SLCO1B7,SLCO1B1,SLCO1A2"
14,262,265,4,up,7.1736077761536885,"WDHD1,SOCS4,MAPK1IP1L,LGALS3"
15,382,387,4,up,4.442288229062957,"PKM,PARP6,CELF6,HEXA"
15,237,243,4,up,4.981901279967132,"TNFAIP8L3,DMXL2,LYSMD2,TMOD2"
2,992,1000,4,down,-6.810274358183366,"CCNYL1,FZD5,PLEKHM3,IDH1"
2,600,603,4,down,-4.24754257633233,"FBLN7,ZC3H8,ZC3H6,RGPD8"
1,283,289,4,up,6.327653621533616,"LDLRAD2,HSPG2,CDC42,WNT4"
2,775,780,4,down,-5.561165698135059,"GRB14,COBLL1,SLC38A11,CSRNP3"
1,1782,1785,4,up,6.311390232972495,"PIGR,FCAMR,C1orf116,PFKFB2"
19,1103,1110,4,up,4.752357290209346,"CA11,RASIP1,FUT1,FGF21"
16,281,284,4,down,-6.834078241100826,"ACSM5,ACSM2A,ACSM2B,ACSM3"
4,745,749,4,down,-7.550385205901711,"FAM149A,CYP4V2,KLKB1,F11"
4,699,703,4,up,5.101820944734466,"GALNT7,HMGB2,SAP30,HAND2"
11,1279,1284,4,down,-5.288308502173752,"HYLS1,PUS3,CDON,RPUSD4"
11,1059,1065,4,up,9.278483705532588,"PDGFD,CASP4,CASP1,CARD16"
11,227,233,4,up,3.919312699375574,"AKIP1,TMEM9B,SCUBE2,DENND5A"
10,443,447,4,down,-7.533639325548252,"CYP2C18,CYP2C19,CYP2C9,CYP2C8"
10,483,486,4,up,7.2859143509698185,"MARVELD1,ZFYVE27,SFRP5,GOLGA7B"
11,958,961,4,down,-4.031350178864432,"THRSP,NDUFC2,ALG8,KCTD21"
11,435,507,4,down,-5.482626615897476,"NUP160,PTPRJ,FOLH1,LRRC55"
13,260,265,4,down,-4.607329897342331,"CLYBL,PCCA,GGACT,TMTC4"
10,552,555,4,down,-6.31167932648334,"ARL3,SFXN2,WBP1L,CYP17A1"
10,434,437,4,down,-3.6222163308854114,"RBP4,PDE6C,FRA10AC1,LGI1"
1,2001,2004,4,down,-5.6044393096851906,"TFB2M,CNST,SCCPDH,AHCTF1"
12,617,620,4,down,-3.9649471989478364,"TAFA2,USP15,MON2,PPM1H"
14,49,54,4,down,-6.972060024377784,"NDRG2,TPPP2,RNASE13,ARHGEF40"
12,820,823,4,up,5.135826733506052,"ISCU,TMEM119,SELPLG,CORO1C"
3,445,448,4,down,-5.822660890832147,"DNASE1L3,ABHD6,RPP14,HTD2"
3,742,745,4,down,-5.975950771564977,"ACAD11,NPHP3-ACAD11,ACKR4,UBA5"
3,886,889,4,up,5.405199537864307,"TRIM59-IFT80,IFT80,SMC4,TRIM59"
1,724,727,4,down,-7.110844354908878,"ACOT11,FAM151A,MROH7,MROH7-TTC4"
2,1049,1059,4,down,-3.675121232994554,"TTLL4,CYP27A1,PRKAG3,NHEJ1"
2,410,414,4,up,4.693870755974863,"LOXL3,DOK1,SEMA4F,HK2"
14,222,225,4,down,-4.4123412435144775,"DNAAF2,POLE2,KLHDC1,KLHDC2"
17,450,453,4,up,8.568657281328624,"SLFN5,SLFN11,SLFN12,SLFN13"
15,90,94,4,up,8.473028703938054,"RASGRP1,THBS1,GPR176,EIF2AK4"
14,140,143,4,down,-6.198117530309856,"DHRS1,NOP9,CIDEB,LTB4R2"
14,475,478,4,down,-5.075618303671923,"PSMC1,NRDE2,CALM1,TTC7B"
15,97,103,4,up,6.931326334833617,"BUB1B,PLCB2,INAFM2,CCDC9B"
10,384,387,4,down,-4.379073005234915,"GLUD1,SHLD2,NUTM2A,NUTM2D"
10,17,24,4,down,-5.799194873951466,"AKR1C8,AKR1C4,NET1,ASB13"
10,45,48,4,down,-6.3606005323322545,"UPF2,DHTKD1,SEC61A2,NUDT5"
3,249,252,4,up,7.026347035238947,"CCR1,CCR2,CCR5,CCRL2"
7,167,170,4,up,5.921707427414623,"WIPF3,SCRN1,FKBP14,PLEKHA8"
6,899,904,4,up,7.917333770703033,"IL20RA,IFNGR1,TNFAIP3,PERP"
9,62,66,4,up,4.211815187943367,"ACER2,MLLT3,FOCAD,HACD4"
8,161,165,4,up,6.516319458485555,"TNFRSF10B,TNFRSF10C,TNFRSF10D,TNFRSF10A"
7,844,850,4,up,4.366968704319523,"ARHGEF35,CTAGE4,CTAGE8,ARHGEF5"
10,215,218,4,down,-4.3796768366594,"ASAH2,SGMS1,ASAH2B,A1CF"
8,271,274,4,up,5.323222898178738,"AP3M2,PLAT,IKBKB,POLB"
7,775,780,4,down,-4.6358384095254905,"FMC1,LUC7L2,FMC1-LUC7L2,HIPK2"
8,122,125,4,down,-5.1360696712169265,"NAT1,NAT2,PSD3,SH2D4A"
5,190,195,4,up,8.982347096264196,"PLK2,GAPT,PDE4D,ELOVL7"
5,340,344,4,down,-3.6870697486068242,"ARSK,RFESD,SPATA9,RHOBTB3"
4,663,667,4,down,-5.679398815273943,"ETFDH,PPID,FNIP2,RAPGEF2"
5,292,295,4,down,-4.932551823407732,"ARSB,DMGDH,BHMT2,BHMT"
4,565,568,4,down,-5.343905307525585,"MFSD8,ABHD18,LARP1B,PGRMC2"
4,581,584,4,down,-4.799410871738765,"RAB33B,SETD7,MGST2,MAML3"
6,585,590,4,up,5.282967409520113,"PKHD1,MCM3,PAQR8,EFHC1"
X,831,834,4,up,4.931408306747528,"ATP6AP1,GDI1,FAM50A,PLXNA3"
X,809,815,4,up,4.185589098140719,"PDZD4,ARHGAP4,NAA10,RENBP"
X,759,762,4,down,-5.345799057923006,"MAMLD1,MTM1,MTMR1,CD99L2"
21,151,155,4,up,6.606874587302449,"TMPRSS3,UBASH3A,SLC37A1,PDE9A"
21,133,139,4,up,7.9481633525405755,"B3GALT5,BACE2,FAM3B,MX2"
X,502,508,4,up,7.5354413737265595,"NXF3,BEX4,TCEAL8,TCEAL9"
20,32,37,4,up,4.90678178089081,"SIRPB2,SIRPB1,SIRPG,SIRPA"
22,298,302,4,up,7.402967153472494,"APOBEC3C,APOBEC3D,APOBEC3F,APOBEC3G"
7,212,217,4,up,4.635791167375565,"EPDR1,STARD3NL,TARP,VPS41"
1,1670,1673,4,down,-6.251687150542139,"CFHR4,CFHR2,CFHR5,F13B"
1,698,701,4,down,-4.662784850986749,"ZYG11B,ZYG11A,ECHDC2,SCP2"
1,944,949,4,up,6.5380682786477875,"SLC25A24,EEIG2,HENMT1,PRPF38B"
1,1123,1126,4,down,-5.07333334849072,"NBPF14,NOTCH2NLB,NUDT4B,PDE4DIP"
1,1256,1263,4,up,7.568047702662218,"S100A9,S100A8,S100A6,S100A4"
1,74,77,4,down,-5.0056778770114745,"LRRC47,CEP104,DFFB,C1orf174"
1,201,204,4,down,-6.232011472186392,"DNAJC16,AGMAT,DDI2,RSC1A1"
20,314,316,3,down,-4.767562290036872,"FAM83D,DHX35,MAFB"
X,839,844,3,up,5.198651493691478,"G6PD,IKBKG,GAB3"
1,62,68,3,up,6.033145993840904,"PRXL2B,ARHGEF16,MEGF6"
1,1527,1529,3,down,-7.509625211224769,"ADCY10,MPC2,DCAF6"
1,1582,1585,3,down,-4.701174290694014,"RABGAP1L,CACYBP,MRPS14"
1,1616,1618,3,up,9.498145611087695,"STX6,MR1,IER5"
1,1737,1739,3,down,-5.530819405570498,"SOX13,ETNK2,REN"
1,1145,1147,3,up,7.110655981288983,"SV2A,SF3B4,MTMR11"
1,1442,1445,3,down,-5.758714915909483,"DCAF8,PEX19,COPA"
1,1517,1522,3,down,-4.879938662713852,"TADA1,ILDR2,POU2F1"
1,903,905,3,up,7.547110617346966,"F3,SLC44A3,CNN3"
1,906,908,3,down,-4.781516589725548,"ALG14,TLCD4,TLCD4-RWDD3"
1,916,918,3,down,-6.1327118960522755,"FRRS1,AGL,SLC35A3"
1,1007,1009,3,up,4.966640057409861,"ADORA3,RAP1A,INKA2"
1,1069,1073,3,down,-5.444544313359298,"PHGDH,HMGCS2,NOTCH2"
1,1107,1109,3,down,-6.125028608892574,"HJV,NBPF10,NOTCH2NLA"
1,490,492,3,down,-5.852556776928421,"AGO4,AGO1,AGO3"
1,596,599,3,down,-5.0459531748062725,"PTPRF,KDM4A,ST3GAL3"
17,823,825,3,down,-3.1843009866131986,"ACSF2,CHAD,RSAD1"
17,912,915,3,down,-4.729645069718139,"MED13,METTL2A,TLK2"
17,959,964,3,down,-5.663301160376185,"APOH,PRKCA,HELZ"
17,1071,1073,3,up,5.987255026014981,"RHBDF2,CYGB,PRCD"
X,537,541,3,down,-5.343329438983795,"RBM41,NUP62CL,PRPS1"
X,585,590,3,down,-4.133716447611701,"IL13RA1,LONRF3,PGRMC1"
X,748,751,3,down,-4.136559677814897,"EOLA1,HSFX3,HSFX2"
1,356,358,3,up,7.696172561722137,"SH3BGRL3,UBXN11,CD52"
22,378,382,3,down,-4.311027784232208,"EFCAB6,PNPLA3,SAMM50"
2,1143,1145,3,up,4.440698122340179,"HTR2B,ARMC9,B3GNT7"
2,1162,1164,3,down,-5.575539882245881,"EIF4E2,EFHD1,GIGYF2"
2,1204,1206,3,down,-7.072815940767256,"UBE2F-SCLY,SCLY,ESPNL"
2,642,644,3,up,5.57888368152414,"TMEM185B,RALB,INHBB"
2,662,664,3,down,-7.80778934970494,"WDR33,SFT2D3,POLR2D"
2,743,747,3,up,7.32612454345341,"NR4A2,GPD2,CYTIP"
2,873,875,3,up,6.437060023905212,"PDE1A,DNAJC10,FRZB"
2,882,885,3,up,5.758845393745079,"ITGAV,FAM171B,CALCRL"
15,524,527,3,down,-4.300220409050702,"MRPL46,MRPS11,DET1"
15,528,532,3,up,8.571488921177611,"AEN,ISG20,MFGE8"
15,553,558,3,up,3.1432261128722963,"CIB1,GDPGP1,NGRN"
15,561,563,3,up,4.618885783126868,"IQGAP1,CRTC3,BLM"
1,718,722,3,down,-4.66862241268342,"TCEANC2,CYB5RL,MRPL37"
2,936,938,3,down,-3.4213910859974295,"MAIP1,SPATS2L,KCTD18"
2,970,972,3,down,-4.7851983995049565,"CYP20A1,ABI2,RAPH1"
2,1018,1020,3,down,-5.921361110950287,"FN1,MREG,PECR"
17,63,65,3,up,7.655756825709705,"CTNS,TAX1BP3,P2RX5-TAX1BP3"
17,113,115,3,down,-6.124253523722989,"RABEP1,NUP88,RPAIN"
17,180,182,3,up,6.175594148171782,"TNFSF12,TNFSF12-TNFSF13,TNFSF13"
16,400,402,3,up,4.365573569376859,"GDPD3,MAPK3,CORO1A"
16,451,455,3,up,7.938241495557814,"PYCARD,ITGAM,ITGAX"
16,497,499,3,up,5.905058590614343,"SNX20,NOD2,CYLD"
16,512,515,3,up,7.097512511812791,"MMP2,LPCAT2,SLC6A2"
16,580,584,3,up,5.782517707055306,"CKLF,CKLF-CMTM1,CMTM3"
17,348,351,3,up,5.618651970534484,"WSB1,KSR1,LGALS9"
17,472,474,3,up,7.065862627495863,"CCL18,CCL3,CCL4"
17,649,651,3,up,4.650963018663759,"STAT3,CAVIN1,ATP6V0A1"
16,610,616,3,up,5.69426429012331,"FHOD1,TPPP3,ZDHHC1"
16,663,665,3,down,-6.1455180512475875,"VPS4A,COG8,PDF"
16,785,788,3,up,5.204424598017985,"WFDC1,MEAK7,COTL1"
16,791,793,3,up,7.334624859968147,"CRISPLD2,ZDHHC7,KIAA0513"
17,27,29,3,down,-3.8637635943100617,"SERPINF2,SERPINF1,SMYD4"
10,165,168,3,up,5.6607274506563385,"CXCL12,RASSF4,DEPP1"
10,235,237,3,up,5.661004677337107,"ANK3,CDK1,RHOBTB1"
10,240,245,3,up,7.403569510265316,"ARID5B,ADO,EGR2"
10,249,253,3,down,-7.979086972378642,"CTNNA3,DNAJC12,SIRT1"
10,401,403,3,up,5.388189069818413,"STAMBPL1,ACTA2,FAS"
9,488,490,3,up,6.965715900180837,"GSN,STOM,GGTA1"
9,551,553,3,up,6.277454361273819,"NIBAN2,STXBP1,PTRH1"
9,620,623,3,down,-5.585186175632309,"ASS1,FUBP3,EXOSC2"
8,403,407,3,up,9.094033649708487,"PAG1,FABP5,FABP4"
7,717,719,3,down,-6.5211553338045,"TNPO3,TSPAN33,SMO"
7,913,917,3,down,-5.6290020348283205,"KMT2C,ACTR3B,PAXIP1"
7,226,229,3,down,-4.1155065255656735,"C7orf25,PSMA2,MRPL32"
7,279,281,3,down,-6.922992786443523,"DDC,GRB10,COBL"
7,293,295,3,up,3.604012686236336,"PSPH,CCT6A,SUMF2"
7,431,433,3,down,-4.42899339515827,"CLDN12,CDK14,PTTG1IP2"
7,444,447,3,down,-4.624849693142512,"GATAD1,PEX1,RBM48"
8,578,581,3,up,8.770813332226892,"MYC,CYRIB,ASAP1"
8,605,608,3,up,5.035713182534003,"DENND3,SLC45A4,PTP4A3"
9,11,14,3,up,4.522797263525261,"PUM3,RFX3,GLIS3"
9,116,118,3,down,-5.8870936702868955,"NFX1,AQP7,AQP3"
8,185,187,3,up,6.896975423012402,"BNIP3L,PNMA2,DPYSL2"
8,236,238,3,up,6.050989726924676,"ADGRA2,BRF2,RAB11FIP1"
8,326,328,3,up,4.523099875603724,"SDCBP,NSMAF,TOX"
8,390,392,3,down,-4.267738777011895,"HNF4G,ZFHX4,PEX2"
6,11,13,3,up,7.737963543962807,"SERPINB1,SERPINB9,SERPINB6"
6,65,67,3,up,5.0541063642749675,"EDN1,PHACTR1,TBC1D7"
6,87,89,3,down,-3.5824594561968985,"NHLRC1,TPMT,KDM1B"
6,92,94,3,up,8.659806361753775,"ID4,MBOAT1,E2F3"
6,101,103,3,down,-4.178547957128518,"MRS2,GPLD1,ALDH5A1"
8,409,411,3,down,-4.368626368865078,"IMPA1,SLC10A5,ZFAND1"
8,421,426,3,down,-5.2800382195863955,"CA2,WWP1,RMDN1"
8,452,454,3,down,-3.955948363812984,"RAD54B,FSBP,VIRMA"
5,266,269,3,up,7.7292421814179635,"FAM169A,GCNT4,HMGCR"
5,305,308,3,down,-4.11678848782475,"FAM151B,DHFR,MSH3"
5,422,424,3,down,-5.829391131158698,"GRAMD2B,ALDH7A1,PHAX"
4,628,630,3,down,-5.468032064149068,"FHIP1A,GATB,FBXW7"
4,650,652,3,up,6.821125721185214,"MAP9,GUCY1A1,GUCY1B1"
4,657,660,3,up,5.372766606738582,"GLRB,GASK1B,TMEM144"
5,34,36,3,down,-4.675728539767584,"NSUN2,SRD5A1,TENT4A"
5,40,43,3,down,-3.361333657908213,"FASTKD3,SEMA5A,ATPSCKMT"
5,534,538,3,up,7.060169285606157,"DNAJC18,ECSCR,STING1"
5,545,547,3,up,7.390153631440107,"CYSTM1,PFDN1,HBEGF"
5,623,625,3,up,5.487313897846796,"RELL2,FCHSD1,ARAP3"
5,652,665,3,down,-6.875657630741945,"JAKMIP2,FBXO38,ADRB2"
5,700,705,3,up,5.68652288312937,"GM2A,SLC36A1,SPARC"
5,714,717,3,down,-5.485654925941303,"SAP30L,LARP1,FAXDC2"
5,106,108,3,down,-4.082840738322372,"DNAJC21,AGXT2,PRLR"
5,171,174,3,up,8.25069094081927,"GZMK,GZMA,GPX8"
9,434,436,3,up,5.109254617960678,"UGCG,SUSD1,PTBP3"
9,480,482,3,down,-4.21127655471068,"FBXW2,B3GALT9,PSMD5"
9,136,138,3,down,-4.3111391170819156,"ARID3C,SIGMAR1,GALT"
9,182,185,3,up,6.243967059395733,"RECK,GLIPR2,CLTA"
9,190,192,3,down,-5.911443759418912,"ZCCHC7,GRHPR,ZBTB5"
3,99,102,3,down,-5.017907943859441,"OXNAD1,RFTN1,PLCL2"
3,164,166,3,down,-5.013792775964353,"DLEC1,ACAA1,MYD88"
3,177,179,3,up,5.537389102575374,"GORASP1,TTC21A,CSRNP1"
10,36,38,3,down,-4.11402197827558,"ITIH2,KIN,ATP5F1C"
10,151,154,3,down,-4.832866481914336,"ZNF33A,ZNF37A,ZNF33B"
9,302,305,3,up,5.649697139142124,"SEMA4D,GADD45G,SYK"
9,354,357,3,down,-4.0713923701687875,"NCBP1,XPA,TRMO"
9,365,368,3,up,3.236718189965606,"ANKS6,GALNT12,TGFBR1"
9,372,374,3,down,-6.915961767782588,"STX17,ERP44,INVS"
9,417,419,3,down,-4.2960883429943975,"EPB41L4B,PTPN3,PALM2AKAP2"
9,421,425,3,up,6.24425698025792,"TXN,SVEP1,LPAR1"
10,664,666,3,down,-6.167301443329555,"PSTK,IKZF5,ACADSB"
10,683,686,3,down,-3.8151672417975893,"EDRF1,UROS,BCCIP"
13,266,268,3,up,13.237028092511272,"NALCN,ITGBL1,FGF14"
13,288,290,3,up,11.362893008601835,"COL4A1,COL4A2,RAB20"
13,304,306,3,down,-3.3740117213526113,"PROZ,PCID2,CUL4A"
14,31,39,3,down,-3.7772111480270403,"PNP,RNASE4,ANG"
14,94,96,3,down,-4.984322573552333,"HOMEZ,PPP1R3E,BCL2L2"
12,629,631,3,up,5.7991735362673,"RASSF3,GNS,TBC1D30"
11,1166,1168,3,up,7.769683857061914,"CD3E,CD3D,CD3G"
11,192,194,3,up,4.026555849503266,"ILK,TAF10,TPP1"
11,206,209,3,down,-5.482126164792674,"ZNF214,NLRP14,SYT9"
11,290,292,3,up,4.089191482704767,"SAA2,SAA1,HPS5"
11,328,330,3,down,-3.7429324877999535,"LGR4,LIN7C,BDNF"
11,411,413,3,down,-5.24436606483262,"F2,CKAP5,LRP4"
11,599,601,3,up,7.155574269891075,"CD6,CD5,VPS37C"
10,489,491,3,up,8.245505954268264,"LOXL4,PYROXD2,HPS1"
11,1286,1288,3,down,-3.997885553840756,"SRPRA,FOXRED1,TIRAP"
12,2,4,3,down,-4.045853512402211,"SLC6A12,SLC6A13,KDM5A"
12,23,25,3,up,6.917956622294914,"RHNO1,TULP3,TEAD4"
11,672,674,3,down,-4.5905439629530616,"SLC22A25,SLC22A10,SLC22A9"
11,683,686,3,up,4.3557665586902985,"SPINDOC,MARK2,NAA40"
11,765,767,3,up,4.967724095926499,"EFEMP2,CTSW,FIBP"
11,924,927,3,down,-4.355232694412259,"SPCS2,NEU3,SLCO2B1"
11,1092,1096,3,up,6.156199818955201,"POU2AF3,POU2AF1,LAYN"
4,425,427,3,down,-6.275219626217023,"PKD2,ABCG2,PPM1K"
4,529,531,3,down,-4.483011707241549,"NDST3,PRSS12,METTL14"
4,544,547,3,up,5.878362463011882,"ANXA5,EXOSC9,CCNA2"
9,230,234,3,down,-6.14340361320626,"FXN,TJP2,APBA1"
9,275,277,3,down,-3.2729389411749987,"GKAP1,KIF27,QNG1"
9,298,300,3,up,5.997394052781691,"S1PR3,SHC3,CKS2"
11,1219,1221,3,up,5.957377448062453,"UBASH3B,CRTAM,JHY"
11,1257,1260,3,up,8.992158599021076,"SPA17,VSIG2,ESAM"
3,894,899,3,down,-5.656838035487684,"NMD3,SLITRK3,BCHE"
3,958,961,3,up,7.5376556046136365,"LAMP3,B3GNT5,KLHL6"
3,1033,1037,3,up,5.7229038403105426,"FGF12,MB21D2,ATP13A4"
4,67,69,3,up,6.869643058525869,"EVC2,EVC,CRMP1"
4,86,89,3,up,5.793373962562249,"SORCS2,AFAP1,ABLIM2"
3,254,256,3,down,-5.044628764244223,"RTP3,LRRC2,CRIPTO"
3,415,418,3,down,-5.2583820892842725,"STIMATE,SFMBT1,RFT1"
3,469,471,3,down,-4.814058493431346,"MAGI1,SLC25A26,LRIG1"
4,130,132,3,down,-3.4392123948541076,"CC2D2A,FBXL5,FAM200B"
4,158,160,3,down,-4.729087657958368,"SEPSECS,PI4K2B,ZCCHC4"
4,223,225,3,down,-3.8176106602997244,"NFXL1,NIPAL1,CNGA1"
4,357,360,3,up,6.130184110518137,"CXCL9,CXCL10,CXCL11"
4,366,368,3,down,-6.391494872509292,"CCDC158,SHROOM3,SOWAHB"
4,400,402,3,down,-3.9362725633868383,"HELQ,MRPS18C,ABRAXAS1"
4,407,409,3,up,5.125243202538389,"ARHGAP24,MAPK10,PTPN13"
3,828,830,3,up,6.1203995025832825,"TM4SF1,TM4SF4,WWTR1"
12,589,591,3,up,6.051181288059493,"GLI1,ARHGAP9,MARS1"
12,613,615,3,down,-6.2987813282910095,"CTDSP2,ATP23,LRIG3"
12,126,129,3,up,8.348864834839532,"KLRB1,CLEC2D,CD69"
12,161,166,3,down,-4.734430329291476,"ENSG00000275778,TAS2R14,TAS2R20"
12,203,205,3,down,-3.8411789997795496,"WBP11,C12orf60,SMCO3"
12,207,211,3,up,7.295957832402142,"MGP,ARHGDIB,RERG"
2,10,12,3,down,-5.004141054244102,"EIPR1,TRAPPC12,ADI1"
2,56,58,3,down,-4.002636017971986,"RAD51AP2,VSNL1,SMC6"
12,726,728,3,up,9.449198014595188,"LUM,DCN,BTG1"
12,915,917,3,up,6.242857806500133,"CIT,BICDL1,RAB35"
12,935,937,3,down,-4.214849715838876,"MLEC,UNC119B,ACADS"
13,8,11,3,down,-4.579845762675188,"GJB2,CRYL1,IFT88"
13,241,243,3,up,8.054963484759583,"ABCC4,CLDN10,DZIP1"
12,365,367,3,up,5.8564146661951595,"TUBA1B,TUBA1A,TUBA1C"
12,397,401,3,down,-5.265806642644336,"TMT1A,SLC11A2,LETMD1"
12,406,409,3,up,5.270643327841165,"SMAGP,BIN2,GALNT6"
14,149,151,3,down,-5.212669998291111,"KHNYN,CBLN3,SDR39U1"
14,163,165,3,down,-5.670607119980595,"STRN3,AP4S1,HECTD1"
14,197,199,3,down,-5.194383911348709,"FOXA1,TTC6,SSTR1"
14,230,232,3,down,-7.1297262915724495,"L2HGDH,DMAC2L,CDKL1"
14,251,253,3,down,-3.820523201908865,"STYX,GNPNAT1,FERMT2"
17,250,252,3,down,-5.768459227344864,"SCO1,ADPRM,TMEM220"
17,328,330,3,up,8.815001464091806,"MAPK7,MFAP4,RNF112"
17,331,333,3,down,-6.6893108725957005,"SLC47A1,ALDH3A2,SLC47A2"
15,193,195,3,up,4.283908999332847,"PATL2,B2M,TRIM69"
14,336,339,3,down,-6.674677739725943,"CCDC196,GPHN,PALS1"
14,345,347,3,down,-4.723668292888019,"PIGH,ARG2,VTI1B"
14,368,372,3,down,-3.7872455616412384,"SYNJ2BP-COX16,SYNJ2BP,MED6"
14,391,393,3,up,6.158442283221084,"DNAL1,PNMA1,MIDEAS"
14,399,401,3,down,-6.7404222264277145,"ENTPD5,BBOF1,ALDH6A1"
14,423,426,3,up,6.186741016972655,"FOS,JDP2,FLVCR2"
14,145,147,3,up,7.63542509619769,"ADCY4,RIPK3,NFATC4"
12,253,255,3,up,5.30831632472574,"RASSF8,BHLHE41,SSPN"
15,253,255,3,down,-3.8847277001376774,"ATOSA,ONECUT1,WDR72"
15,377,380,3,down,-4.78991185014045,"THSD4,MYO9A,SENP8"
15,406,410,3,up,8.24329860748294,"ISLR,CYP11A1,SEMA7A"
14,607,609,3,up,6.630566180007304,"GPR132,JAG2,NUDT14"
15,40,43,3,up,3.6632391083971796,"APBA2,NSMCE3,TJP1"
15,52,55,3,down,-8.458627216630795,"FAN1,MTMR10,KLF13"
15,114,116,3,down,-4.662736370417095,"RMDN3,GCHFR,DNAJC17"
3,545,547,3,down,-5.840236220709305,"NIT2,TOMM70,LNP1"
3,583,585,3,down,-6.0554701311806065,"PLCXD2,PHLDB2,ABHD10"
3,643,648,3,up,4.9982675314561416,"GTF2E1,POLQ,HCLS1"
3,686,689,3,down,-4.2861419141441415,"ALDH1L1,KLF15,ZXDC"
3,30,32,3,up,5.058475223487448,"ARPC4,ARPC4-TTLL3,TTLL3"
3,64,67,3,down,-4.813541676191166,"MKRN2,RAF1,CAND2"
3,94,96,3,down,-7.262598706624398,"HACL1,BTD,ANKRD28"
12,220,223,3,down,-4.803675186356197,"PIK3C2G,PLCZ1,PLEKHA5"
19,332,334,3,up,5.225897797336079,"SMARCA4,LDLR,SPC24"
17,681,683,3,down,-6.076498606682697,"RND2,BRCA1,NBR1"
17,762,764,3,up,4.120775945635462,"TBKBP1,TBX21,OSBPL7"
17,779,781,3,up,5.052435830562245,"HOXB2,HOXB3,HOXB4"
20,197,200,3,up,5.1626293866999,"ID1,BCL2L1,TPX2"
1,781,785,3,down,-4.397068586739286,"SLC35D1,IL12RB2,SERBP1"
20,300,303,3,down,-4.874522026776611,"CTNNBL1,TTI1,RPRD1B"
X,50,52,3,up,7.510087534918984,"TLR7,TLR8,TMSB4X"
19,535,538,3,up,8.042221189092379,"FCHO1,B3GNT3,JAK3"
19,603,605,3,up,4.462371456420715,"ZNF101,ZNF14,ZNF506"
19,732,734,3,up,6.1128156556489435,"NFKBID,HCST,TYROBP"
18,17,19,3,up,7.875977267202795,"MYL12A,MYL12B,TGIF1"
18,81,83,3,up,7.4759681338800545,"NPC1,ANKRD29,LAMA3"
18,93,95,3,up,7.852796743377401,"KCTD1,AQP4,CHST9"
18,195,197,3,up,5.4353509676016785,"ATP8B1,NEDD4L,ALPK2"
19,305,310,3,up,4.700128155636359,"ICAM1,ZGLP1,FDX2"
1,1832,1834,3,up,6.530626907883394,"SMYD2,PTPN14,CENPF"
16,188,190,3,down,-4.951312783674598,"UBN1,PPL,SEC14L5"
16,204,207,3,down,-4.148264164465343,"HAPSTR1,ATF7IP2,EMP2"
16,245,248,3,down,-4.6885314285235715,"MPV17L,BMERB1,MARF1"
19,1264,1267,3,up,5.175632075373857,"ZNF701,ZNF83,ZNF611"
19,1290,1300,3,up,6.259398958660518,"ZNF331,MYADM,OSCAR"
19,1316,1319,3,up,5.489806131057466,"LAIR1,LENG8,LENG9"
1,260,265,3,up,5.078933972827254,"PLA2G2A,PLA2G5,UBXN10"
2,924,926,3,down,-3.320670544916384,"HSPD1,HSPE1,HSPE1-MOB4"
2,179,181,3,down,-4.084774128268128,"YIPF4,BIRC6,TTC27"
2,242,244,3,up,5.189069493609575,"ATP6V1E2,RHOQ,PIGF"
2,350,354,3,up,4.495942115727389,"TGFA,CLEC4F,CD207"
2,462,464,3,down,-3.1401887198858063,"RGPD1,PLGLB1,PLGLB2"
2,496,498,3,up,6.440272738369043,"ITPRIPL1,NCAPH,NEURL3"
2,564,567,3,up,8.14287364567358,"FHL2,NCK2,UXS1"
1,1794,1797,3,up,5.180910063846458,"CD34,PLXNA2,LAMB3"
6,259,261,3,up,7.432452527951266,"FLOT1,IER3,DDR1"
6,361,364,3,up,7.60254337669318,"TAP1,HLA-DMB,HLA-DMA"
6,366,368,3,up,6.502535736206512,"HLA-DOA,HLA-DPA1,HLA-DPB1"
6,382,386,3,up,5.411814478751299,"DAXX,KIFC1,PHF1"
6,444,447,3,up,6.402991668310236,"PIM1,TMEM217,TBC1D22B"
5,786,788,3,up,6.179861808228506,"SH3PXD2B,NEURL1B,DUSP1"
5,814,816,3,up,4.624636783402372,"RNF44,CDHR2,GPRIN1"
5,836,838,3,up,6.916970737846735,"DBN1,PDLIM7,DOK3"
7,221,223,3,down,-7.206367593927951,"CDK13,MPLKIP,SUGCT"
6,461,463,3,down,-6.722133715908769,"KIF6,DAAM2,MOCS1"
6,504,506,3,down,-6.936711675549829,"CNPY3,PEX6,GNMT"
6,592,594,3,down,-5.672376641075119,"TMEM14A,GSTA2,GSTA1"
6,833,838,3,down,-4.526251200208886,"SMPDL3A,RNF217,TPD52L1"
6,996,998,3,up,8.040342761644593,"DYNLT1,SYTL3,EZR"
6,1000,1002,3,up,8.081419359162144,"TAGAP,FNDC1,SOD2"
6,227,232,3,up,8.765301853636881,"GABBR1,UBD,HLA-F"
20,143,146,3,up,4.798273979272959,"DTD1,SLC24A3,RIN2"
20,159,161,3,up,8.821938436305393,"THBD,CD93,NXT1"
20,181,183,3,up,5.934747562803179,"PYGB,ABHD12,GINS1"
4,555,557,3,down,-4.45156019191264,"FGF2,NUDT6,AFG2A"
4,561,564,3,up,5.276313168334858,"INTU,HSPA4L,PLK4"
7,76,78,3,down,-7.664018707139057,"C1GALT1,COL28A1,MIOS"
7,94,99,3,down,-5.2026096082731215,"AGMO,CRPPA,ANKMY2"
7,137,139,3,up,7.721768577581774,"OSBPL3,CYCS,SPMIP4"
X,102,106,3,down,-5.8611148231170915,"CNKSR2,MBTPS2,YY2"
X,225,227,3,up,5.972416880086542,"RBM3,WDR13,WAS"
X,433,435,3,up,7.556600385870905,"P2RY10,GPR174,ITM2A"
X,497,499,3,down,-6.100469689748089,"GPRASP2,ARMCX5-GPRASP2,GPRASP3"
20,423,425,3,up,3.8174068029239216,"PEDS1,CEBPB,PTPN1"
22,122,124,3,down,-4.453195993373896,"UPB1,GUCD1,SNRPD3"
22,227,229,3,down,-4.1155020832679705,"APOL6,APOL5,RBFOX2"
22,326,328,3,down,-6.757515351143812,"ST13,XPNPEP3,DNAJB7"
