gene_id,gene_name,t_bulk_stage,t_bulk_comp_adjusted,t_sc_Hepatocito,hep_specificity_log2,hep_expr_log2cpm,target_class,drug_landscape,development_stage,t_trend_comp_adj,t_step_F4_comp_adj
ENSG00000132170,PPARG,0.576,0.678,,-2.55,2.238,PPARγ,lanifibranor (pan-PPAR); pioglitazone used off-label in MASH,"clinical, liver",0.8208,-0.5067
ENSG00000151090,THRB,-8.69,-2.829,0.074,0.261,3.17,thyroid hormone receptor-β,resmetirom (THR-β agonist): approved for non-cirrhotic MASH with F2–F3 fibrosis (FDA 2024),"approved, liver",-1.7433,-2.2492
ENSG00000134962,KLB,-1.96,2.212,,1.006,2.068,β-Klotho (FGF21 co-receptor),"FGF21 analogues efruxifermin, pegozafermin: phase 3 in MASH","clinical, liver",2.6609,-1.5925
ENSG00000170509,HSD17B13,-1.785,2.16,-0.527,4.306,5.203,HSD17B13,siRNA (GSK4532990/ARO-HSD; rapirosiran): phase 2 in MASH,"clinical, liver",2.9559,-2.4524
ENSG00000112033,PPARD,4.588,0.273,,-0.961,2.33,PPARδ,lanifibranor (pan-PPAR agonist): phase 3 in MASH (NATiV3),"clinical, liver",0.1987,0.1353
ENSG00000077782,FGFR1,0.942,-6.343,0.566,-2.847,2.704,FGFR1c (FGF21 receptor),"FGF21 analogues efruxifermin, pegozafermin: phase 3 in MASH","clinical, liver",-6.0258,0.4852
ENSG00000062282,DGAT2,-8.647,-1.54,-0.807,1.553,3.678,DGAT2,antisense (ION224) and small molecule (ervogastat): phase 2 in MASH,"clinical, liver",-0.2379,-3.0686
ENSG00000099194,SCD,1.402,3.242,0.037,0.486,6.456,stearoyl-CoA desaturase,aramchol (SCD1 partial inhibitor): phase 3 in MASH,"clinical, liver",2.6846,0.7705
ENSG00000012504,NR1H4,-6.438,-0.608,1.056,0.865,4.829,FXR,obeticholic acid (FXR agonist): not approved for MASH (FDA 2023); other FXR agonists in development,"clinical, liver",0.3319,-2.2984
ENSG00000076555,ACACB,-8.43,-2.042,0.315,-0.301,4.018,acetyl-CoA carboxylase 2,firsocostat (ACC inhibitor): phase 2 in MASH,"clinical, liver",-1.0978,-2.0306
ENSG00000278540,ACACA,-4.216,-0.892,,-0.631,2.217,acetyl-CoA carboxylase 1,firsocostat (ACC inhibitor): phase 2 in MASH,"clinical, liver",-0.1513,-1.7276
ENSG00000169710,FASN,0.676,0.708,0.851,0.852,4.044,fatty acid synthase,denifanstat (FASN inhibitor): phase 3 in MASH,"clinical, liver",1.0377,-0.9897
ENSG00000100344,PNPLA3,-4.877,-2.236,,1.118,2.685,PNPLA3,antisense oligonucleotide (AZD2693): phase 2 in PNPLA3 I148M carriers,"clinical, liver",-0.8854,-3.0699
ENSG00000186951,PPARA,-8.245,-1.53,0.339,0.143,4.54,PPARα,lanifibranor (pan-PPAR agonist): phase 3 in MASH (NATiV3),"clinical, liver",-1.3246,-0.2129
