gene_set,tissue,n_samples,n_genes,universal_peaks_tissue,biopsy_universal_peaks_testable,frac_biopsy_peaks_universal_in_tissue,jaccard_with_GTEx_liver,r_mean_log_power_with_biopsy_liver
own,adipose_subcutaneous,120,14411,182,186,0.0914,0.1028,0.1631
own,adipose_visceral_omentum,120,14550,168,186,0.1183,0.1258,0.1658
own,artery_aorta,120,14237,209,186,0.1075,0.098,0.1508
own,brain_cerebellar_hemisphere,120,14315,259,186,0.0806,0.0616,0.0686
own,colon_transverse,120,14794,109,186,0.0914,0.1195,0.1635
own,kidney_cortex,104,14771,162,186,0.0914,0.1399,0.192
own,liver,120,14502,172,186,0.2796,1.0,0.4674
own,lung,120,14779,137,186,0.0806,0.0919,0.1624
own,muscle_skeletal,120,13695,171,186,0.0753,0.0924,0.1402
own,pancreas,120,14361,225,186,0.1344,0.1215,0.199
own,whole_blood,120,13060,136,186,0.043,0.0405,0.077
common,adipose_subcutaneous,120,12172,159,186,0.0914,0.1321,
common,adipose_visceral_omentum,120,12172,136,186,0.0806,0.1308,
common,artery_aorta,120,12172,209,186,0.1183,0.1292,
common,brain_cerebellar_hemisphere,120,12172,252,186,0.0753,0.0705,
common,colon_transverse,120,12172,93,186,0.086,0.1514,
common,kidney_cortex,104,12172,156,186,0.0968,0.2077,
common,liver,120,12172,158,186,0.1774,1.0,
common,lung,120,12172,126,186,0.0806,0.0965,
common,muscle_skeletal,120,12172,189,186,0.0753,0.1194,
common,pancreas,120,12172,209,186,0.1559,0.2033,
common,whole_blood,120,12172,139,186,0.0484,0.0722,
