chr,pos,hub
20,286.0,INTERFERON_GAMMA_RESPONSE
4,458.0,FATTY_ACID_METABOLISM
6,353.5,INTERFERON_GAMMA_RESPONSE
12,865.5,FATTY_ACID_METABOLISM
7,178.5,INTERFERON_GAMMA_RESPONSE
15,301.5,EPITHELIAL_MESENCHYMAL_TRANSITION
15,301.5,P53_PATHWAY
9,163.5,EPITHELIAL_MESENCHYMAL_TRANSITION
X,308.5,FATTY_ACID_METABOLISM
X,308.5,OXIDATIVE_PHOSPHORYLATION
1,1451.5,INFLAMMATORY_RESPONSE
1,1451.5,INTERFERON_GAMMA_RESPONSE
12,432.0,TNFA_SIGNALING_VIA_NFKB
4,191.5,FATTY_ACID_METABOLISM
1,1728.5,EPITHELIAL_MESENCHYMAL_TRANSITION
1,1728.5,TNFA_SIGNALING_VIA_NFKB
1,1728.5,INFLAMMATORY_RESPONSE
1,1728.5,P53_PATHWAY
5,770.0,INFLAMMATORY_RESPONSE
5,770.0,INTERFERON_GAMMA_RESPONSE
10,57.0,OXIDATIVE_PHOSPHORYLATION
8,193.5,BILE_ACID_METABOLISM
7,470.5,OXIDATIVE_PHOSPHORYLATION
12,571.5,BILE_ACID_METABOLISM
12,571.5,FATTY_ACID_METABOLISM
10,502.0,OXIDATIVE_PHOSPHORYLATION
12,33.5,ANGIOGENESIS
12,33.5,P53_PATHWAY
19,552.0,INTERFERON_GAMMA_RESPONSE
19,552.0,P53_PATHWAY
12,329.0,P53_PATHWAY
16,484.5,BILE_ACID_METABOLISM
1,509.0,TNFA_SIGNALING_VIA_NFKB
22,281.5,TNFA_SIGNALING_VIA_NFKB
1,1655.5,TNFA_SIGNALING_VIA_NFKB
1,1655.5,INFLAMMATORY_RESPONSE
1,1655.5,INTERFERON_GAMMA_RESPONSE
20,11.5,INTERFERON_GAMMA_RESPONSE
20,11.5,P53_PATHWAY
17,816.5,EPITHELIAL_MESENCHYMAL_TRANSITION
19,1472.5,BILE_ACID_METABOLISM
12,229.0,BILE_ACID_METABOLISM
15,240.0,INTERFERON_GAMMA_RESPONSE
2,996.0,BILE_ACID_METABOLISM
2,996.0,FATTY_ACID_METABOLISM
2,996.0,OXIDATIVE_PHOSPHORYLATION
16,282.5,FATTY_ACID_METABOLISM
11,1062.0,INTERFERON_GAMMA_RESPONSE
11,1062.0,P53_PATHWAY
11,230.0,TNFA_SIGNALING_VIA_NFKB
11,959.5,OXIDATIVE_PHOSPHORYLATION
12,821.5,P53_PATHWAY
2,1054.0,BILE_ACID_METABOLISM
15,92.0,EPITHELIAL_MESENCHYMAL_TRANSITION
15,92.0,INFLAMMATORY_RESPONSE
10,385.5,OXIDATIVE_PHOSPHORYLATION
3,250.5,TNFA_SIGNALING_VIA_NFKB
3,250.5,INFLAMMATORY_RESPONSE
6,901.5,EPITHELIAL_MESENCHYMAL_TRANSITION
6,901.5,TNFA_SIGNALING_VIA_NFKB
6,901.5,INTERFERON_GAMMA_RESPONSE
6,901.5,P53_PATHWAY
5,192.5,TNFA_SIGNALING_VIA_NFKB
5,192.5,P53_PATHWAY
4,665.0,FATTY_ACID_METABOLISM
4,665.0,OXIDATIVE_PHOSPHORYLATION
21,136.0,INTERFERON_GAMMA_RESPONSE
1,699.5,BILE_ACID_METABOLISM
1,1259.5,ANGIOGENESIS
1,1259.5,P53_PATHWAY
1,1617.0,TNFA_SIGNALING_VIA_NFKB
1,1617.0,P53_PATHWAY
1,1443.5,BILE_ACID_METABOLISM
1,904.0,TNFA_SIGNALING_VIA_NFKB
1,904.0,INFLAMMATORY_RESPONSE
1,1071.0,FATTY_ACID_METABOLISM
17,1072.0,P53_PATHWAY
2,745.0,TNFA_SIGNALING_VIA_NFKB
2,883.5,EPITHELIAL_MESENCHYMAL_TRANSITION
2,883.5,INFLAMMATORY_RESPONSE
2,883.5,ANGIOGENESIS
15,525.5,OXIDATIVE_PHOSPHORYLATION
15,530.0,INTERFERON_GAMMA_RESPONSE
15,530.0,P53_PATHWAY
2,1019.0,BILE_ACID_METABOLISM
17,64.0,P53_PATHWAY
16,498.0,INFLAMMATORY_RESPONSE
16,513.5,EPITHELIAL_MESENCHYMAL_TRANSITION
17,473.0,TNFA_SIGNALING_VIA_NFKB
17,650.0,INTERFERON_GAMMA_RESPONSE
10,166.5,EPITHELIAL_MESENCHYMAL_TRANSITION
10,242.5,TNFA_SIGNALING_VIA_NFKB
10,242.5,INTERFERON_GAMMA_RESPONSE
10,402.0,EPITHELIAL_MESENCHYMAL_TRANSITION
10,402.0,INTERFERON_GAMMA_RESPONSE
10,402.0,P53_PATHWAY
7,445.5,BILE_ACID_METABOLISM
8,579.5,TNFA_SIGNALING_VIA_NFKB
8,579.5,INFLAMMATORY_RESPONSE
9,117.0,FATTY_ACID_METABOLISM
6,66.0,TNFA_SIGNALING_VIA_NFKB
6,66.0,INFLAMMATORY_RESPONSE
8,423.5,FATTY_ACID_METABOLISM
5,546.0,TNFA_SIGNALING_VIA_NFKB
5,546.0,INFLAMMATORY_RESPONSE
5,546.0,P53_PATHWAY
5,702.5,EPITHELIAL_MESENCHYMAL_TRANSITION
5,702.5,P53_PATHWAY
5,172.5,INTERFERON_GAMMA_RESPONSE
9,191.0,FATTY_ACID_METABOLISM
3,165.0,FATTY_ACID_METABOLISM
3,165.0,OXIDATIVE_PHOSPHORYLATION
10,37.0,OXIDATIVE_PHOSPHORYLATION
9,303.5,INFLAMMATORY_RESPONSE
9,423.0,INFLAMMATORY_RESPONSE
10,665.0,OXIDATIVE_PHOSPHORYLATION
10,684.5,FATTY_ACID_METABOLISM
13,289.0,EPITHELIAL_MESENCHYMAL_TRANSITION
11,766.0,EPITHELIAL_MESENCHYMAL_TRANSITION
9,232.0,OXIDATIVE_PHOSPHORYLATION
3,959.5,INFLAMMATORY_RESPONSE
4,358.5,TNFA_SIGNALING_VIA_NFKB
4,358.5,INFLAMMATORY_RESPONSE
4,358.5,INTERFERON_GAMMA_RESPONSE
3,829.0,P53_PATHWAY
12,127.5,TNFA_SIGNALING_VIA_NFKB
12,127.5,INFLAMMATORY_RESPONSE
12,127.5,INTERFERON_GAMMA_RESPONSE
12,209.0,EPITHELIAL_MESENCHYMAL_TRANSITION
12,727.0,EPITHELIAL_MESENCHYMAL_TRANSITION
12,727.0,ANGIOGENESIS
12,727.0,INTERFERON_GAMMA_RESPONSE
12,936.0,FATTY_ACID_METABOLISM
17,332.0,FATTY_ACID_METABOLISM
15,194.0,INTERFERON_GAMMA_RESPONSE
14,400.0,OXIDATIVE_PHOSPHORYLATION
14,424.5,TNFA_SIGNALING_VIA_NFKB
14,424.5,P53_PATHWAY
12,254.0,INTERFERON_GAMMA_RESPONSE
14,608.0,INFLAMMATORY_RESPONSE
14,608.0,ANGIOGENESIS
14,608.0,P53_PATHWAY
3,546.0,OXIDATIVE_PHOSPHORYLATION
3,95.0,BILE_ACID_METABOLISM
19,333.0,TNFA_SIGNALING_VIA_NFKB
19,333.0,INFLAMMATORY_RESPONSE
18,18.0,TNFA_SIGNALING_VIA_NFKB
18,82.0,EPITHELIAL_MESENCHYMAL_TRANSITION
19,307.5,TNFA_SIGNALING_VIA_NFKB
19,307.5,INFLAMMATORY_RESPONSE
19,307.5,INTERFERON_GAMMA_RESPONSE
1,1833.0,P53_PATHWAY
2,352.0,P53_PATHWAY
1,1795.5,TNFA_SIGNALING_VIA_NFKB
6,260.0,TNFA_SIGNALING_VIA_NFKB
6,260.0,P53_PATHWAY
6,362.5,TNFA_SIGNALING_VIA_NFKB
6,362.5,INTERFERON_GAMMA_RESPONSE
6,362.5,P53_PATHWAY
6,445.5,INTERFERON_GAMMA_RESPONSE
5,787.0,TNFA_SIGNALING_VIA_NFKB
6,505.0,BILE_ACID_METABOLISM
6,1001.0,TNFA_SIGNALING_VIA_NFKB
6,1001.0,INTERFERON_GAMMA_RESPONSE
6,229.5,INFLAMMATORY_RESPONSE
20,160.0,ANGIOGENESIS
4,562.5,P53_PATHWAY
20,424.0,INTERFERON_GAMMA_RESPONSE
