gene,snp,chr,t_stage,t_comp_adj,neighbours,neighbour_t,n_neighbours_concordant_|t|>2,in_DE_neighbourhood,lineage_intrinsic_target
ADH1B,rs1229984,4,-8.605,-0.426,"ADH6,ADH1A,ADH1C,ADH7","-10.1,-6.5,-5.7,-6.8",4,True,False
COBLL1,rs12052337,2,-8.071,-0.307,"FIGN,GRB14,SLC38A11,CSRNP3","-1.6,-5.2,-5.4,-4.7",3,True,False
MTARC1,rs2642438,1,-7.998,0.15,"C1orf115,MTARC2,HLX,DUSP10","-7.1,-10.9,-3.4,-5.9",4,True,False
CIDEB,rs6063,14,-7.498,-2.371,"DHRS1,NOP9,LTB4R2,LTB4R","-4.3,-8.1,-5.2,-1.6",3,True,False
APOH,rs1801689,17,-5.778,2.01,"AXIN2,CEP112,PRKCA,HELZ","1.5,5.0,-7.2,-5.2",2,True,False
GPAM,rs2792751,10,-5.723,-0.201,"BBIP1,SHOC2,TECTB,ACSL5","0.8,-1.1,0.4,-8.7",1,False,False
PNPLA3,rs738409,22,-4.877,-2.236,"MPPED1,EFCAB6,SAMM50,PARVB","0.3,-5.0,-3.8,4.2",2,True,False
MTTP,rs3816873,4,-4.658,0.492,"ADH7,TRMT10A,DAPP1,LAMTOR3","-6.8,-5.6,4.1,-1.5",2,True,False
HNF1A,rs1169288,12,-4.467,-2.738,"ACADS,SPPL3,C12orf43,OASL","-3.4,-0.9,-3.0,1.6",2,False,False
TM6SF2,rs58542926,19,-3.865,0.55,"NR2C2AP,HAPLN4,SUGP1,MAU2","3.8,-2.9,-3.1,-0.4",2,False,False
FTO,rs1421085,16,-3.61,-2.781,"AKTIP,RPGRIP1L,MMP2,LPCAT2","-1.3,-0.9,11.9,4.7",0,False,False
TOR1B,rs7029757,9,-3.609,-1.002,"NTMT1,ASB6,TOR1A,C9orf78","2.1,2.2,-3.1,-3.4",2,False,False
MERTK,rs4374383,2,-3.459,-1.467,"BCL2L11,ANAPC1,TMEM87B,FBLN7","-1.8,-4.3,4.6,-5.8",2,False,False
GCKR,rs1260326,2,-3.247,1.674,"IFT172,FNDC4,SPATA31H1,ZNF512","-0.9,4.2,-3.4,1.8",1,False,False
SUGP1,rs10401969,19,-3.066,-1.754,"HAPLN4,TM6SF2,MAU2,GATAD2A","-2.9,-3.9,-0.4,4.3",2,False,False
LYPLAL1,rs12137855,1,-2.92,0.335,"RRP15,TGFB2,ZC3H11B,SLC30A10","-0.4,8.3,-1.6,-5.1",1,False,False
ERLIN1,rs2862954,10,-1.875,2.134,"DNMBP,CPN1,CHUK,CWF19L1","-6.8,-3.9,-0.7,-1.5",2,False,False
INHBE,rs35781401,12,-1.788,-0.833,"R3HDM2,INHBC,GLI1,ARHGAP9","-5.1,-3.6,7.6,6.8",2,False,False
HSD17B13,rs72613567,4,-1.785,2.16,"AFF1,KLHL8,HSD17B11,NUDT9","-4.8,-5.1,-3.3,-4.6",4,False,False
TMEM106B,rs1990622,7,-1.521,0.417,"PHF14,THSD7A,ARL4A,ETV1","-2.6,-0.9,6.6,-1.7",1,False,False
HFE,rs1800562,6,-0.631,-0.311,"H1-2,H2BC4,H2AC6,H2BC5","2.0,-1.1,0.5,-0.2",0,False,False
TRIB1,rs2954021,8,-0.472,2.086,"WASHC5,NSMCE2,LRATD2,MYC","-1.2,0.5,-6.1,12.4",1,False,False
SERPINA1,rs28929474,14,-0.183,-0.146,"SERPINA10,SERPINA6,SERPINA11,SERPINA12","-5.8,-3.1,2.0,4.0",2,False,False
APOE,rs429358,19,0.023,0.33,"NECTIN2,TOMM40,APOC1,APOC2","1.7,2.0,-2.5,-2.4",0,False,False
PPP1R3B,rs4240624,8,0.486,2.981,"MFHAS1,ERI1,TNKS,MSRA","7.1,3.1,-3.6,-4.5",2,False,False
MBOAT7,rs641738,19,0.942,-0.673,"LENG1,TMC4,TSEN34,RPS9","-0.0,6.0,1.5,0.1",1,False,False
LEPR,rs1137101,1,1.868,2.169,"JAK1,AK4,LEPROT,PDE4B","-1.0,-4.5,1.6,3.3",1,False,False
GATAD2A,rs4808199,19,4.348,1.217,"SUGP1,MAU2,NDUFA13,YJEFN3","-3.1,-0.4,0.3,0.3",0,False,False
TMC4,rs641738,19,6.042,1.663,"CNOT3,LENG1,MBOAT7,TSEN34","-0.8,-0.0,0.9,1.5",0,False,False
