,estadio,cohorte,F4_likeness,Hepatocito,HSC,Colangiocito,YAP_TAZ_targets,mechanosensing,senescence_SASP,matrix_crosslinking,nas
GSM3758005,F3,GSE130970,1.6939,0.1643,0.6438,0.8247,0.7505,0.4104,0.8965,1.0233,5.0
GSM3758006,F3,GSE130970,0.6543,0.2834,0.3078,0.5093,-0.0373,0.1579,0.247,0.2926,4.0
GSM3758007,F3,GSE130970,1.6073,0.1529,0.5779,0.7399,0.6087,0.2755,0.4296,0.4217,5.0
GSM3758008,F3,GSE130970,0.3877,0.1403,0.2539,0.0261,0.0614,0.1599,0.0603,0.155,5.0
GSM3758009,F3,GSE130970,5.8083,-2.0521,1.7886,2.1304,1.6077,2.0065,1.4054,2.5852,6.0
GSM3758010,F3,GSE130970,-0.3555,0.1424,0.065,-0.0999,0.0619,0.1011,0.732,0.2771,6.0
GSM3758011,F3,GSE130970,2.0789,0.4717,0.6781,0.8614,-0.3646,-0.4987,1.1768,0.2345,5.0
GSM3758012,F3,GSE130970,-0.1413,0.3647,0.2789,-0.3625,0.0474,0.0135,1.2071,0.3398,6.0
GSM3758013,F3,GSE130970,0.6568,-0.1202,0.0823,0.3077,0.1552,0.0892,0.2903,-0.0065,4.0
GSM3758014,F3,GSE130970,-1.5416,0.2924,-0.4162,-0.6182,-0.289,-0.0968,-0.2763,-0.4157,4.0
GSM3758015,F3,GSE130970,0.7153,-0.0869,0.2115,0.6262,0.1164,0.0845,0.1535,0.1274,4.0
GSM3758016,F2,GSE130970,0.1192,-0.1686,0.0707,-0.0676,-0.0323,-0.0069,0.3233,-0.0235,5.0
GSM3758017,F1,GSE130970,-1.6974,-0.0685,-0.5186,-0.9731,-0.5524,-0.2262,0.0011,-0.277,5.0
GSM3758018,F2,GSE130970,1.25,-0.2028,0.0673,0.6842,0.0309,0.0988,0.1282,-0.0009,5.0
GSM3758019,F2,GSE130970,-1.1813,0.0339,-0.3846,-0.6426,-0.2597,-0.3617,-0.0727,-0.4023,5.0
GSM3758020,F2,GSE130970,-0.7796,0.2085,-0.5299,-0.0093,-0.4528,-0.0467,-0.2777,-0.2659,3.0
GSM3758021,F2,GSE130970,1.0472,-0.193,0.4341,0.3751,0.1461,0.2628,0.5349,0.5853,4.0
GSM3758022,F1,GSE130970,-0.1428,-0.0135,-0.3342,0.2115,0.0524,-0.1309,0.3237,-0.0161,5.0
GSM3758023,F1,GSE130970,0.2325,-0.0293,-0.0555,0.2965,-0.0526,-0.1747,0.2791,0.2005,4.0
GSM3758024,F2,GSE130970,-0.6322,0.1742,-0.1033,-0.3209,-0.4718,-0.1314,-0.3964,-0.4427,3.0
GSM3758025,F1,GSE130970,-0.2776,0.2298,0.0933,-0.1036,-0.0562,0.0089,-0.1023,0.045,3.0
GSM3758026,F2,GSE130970,0.081,0.2971,0.0652,0.1139,0.0571,0.0051,-0.0454,0.0512,3.0
GSM3758027,F1,GSE130970,-0.5292,0.3496,-0.2432,-0.0726,-0.0487,-0.2777,-0.2723,-0.2908,3.0
GSM3758028,F2,GSE130970,0.5135,0.1168,-0.1466,0.3493,-0.1857,-0.2655,-0.4778,-0.2485,2.0
GSM3758029,F1,GSE130970,1.1957,0.1161,0.6401,0.3395,0.2286,0.7405,0.0653,0.3427,2.0
GSM3758030,F2,GSE130970,0.9913,-0.063,0.1688,0.4475,-0.0053,0.1456,0.6291,0.3266,5.0
GSM3758031,F3,GSE130970,0.7898,0.0648,-0.0052,0.4114,-0.2806,-0.179,-0.0549,-0.0839,4.0
GSM3758032,F3,GSE130970,0.2973,-0.192,0.0199,0.1233,-0.1119,0.1513,-0.1266,-0.3867,3.0
GSM3758033,F4,GSE130970,3.9533,-0.5002,1.0921,1.7843,0.9179,1.0457,0.7863,0.9956,3.0
GSM3758034,F4,GSE130970,1.7615,-0.1328,0.4508,0.8027,0.5778,0.461,0.7336,0.7158,5.0
GSM3758035,F0,GSE130970,-0.6846,0.0715,-0.0524,-0.5767,-0.2029,-0.1531,-0.1897,-0.2414,3.0
GSM3758036,F1,GSE130970,-1.106,0.1573,-0.3487,-0.4601,-0.0523,-0.1588,-0.0989,-0.0348,5.0
GSM3758037,F0,GSE130970,-1.232,0.2446,-0.2512,-0.471,-0.5066,-0.3409,-0.4819,-0.4442,3.0
GSM3758038,F1,GSE130970,-0.0253,0.0004,-0.1481,-0.0052,-0.3963,-0.0831,0.2445,-0.2925,3.0
GSM3758039,F0,GSE130970,1.5599,0.0819,0.3407,1.1617,0.1605,0.3044,-0.5647,0.0161,1.0
GSM3758040,F1,GSE130970,-0.5475,-0.0127,-0.3143,-0.2455,-0.2909,-0.1059,-0.3214,-0.0224,6.0
GSM3758041,F0,GSE130970,-0.8288,-0.0549,-0.4001,-0.081,-0.5166,-0.1543,-0.3467,-0.3213,4.0
GSM3758042,F0,GSE130970,-0.88,0.0699,-0.3357,-0.4354,-0.6164,-0.4575,-0.5135,-0.4695,3.0
GSM3758043,F0,GSE130970,-2.0329,0.1205,-0.684,-0.9349,-0.5707,-0.4843,-0.4943,-0.7972,3.0
GSM3758044,F0,GSE130970,-0.5101,0.2561,-0.2051,-0.1105,-0.3744,-0.2256,-0.4768,-0.2046,2.0
GSM3758045,F0,GSE130970,0.0913,-0.1916,0.2867,-0.0892,0.1413,-0.1587,-0.6415,-0.2715,2.0
GSM3758046,F0,GSE130970,-0.1512,0.1724,-0.0704,-0.0388,-0.253,-0.26,-0.1188,-0.2411,4.0
GSM3758047,F0,GSE130970,0.0182,-0.5899,0.5176,-0.4818,0.6862,0.0715,-0.6107,0.3139,3.0
GSM3758048,F0,GSE130970,0.0883,0.185,-0.2292,0.0954,-0.475,-0.2899,-0.3764,-0.103,2.0
GSM3758049,F0,GSE130970,1.1686,0.0199,0.2889,0.5836,0.1716,-0.1154,0.5614,0.5177,4.0
GSM3758050,F0,GSE130970,-0.6921,0.1563,-0.1639,-0.3415,-0.1963,-0.1743,-0.3551,-0.2233,4.0
GSM3758051,F0,GSE130970,-1.7493,0.2977,-0.8483,-0.7804,-0.709,-0.4047,-0.035,-0.8969,5.0
GSM3758052,F0,GSE130970,-0.0576,-0.0528,-0.1267,0.0364,-0.2674,-0.0978,-0.2701,-0.281,3.0
GSM3758053,F0,GSE130970,-1.2179,0.335,-0.075,-0.6845,-0.1325,-0.1427,-0.2606,-0.2661,2.0
GSM3758054,F0,GSE130970,-1.9275,0.0928,-0.407,-1.0949,-0.2644,-0.0889,-0.2022,-0.3373,2.0
GSM3758055,F0,GSE130970,-0.4569,0.0815,-0.1322,-0.2074,-0.0568,-0.0705,0.2408,-0.075,1.0
GSM3758056,F0,GSE130970,0.3351,-0.045,0.182,0.1507,0.2219,0.0702,0.011,-0.0041,2.0
GSM3758057,F1,GSE130970,-0.3503,-0.1605,0.4062,-0.674,0.6133,0.5864,0.1615,0.095,4.0
GSM3758058,F1,GSE130970,0.8007,-0.2649,0.5347,-0.0158,0.2502,0.2257,0.3893,0.3659,4.0
GSM3758059,F1,GSE130970,-1.0284,-0.0121,-0.4323,-0.2976,-0.1131,-0.0876,0.1742,0.2775,4.0
GSM3758060,F1,GSE130970,-0.6226,-0.0986,-0.4901,-0.238,-0.4276,-0.3249,-0.2793,-0.5543,5.0
GSM3758061,F1,GSE130970,-0.5146,0.1309,0.146,-0.2795,0.0588,0.2491,-0.2136,0.0097,3.0
GSM3758062,F1,GSE130970,-0.7294,-0.0517,-0.409,-0.0785,-0.1469,0.0084,0.0062,-0.2791,4.0
GSM3758063,F1,GSE130970,-0.9878,-0.1047,-0.2843,-0.5713,-0.1716,-0.0919,-0.0737,-0.1127,3.0
GSM3758064,F1,GSE130970,-1.4155,-0.0078,-0.4334,-0.6827,-0.1698,-0.1948,-0.1942,-0.5683,2.0
GSM3758065,F1,GSE130970,-0.39,-0.1405,0.0167,-0.4125,0.125,-0.1221,0.197,0.0494,5.0
GSM3758066,F1,GSE130970,-1.2087,-0.1441,-0.3261,-0.7013,0.1966,-0.0162,-0.2862,-0.0837,5.0
GSM3758067,F1,GSE130970,-2.5428,0.1758,-0.6736,-1.1107,-0.4349,-0.6372,-1.0552,-0.5657,1.0
GSM3758068,F1,GSE130970,0.1874,-0.0632,0.0129,0.1271,0.0122,-0.1685,-0.2911,-0.1546,5.0
GSM3758069,F1,GSE130970,0.2891,0.0602,0.0031,-0.0906,-0.1374,-0.1096,0.2607,0.0417,6.0
GSM3758070,F1,GSE130970,-0.2222,-0.018,-0.4393,0.1545,-0.1968,-0.1428,-0.4547,-0.6574,4.0
GSM3758071,F1,GSE130970,-1.5658,0.1546,-0.7042,-0.4046,-0.2535,-0.2897,-0.5981,-0.7082,3.0
GSM3758072,F1,GSE130970,0.5728,-0.233,-0.19,0.7212,0.1073,0.0288,-0.1841,0.2336,6.0
GSM3758073,F0,GSE130970,-0.246,0.2867,0.1029,-0.1483,0.1356,0.1052,-0.4546,0.036,1.0
GSM3758074,F0,GSE130970,-0.0093,-0.0877,-0.1452,0.1449,0.342,0.2009,-0.0763,-0.0696,1.0
GSM3758075,Normal,GSE130970,-3.1365,0.3817,-0.6333,-1.5116,-0.4721,-0.2299,-0.9651,-0.7288,0.0
GSM3758076,Normal,GSE130970,-1.6787,0.1685,-0.225,-0.815,-0.4471,-0.4337,-1.2159,-0.4646,0.0
GSM3758077,Normal,GSE130970,-0.5394,0.2881,-0.2294,-0.0269,-0.1312,-0.1286,-0.8194,-0.4685,0.0
GSM3758078,F3,GSE130970,-0.3794,0.3082,-0.1498,0.1016,0.2126,-0.043,0.3071,0.0546,6.0
GSM3758079,F1,GSE130970,-0.1972,-0.1694,0.0189,-0.0571,-0.0522,0.0763,-0.1206,0.5118,6.0
GSM3758080,F1,GSE130970,-0.6135,-0.2188,-0.0275,-0.4648,-0.066,-0.013,-0.0402,0.0482,5.0
GSM3758081,F1,GSE130970,-0.8938,0.1952,-0.4379,0.0364,-0.3275,-0.2637,-0.5399,-0.2985,3.0
GSM3758082,Normal,GSE130970,0.0778,0.2287,0.2014,0.1638,-0.0602,0.4177,-0.6478,-0.0542,0.0
GSM3998167,F2,GSE135251,-0.7717,0.0518,-0.4431,-0.036,-0.1001,-0.3631,-0.4685,-0.573,4.0
GSM3998168,F3,GSE135251,1.7303,-0.2398,0.3602,0.9033,0.381,0.2712,0.4614,0.0507,7.0
GSM3998169,F2,GSE135251,0.4973,-0.1906,0.1243,0.2655,0.0473,-0.2482,0.6444,0.3243,7.0
GSM3998170,F3,GSE135251,0.3824,-0.2182,-0.1254,0.3761,0.3585,-0.2333,0.4167,0.1377,6.0
GSM3998171,F0,GSE135251,-1.1603,-0.238,-0.5191,-0.3646,-0.0333,-0.4497,-0.2593,-0.4061,5.0
GSM3998172,F1,GSE135251,0.4051,0.1771,0.355,-0.1084,0.109,0.4998,0.3705,0.2703,5.0
GSM3998173,F3,GSE135251,-0.4352,-0.4633,-0.4622,0.1161,-0.1147,-0.4081,-0.0142,-0.4018,6.0
GSM3998174,F2,GSE135251,-0.3134,0.0458,-0.0805,-0.4176,-0.1408,0.0589,0.1637,-0.1996,6.0
GSM3998175,F0,GSE135251,-0.0157,0.1207,0.3618,-0.2559,0.3805,0.5352,0.0307,-0.2862,2.0
GSM3998176,F2,GSE135251,-0.7588,0.0816,-0.324,-0.3908,0.1381,0.3441,0.0648,-0.4338,5.0
GSM3998177,F1,GSE135251,-0.3522,0.0608,-0.0483,-0.1543,0.3313,0.2236,-0.0051,-0.3635,1.0
GSM3998178,F2,GSE135251,0.3347,0.0885,0.0943,0.0877,0.7011,0.5373,0.0868,-0.1272,5.0
GSM3998179,F3,GSE135251,1.3577,-0.0059,0.3766,0.6606,0.4061,0.4928,0.5307,0.45,8.0
GSM3998180,F2,GSE135251,-0.2313,-0.1711,-0.2234,-0.1765,-0.1317,0.2717,-0.1204,-0.5408,5.0
GSM3998181,F1,GSE135251,-0.5417,0.2152,-0.0502,-0.4971,-0.2719,0.0792,-0.1246,-0.2254,4.0
GSM3998182,F2,GSE135251,-0.4382,0.3177,-0.093,-0.2023,0.3541,0.2799,-0.24,-0.2817,3.0
GSM3998183,F1,GSE135251,-1.1814,0.0664,-0.5339,-0.6207,-0.2657,-0.4738,0.1262,-0.8263,6.0
GSM3998184,F2,GSE135251,0.663,0.0586,0.1852,0.2307,0.5642,0.4937,0.744,0.1063,5.0
GSM3998185,F3,GSE135251,1.3211,0.0415,0.3679,0.665,0.9283,0.7889,0.2477,0.3531,6.0
GSM3998186,F2,GSE135251,-1.7262,0.1378,-0.7284,-0.6252,-0.287,0.2139,-0.7452,-0.4395,3.0
GSM3998187,F2,GSE135251,0.2503,-0.2697,0.2538,-0.2939,0.0542,0.5957,0.7589,0.5753,8.0
GSM3998188,F3,GSE135251,2.1543,-0.1042,0.6923,0.8482,0.8153,0.9268,0.9998,0.8111,7.0
GSM3998189,F0,GSE135251,1.4428,0.0312,0.5036,0.4552,0.3543,0.9303,-0.3708,0.0253,5.0
GSM3998190,F3,GSE135251,0.4225,0.0729,0.126,0.1,0.2376,0.1543,0.1011,-0.1771,6.0
GSM3998191,F4,GSE135251,2.3206,-0.306,0.4181,1.2697,0.6559,0.5168,0.5152,0.626,6.0
GSM3998192,F1,GSE135251,1.453,0.0081,0.2619,0.7841,0.2522,0.5756,-0.3922,-0.2457,2.0
GSM3998193,F3,GSE135251,0.883,-0.0298,-0.1599,0.5628,0.3018,0.066,0.1552,-0.0428,5.0
GSM3998194,F1,GSE135251,-0.9332,-0.2155,-0.7438,-0.3483,-0.1298,0.1967,-0.1709,-0.7785,3.0
GSM3998195,F3,GSE135251,0.7502,-0.1556,0.2063,0.302,-0.3706,-0.3918,0.0145,0.1906,5.0
GSM3998196,F1,GSE135251,1.1799,-0.1257,0.5767,0.4112,-0.1989,-0.238,0.1415,0.0698,4.0
GSM3998197,F1,GSE135251,-0.2345,-0.1303,-0.3162,0.3041,0.269,-0.0508,-0.4094,-0.2527,2.0
GSM3998198,F1,GSE135251,-0.6545,-0.1543,-0.4021,-0.2393,-0.3094,-0.3216,-0.0123,-0.5435,2.0
GSM3998199,F2,GSE135251,1.5988,-0.2601,0.3972,0.7374,0.1755,-0.1965,0.5705,0.3542,5.0
GSM3998200,F3,GSE135251,-0.3562,0.1087,-0.2432,0.2046,-0.0239,-0.1311,-0.13,-0.3834,4.0
GSM3998201,F4,GSE135251,2.9723,-0.4314,0.5073,1.7579,0.6156,0.5252,0.6232,0.8324,8.0
GSM3998202,F0,GSE135251,-0.2285,-0.0418,-0.0531,-0.0684,-0.4923,-0.6375,-0.0517,-0.1066,5.0
GSM3998203,F3,GSE135251,-0.5936,0.1477,-0.3247,0.2934,-0.3466,-0.4165,-0.2639,-0.4326,4.0
GSM3998204,F1,GSE135251,0.2921,0.0291,0.2966,0.1234,-0.209,-0.1604,-0.0427,0.1897,6.0
GSM3998205,F1,GSE135251,-0.3028,0.0644,-0.6949,0.4175,-0.4184,-0.1702,-0.4272,-0.6219,3.0
GSM3998206,F0,GSE135251,-2.446,-0.2751,-0.9309,-0.8012,-0.9212,-0.474,-0.9731,-0.6037,6.0
GSM3998207,F3,GSE135251,0.4046,-0.2968,-0.2345,0.7623,0.5368,-0.0067,0.3403,0.1432,6.0
GSM3998208,F4,GSE135251,-1.0912,0.1614,-0.7492,0.0617,-0.5576,-0.6025,-0.1794,-0.591,5.0
GSM3998209,F3,GSE135251,-0.0929,-0.0881,0.0723,-0.0792,0.4121,0.1998,0.5204,0.2347,8.0
GSM3998210,F3,GSE135251,0.0291,-0.0056,0.4346,-0.3042,-0.0982,-0.0594,0.5906,0.526,5.0
GSM3998211,F2,GSE135251,-0.9138,-0.0818,-0.4061,-0.307,-0.5615,-0.4776,0.3642,-0.0965,5.0
GSM3998212,F1,GSE135251,-1.1036,0.0644,-0.5067,-0.4203,-0.6702,-0.558,0.0865,-0.6847,5.0
GSM3998213,F0,GSE135251,0.9107,-0.0667,0.0624,0.5635,0.5823,0.6852,0.3471,-0.1047,4.0
GSM3998214,F4,GSE135251,2.1405,-0.2788,0.8362,0.9258,0.616,0.0417,0.7064,0.9483,6.0
GSM3998215,F2,GSE135251,-0.1296,-0.0356,0.0854,0.0456,-0.1068,-0.0406,0.2962,0.0856,7.0
GSM3998219,F0,GSE135251,-0.6193,0.0968,-0.163,-0.576,-0.1123,0.2405,-0.2719,-0.3278,2.0
GSM3998225,F3,GSE135251,2.681,-0.5706,0.9012,0.9347,0.5198,-0.2159,0.549,1.1759,6.0
GSM3998226,F4,GSE135251,2.8413,-0.293,0.8892,1.2128,1.0075,0.9595,0.817,0.9503,7.0
GSM3998227,F4,GSE135251,1.92,-0.1326,0.9352,0.6937,0.4828,0.3909,0.7313,0.8347,3.0
GSM3998228,F1,GSE135251,0.1438,0.1175,0.0814,-0.1477,0.2711,0.4948,-0.1241,0.2255,7.0
GSM3998229,F3,GSE135251,0.0646,0.0425,-0.0204,0.1833,0.116,-0.0941,0.3352,0.5547,5.0
GSM3998230,F4,GSE135251,1.1929,-0.3512,-0.2996,1.4276,0.1388,-0.5396,0.1913,0.559,3.0
GSM3998231,F1,GSE135251,-0.459,0.1024,-0.4382,0.0432,-0.2626,0.0882,-0.6437,-0.35,3.0
GSM3998232,F1,GSE135251,-3.029,-0.3342,-0.6999,-1.5893,-1.5136,-1.3588,-1.3549,-0.3357,1.0
GSM3998233,F3,GSE135251,2.5569,-0.45,0.9817,0.8884,0.4736,0.2541,0.3988,1.0318,4.0
GSM3998234,F1,GSE135251,-0.297,-0.1041,-0.2799,-0.0548,0.1967,0.3989,0.41,0.3308,6.0
GSM3998235,F2,GSE135251,0.7588,0.1346,0.0666,0.4928,0.5429,0.452,0.2364,-0.1561,4.0
GSM3998236,F1,GSE135251,0.9635,-0.2159,0.2134,0.3894,0.4858,0.5713,0.5092,0.4812,3.0
GSM3998237,F2,GSE135251,-0.4156,-0.0272,-0.1317,-0.185,0.0591,0.4362,0.0814,0.0905,4.0
GSM3998238,F2,GSE135251,1.712,0.1974,0.5534,0.6867,0.3807,1.1587,0.1479,0.3397,4.0
GSM3998239,F3,GSE135251,0.3676,-0.173,0.2463,0.0974,0.5998,1.1729,0.0518,0.4915,5.0
GSM3998240,F2,GSE135251,0.64,0.0799,0.169,0.3345,0.4343,0.6975,-0.0314,0.1223,4.0
GSM3998241,F3,GSE135251,0.8443,-0.0484,0.1644,0.4092,0.4006,0.6707,0.4574,0.3167,6.0
GSM3998242,F4,GSE135251,2.2232,-0.2299,1.2226,0.7183,0.8096,0.0974,0.586,1.2387,5.0
GSM3998243,F2,GSE135251,0.548,0.0126,0.3287,0.0241,0.4967,0.3191,0.156,0.1969,4.0
GSM3998244,F0,GSE135251,-0.2952,0.0844,-0.2316,-0.2422,-0.417,-0.2422,0.1,-0.5312,3.0
GSM3998245,F2,GSE135251,-0.2094,-0.1313,-0.0666,-0.0892,-0.0972,0.0848,-0.2924,0.2331,4.0
GSM3998246,F2,GSE135251,-0.3398,0.0079,-0.2736,-0.1705,0.1565,0.2858,-0.0919,-0.1268,5.0
GSM3998247,F0,GSE135251,-1.5651,0.2162,-0.2085,-0.9016,-0.3654,-0.479,0.3288,-0.3051,4.0
GSM3998248,F2,GSE135251,1.4433,-0.3122,0.5209,0.4607,0.5408,0.7171,0.0463,0.7005,7.0
GSM3998249,F0,GSE135251,-1.5382,0.1552,-0.6287,-0.6073,-0.4942,-0.0491,-0.5687,-0.4765,2.0
GSM3998250,F4,GSE135251,-1.143,0.2437,-0.4721,-0.2839,0.3306,0.307,-0.1007,-0.1556,5.0
GSM3998251,F3,GSE135251,1.3558,0.1705,0.2113,0.8913,0.182,-0.0334,-0.0637,0.6531,5.0
GSM3998252,F2,GSE135251,-0.1012,0.3152,-0.0327,0.0325,0.0615,-0.0646,-0.3365,0.132,4.0
GSM3998253,F3,GSE135251,1.9864,0.0773,0.0009,1.6485,0.6468,0.6205,0.087,0.4847,8.0
GSM3998254,F0,GSE135251,0.8438,-0.0031,0.2566,0.4668,0.3371,0.1165,-0.0544,0.1199,4.0
GSM3998255,F1,GSE135251,-1.0962,0.3225,-0.1439,-0.6511,0.0679,0.283,-0.1928,-0.3026,5.0
GSM3998256,F2,GSE135251,-1.8162,0.1784,-0.315,-0.8576,-0.4709,-0.4479,-0.5799,0.0807,6.0
GSM3998257,F2,GSE135251,1.3263,-0.2324,0.4211,0.6028,0.5805,0.4152,0.0213,0.2762,7.0
GSM3998258,F4,GSE135251,2.935,-0.3307,0.7761,1.3778,1.1495,0.7285,0.5216,1.0337,2.0
GSM3998259,F2,GSE135251,-2.2769,-0.5395,-1.0864,-0.6133,-1.0612,-1.1841,-1.0678,-0.7176,6.0
GSM3998260,F2,GSE135251,-1.62,-0.442,-0.7274,-0.3812,-1.2367,-1.1922,-1.0336,-0.3453,3.0
GSM3998261,F3,GSE135251,-0.0196,0.1204,-0.0473,0.0453,0.1571,0.1784,0.2933,-0.1282,7.0
GSM3998262,F3,GSE135251,0.3882,0.1554,-0.1163,0.323,0.4356,0.4612,-0.2035,-0.3388,4.0
GSM3998263,F2,GSE135251,-0.2794,0.1624,-0.1466,-0.2846,0.3053,0.1642,0.1154,-0.2497,6.0
GSM3998264,F2,GSE135251,0.9091,0.0333,0.1147,0.5689,0.5105,0.6299,0.0501,0.395,6.0
GSM3998265,F3,GSE135251,0.5189,0.3248,0.0701,0.4476,0.3527,0.5848,-0.2639,-0.045,3.0
GSM3998266,F0,GSE135251,-0.4766,0.5792,-0.0501,-0.275,0.0443,0.3232,-0.5675,0.1183,3.0
GSM3998267,F0,GSE135251,-1.0103,0.2453,-0.199,-0.4029,0.1694,0.3721,-0.706,-0.4735,2.0
GSM3998268,F3,GSE135251,1.6702,-0.5043,-0.218,1.6537,0.4683,-0.151,-0.4069,-0.2491,5.0
GSM3998269,F2,GSE135251,-0.3053,-0.0104,-0.1261,-0.3653,-0.0936,0.2103,0.2099,-0.2206,5.0
GSM3998270,F0,GSE135251,-0.5002,0.35,-0.0355,-0.3805,-0.0344,0.2675,-0.3885,-0.2275,4.0
GSM3998271,F1,GSE135251,-0.951,0.022,-0.1695,-0.8349,0.281,0.1558,-0.1424,-0.592,6.0
GSM3998272,F0,GSE135251,-1.142,0.2279,-0.1786,-0.9077,0.1088,0.5253,0.3135,-0.0998,3.0
GSM3998273,F1,GSE135251,0.088,0.6667,0.0751,0.1056,0.1854,0.0806,0.4706,0.3354,6.0
GSM3998274,F3,GSE135251,-0.1374,0.1894,-0.1873,0.1391,0.4958,0.2121,0.2801,0.3228,6.0
GSM3998275,F4,GSE135251,0.3836,0.44,0.018,0.2304,0.2293,0.2103,-0.1248,0.1841,1.0
GSM3998276,F0,GSE135251,0.3129,-0.0192,0.5192,-0.5157,0.2243,0.1639,0.4825,0.7589,2.0
GSM3998277,F2,GSE135251,-0.9707,0.1183,-0.5537,-0.1488,-0.5022,-0.05,-0.3221,-0.4068,4.0
GSM3998278,F2,GSE135251,-0.4316,0.1216,-0.2965,0.1004,-0.4044,-0.8635,-0.1888,-0.1128,5.0
GSM3998279,F1,GSE135251,-0.0947,0.124,-0.087,-0.1007,0.1337,0.4883,0.0362,-0.0224,2.0
GSM3998280,F3,GSE135251,1.3711,-1.0,0.0958,0.4149,-0.1576,-1.4197,0.39,0.5662,5.0
GSM3998281,F0,GSE135251,1.5665,-0.0635,0.5924,0.6989,0.5822,0.5667,0.887,0.4031,1.0
GSM3998282,F3,GSE135251,0.4944,0.1301,0.3337,-0.0167,0.445,0.4814,0.3611,0.4471,5.0
GSM3998283,F1,GSE135251,0.2072,0.1311,-0.2103,0.6988,0.0347,-0.2734,-0.3493,0.0255,2.0
GSM3998284,F2,GSE135251,0.2465,-0.0881,-0.0455,0.2799,-0.7597,-1.1476,-0.0956,-0.0243,4.0
GSM3998285,F4,GSE135251,3.0542,-1.1176,0.6995,1.518,0.2559,0.3701,-0.6732,0.4611,4.0
GSM3998286,F0,GSE135251,-1.2798,0.0778,-0.2694,-0.8042,-0.1939,0.2701,-0.3125,-0.4449,2.0
GSM3998287,F2,GSE135251,-0.4917,0.1063,-0.4596,-0.1285,-0.0629,0.1202,-0.1122,-0.483,4.0
GSM3998288,F0,GSE135251,-1.9634,0.3328,-0.311,-0.848,-0.1366,0.2153,-0.8019,-0.5679,2.0
GSM3998289,F0,GSE135251,-0.255,0.1106,-0.0405,-0.1569,0.1664,0.3813,-0.4834,-0.1884,3.0
GSM3998290,F0,GSE135251,1.834,-0.093,0.393,0.8393,0.6711,0.7876,0.6387,0.3556,4.0
GSM3998291,F1,GSE135251,0.1863,-0.1003,0.0485,-0.1419,0.3449,0.4275,0.1265,-0.0504,6.0
GSM3998292,F1,GSE135251,-0.4447,0.2524,-0.0304,-0.4514,0.0887,0.5339,-0.128,-0.0832,6.0
GSM3998293,F0,GSE135251,-0.2,0.1804,-0.0002,-0.2903,0.3069,0.1095,0.2936,-0.0501,3.0
GSM3998294,F1,GSE135251,-0.3534,0.4129,0.1774,-0.1377,0.1552,0.7088,-0.0887,0.1244,2.0
GSM3998295,F1,GSE135251,-0.6017,0.4567,-0.1965,-0.2641,0.2922,0.4725,0.089,-0.4359,3.0
GSM3998296,F1,GSE135251,-1.2612,0.142,-0.5423,-0.4908,-0.1359,0.2035,0.0002,-0.492,3.0
GSM3998297,F2,GSE135251,-2.1396,-0.0001,-0.7359,-0.957,-0.2259,0.4568,-0.717,-0.7047,5.0
GSM3998298,F3,GSE135251,-0.2551,0.0234,-0.2036,-0.1805,0.0787,0.3124,0.0566,-0.276,5.0
GSM3998299,F2,GSE135251,-0.3267,0.3885,-0.279,0.1467,-0.157,-0.0217,-0.419,-0.5402,4.0
GSM3998300,F1,GSE135251,-0.5658,0.12,-0.2833,-0.1678,0.4392,0.4394,-0.1913,-0.346,5.0
GSM3998301,F3,GSE135251,2.5196,0.0611,0.7666,1.2705,1.0315,1.1018,0.2973,0.9763,4.0
GSM3998302,F1,GSE135251,-0.2077,0.1068,-0.1883,0.3451,-0.5671,-0.3737,-0.0841,0.0012,3.0
GSM3998303,F0,GSE135251,-1.3675,0.1425,-0.3171,-0.304,-0.9848,-0.6606,-0.7871,-0.23,1.0
GSM3998304,F0,GSE135251,-1.469,0.5276,-0.177,-0.4548,-1.2228,-1.4912,-0.9484,-0.1027,2.0
GSM3998305,F0,GSE135251,-2.2373,0.0421,-0.5397,-1.2197,-0.3256,-0.1416,-0.5361,-0.6372,1.0
GSM3998306,F1,GSE135251,-0.8587,0.1235,-0.2624,-0.4765,-0.0318,0.0172,-0.1853,-0.6467,3.0
GSM3998307,F0,GSE135251,-1.7457,0.0332,-0.6139,-0.6724,-0.7332,-0.548,-0.33,-0.6824,1.0
GSM3998308,F3,GSE135251,-0.9352,0.0117,-0.0523,-0.4735,-0.0057,0.1602,0.0382,0.0424,7.0
GSM3998309,F3,GSE135251,-0.3294,0.0977,-0.212,0.0379,-0.0305,0.2208,0.1213,0.1078,5.0
GSM3998310,F1,GSE135251,-1.0303,0.1951,-0.3849,-0.4571,-0.332,0.1052,-0.294,-0.3428,1.0
GSM3998311,F1,GSE135251,-0.3482,0.2152,-0.1414,-0.0644,0.1768,0.3808,-0.2933,-0.342,3.0
GSM3998312,F2,GSE135251,0.7378,0.0497,0.206,0.5541,-0.0586,-0.0807,0.3807,-0.042,6.0
GSM3998313,F2,GSE135251,-0.6447,-0.2314,0.2448,-0.6881,-0.0287,0.3098,0.3828,0.3657,7.0
GSM3998314,F3,GSE135251,0.3751,-0.156,0.26,0.1886,0.7266,0.5218,0.6205,0.542,8.0
GSM3998315,F1,GSE135251,-0.6952,0.2865,-0.2204,-0.0488,-0.1191,-0.1608,0.0359,-0.3559,5.0
GSM3998316,F1,GSE135251,-1.5499,0.0755,-0.3112,-0.6995,-0.2222,-0.2433,0.091,-0.3815,4.0
GSM3998317,F1,GSE135251,-1.2035,-0.0164,-0.485,-0.4761,-0.1989,-0.3078,0.0064,-0.5772,5.0
GSM3998318,F2,GSE135251,-0.1938,-0.0393,-0.0825,0.1387,-0.2047,-0.2591,0.4924,-0.0474,6.0
GSM3998319,F3,GSE135251,-1.6003,0.3706,-0.5336,-0.4556,-0.1687,-0.0904,-0.1402,-0.0278,4.0
GSM3998320,F1,GSE135251,-1.046,-0.1149,-0.3686,-0.188,-0.2657,0.2121,-0.541,-0.2066,6.0
GSM3998321,F0,GSE135251,-0.7003,0.1832,-0.1217,-0.2082,0.0299,-0.0018,-0.0142,-0.3786,4.0
GSM3998322,F3,GSE135251,0.4427,0.1033,-0.0225,0.5209,-0.0451,0.0048,-0.2005,0.0051,5.0
GSM3998323,F0,GSE135251,-0.4664,0.3707,-0.1737,0.0864,-0.1486,-0.0723,-0.068,-0.2967,4.0
GSM3998324,F3,GSE135251,1.6425,-0.3137,0.4217,0.8564,0.7936,0.301,0.7324,0.5446,7.0
GSM3998325,F0,GSE135251,-2.7814,0.0376,-0.741,-1.1422,-0.7768,-0.5533,-0.4086,-1.0767,4.0
GSM3998326,F0,GSE135251,-1.1346,0.1018,-0.3777,-0.2625,-0.6375,-0.1472,-0.2322,-0.1834,2.0
GSM3998327,F3,GSE135251,4.219,-0.5767,1.3292,1.9529,1.0742,1.0224,1.0486,1.0604,7.0
GSM3998328,F3,GSE135251,1.2247,0.0051,0.3802,0.595,0.5434,0.2136,0.5446,0.3169,6.0
GSM3998329,F3,GSE135251,1.4848,-0.1993,0.1075,0.1671,0.227,0.4898,0.2782,0.3998,7.0
GSM3998330,F3,GSE135251,-0.8357,0.3292,-0.3246,-0.4825,-0.2657,0.2978,-0.1863,-0.3407,4.0
GSM3998331,F1,GSE135251,-1.1186,-0.0911,-0.565,-0.1509,-0.4477,-0.6242,-0.6988,-0.6814,3.0
GSM3998332,F4,GSE135251,2.9784,-0.5752,0.8428,1.1641,0.7641,0.0423,0.6053,0.9413,8.0
GSM3998333,F3,GSE135251,0.9083,-0.3287,-0.5163,1.409,0.1343,-0.4122,-0.6371,-0.0562,5.0
GSM3998334,F3,GSE135251,1.4846,-0.239,0.2787,0.6917,0.0971,-0.0066,0.1023,0.1002,3.0
GSM3998335,F2,GSE135251,1.4668,-0.1466,0.5609,0.5761,-0.1157,-0.1328,0.7478,0.2795,4.0
GSM3998336,F0,GSE135251,0.0197,0.2842,0.1906,0.1472,-0.5292,-0.1793,-0.2624,0.0114,2.0
GSM3998337,F2,GSE135251,-1.1311,0.1496,-0.7271,0.0124,-0.1886,-0.6209,-0.407,-0.6644,5.0
GSM3998338,F3,GSE135251,0.595,-0.0368,0.2471,0.3573,-0.2492,-0.3934,-0.1546,0.0475,4.0
GSM3998339,F0,GSE135251,-1.29,-0.1343,-0.4515,-0.2756,-0.556,-0.6201,-0.6163,-0.5365,4.0
GSM3998340,F3,GSE135251,-1.4874,-0.1698,-0.6616,-0.2781,-0.8519,-0.9702,-0.6781,-0.2971,3.0
GSM3998343,F2,GSE135251,1.1742,-0.084,0.6157,0.093,0.3593,-0.1018,0.4989,0.6885,5.0
GSM3998344,F1,GSE135251,-0.1651,0.0974,0.0448,-0.0236,-0.0291,-0.1557,0.272,-0.175,1.0
GSM3998345,F0,GSE135251,-0.7392,0.2448,0.2111,-1.0148,-0.4412,-0.5449,0.1674,0.2669,2.0
GSM3998346,F0,GSE135251,0.1209,-0.1239,0.1677,-0.3495,-0.608,-0.6521,0.5762,0.1933,2.0
GSM3998347,F2,GSE135251,0.5812,0.0055,0.5962,-0.0612,-0.2406,-0.2904,0.6693,0.7703,6.0
GSM3998348,F2,GSE135251,1.0096,-0.1594,0.4653,0.2535,-0.1236,0.0715,0.061,0.4781,6.0
GSM3998349,F0,GSE135251,-0.1803,0.0909,0.2015,-0.4377,-0.1617,0.0167,-0.2673,0.1901,1.0
GSM3998350,F2,GSE135251,1.6302,-0.3722,0.5772,0.5774,0.2995,0.2745,0.743,0.8598,6.0
GSM3998351,F1,GSE135251,0.9248,-0.2286,0.7227,-0.2078,0.3136,-0.0769,0.6394,0.583,4.0
GSM3998352,F1,GSE135251,0.2187,0.1238,0.0385,0.0759,-0.0582,-0.0421,0.1031,0.0941,3.0
GSM3998353,F0,GSE135251,-0.7242,0.0502,-0.1464,-0.5861,-0.5931,-0.4877,-0.1919,0.1916,2.0
GSM3998354,F3,GSE135251,1.8727,-0.2123,0.7528,0.6473,0.4885,0.2701,0.794,0.9144,6.0
GSM3998355,F2,GSE135251,1.8325,-0.4772,0.977,0.1434,0.498,0.9145,0.9495,1.2974,7.0
GSM3998356,F2,GSE135251,0.6529,-0.1623,0.4626,-0.1005,0.1338,0.0273,0.4879,0.5116,5.0
GSM3998357,F1,GSE135251,0.7838,0.2434,0.6766,-0.0333,-0.1247,0.0128,0.9661,0.6711,6.0
GSM3998358,F1,GSE135251,0.74,-0.0347,0.5858,-0.2113,0.686,0.5825,0.4477,0.2072,5.0
GSM3998359,F4,GSE135251,4.3731,-0.4911,1.2814,1.8487,0.8128,0.2713,1.0011,1.2616,5.0
GSM3998360,F2,GSE135251,1.3988,-0.415,0.5448,0.0877,0.0038,-0.3119,0.3574,0.4055,5.0
GSM3998361,F0,GSE135251,-1.1305,-0.1106,-0.1954,-0.7893,-0.8719,-0.9008,0.0866,-0.0775,1.0
GSM3998362,F2,GSE135251,2.9713,-0.4874,1.4584,0.788,0.721,0.3834,1.3762,1.7331,8.0
GSM3998363,F1,GSE135251,-0.0683,-0.0195,0.3262,-0.3378,0.0366,-0.0744,0.1814,0.4746,5.0
GSM3998364,F3,GSE135251,0.6565,-0.1353,0.3785,-0.0382,-0.4094,-0.1551,-0.024,0.5033,6.0
GSM3998365,F3,GSE135251,1.3836,-0.0334,0.5922,0.2737,-0.3263,-0.3158,0.3257,0.3549,3.0
GSM3998366,F0,GSE135251,-0.1228,-0.0496,-0.214,0.276,-0.619,-0.8332,-0.1716,-0.1364,2.0
GSM3998367,F1,GSE135251,0.9941,-0.3371,0.5795,0.1487,-0.4468,-0.347,-0.0228,0.6295,5.0
GSM3998368,F2,GSE135251,1.0789,-0.0058,0.2532,0.7108,0.2474,-0.1152,0.2727,0.531,5.0
GSM3998369,F3,GSE135251,1.3525,-0.1353,0.5559,0.902,0.0108,0.1531,-0.4836,0.3925,6.0
GSM3998370,F2,GSE135251,1.5173,-0.7147,0.261,0.3897,0.4717,-0.291,0.3542,0.1174,4.0
GSM3998371,F2,GSE135251,2.077,-0.3469,0.927,0.4198,0.2355,0.4288,0.8654,0.7673,6.0
GSM3998372,F3,GSE135251,2.2526,-0.1997,0.76,0.8241,1.0389,0.3932,0.4151,0.5177,4.0
GSM3998373,F3,GSE135251,1.0033,-0.0804,0.2943,0.4132,-0.2524,-0.4318,0.2378,0.1052,5.0
GSM3998374,F3,GSE135251,0.4847,-0.386,0.139,-0.012,0.0986,-0.0446,-0.2317,0.3149,5.0
GSM3998375,F1,GSE135251,0.0037,-0.1071,-0.0805,-0.1031,0.1026,-0.3593,0.0935,-0.2904,6.0
GSM3998376,F2,GSE135251,1.4438,-0.494,0.5348,0.4189,0.4851,-0.0009,0.8619,0.8406,7.0
GSM3998377,F1,GSE135251,0.7294,-0.2847,0.3134,0.0442,0.0998,-0.2341,0.3065,0.1104,4.0
GSM3998378,F3,GSE135251,2.8786,-0.553,1.4739,0.5295,0.6238,0.1761,1.2884,1.6826,6.0
GSM3998379,F3,GSE135251,0.5611,-0.1846,0.0964,0.2129,0.2852,-0.4866,0.6478,0.4013,7.0
GSM3998380,F1,GSE135251,0.5234,-0.3078,0.2272,0.0368,-0.2964,-0.128,0.1102,0.1605,3.0
GSM3998381,F2,GSE135251,2.0108,-0.1804,0.7867,0.4433,0.1068,0.1863,0.7055,0.5025,5.0
GSM3998382,F3,GSE135251,4.5612,-0.8916,1.4971,1.592,0.8908,0.8047,0.9959,1.4007,7.0
GSM4957321,F0,GSE162694,-0.6526,0.4551,0.2084,-0.349,-0.4429,-0.3388,-0.1941,0.0696,3.0
GSM4957322,F1,GSE162694,-0.0472,0.1423,0.1296,-0.2547,-0.2802,-0.1902,0.2152,0.0932,3.0
GSM4957323,Normal,GSE162694,-1.33,0.0702,-0.4113,-0.4487,-0.3858,-0.3214,-0.8334,-0.4661,0.0
GSM4957324,F3,GSE162694,1.4542,-0.5522,0.528,0.3072,0.0583,0.2332,0.2816,0.5778,7.0
GSM4957325,F1,GSE162694,-1.6277,-0.1579,-0.7607,-1.1069,-0.4841,-0.1083,-0.5675,-0.9353,5.0
GSM4957326,Normal,GSE162694,-1.9309,0.3535,-0.1901,-0.6238,-0.2411,-0.2962,-1.312,-0.4573,0.0
GSM4957327,F0,GSE162694,-0.01,-0.0403,-0.2801,0.5739,-0.3072,-0.4827,-0.8966,-0.5828,4.0
GSM4957328,F2,GSE162694,-0.2535,-0.4575,-0.1081,-0.2901,-0.5458,-0.4981,-0.5562,-0.4864,5.0
GSM4957329,F1,GSE162694,-1.0903,0.3099,-0.5885,-0.1796,-0.7248,-0.213,-1.2667,-0.3647,4.0
GSM4957330,Normal,GSE162694,-2.2275,0.6245,-0.612,-0.3102,-0.6191,-0.0264,-1.5589,-0.7402,0.0
GSM4957331,Normal,GSE162694,-1.9856,0.3693,-0.3839,-0.6969,-0.6733,-0.6111,-1.1254,-0.5212,0.0
GSM4957332,F1,GSE162694,-0.6531,0.0564,-0.3682,0.0575,-0.5759,-0.3449,-0.5715,-0.1556,5.0
GSM4957333,F2,GSE162694,0.5065,-0.1937,-0.4097,0.2379,-0.3061,-0.2414,0.1714,-0.5634,6.0
GSM4957334,F2,GSE162694,-0.1963,-0.1566,-0.0296,-0.0919,-0.009,-0.1236,-0.0103,-0.5025,5.0
GSM4957335,F4,GSE162694,2.3983,0.1642,0.8723,0.8292,1.5804,1.0829,1.8973,1.2655,
GSM4957336,Normal,GSE162694,-2.2967,0.3473,-0.7869,-0.5228,-0.7224,-0.3195,-1.0173,-0.9449,0.0
GSM4957337,F4,GSE162694,4.8881,-1.4204,1.403,1.8181,2.2551,1.8265,1.9624,1.3486,
GSM4957338,F4,GSE162694,4.1869,-0.507,1.2385,1.5106,2.3197,1.5042,2.4751,1.1475,
GSM4957339,F4,GSE162694,0.6308,0.5114,0.1059,0.4995,1.016,0.5182,1.2733,0.1021,
GSM4957340,F4,GSE162694,4.313,-0.3113,1.2872,1.8032,2.0691,1.7724,2.6368,1.3469,
GSM4957341,F4,GSE162694,-0.6264,0.5176,-0.1256,-0.3622,0.9913,0.4729,1.0978,-0.0471,
GSM4957342,F4,GSE162694,-0.0209,0.5911,0.1951,-0.1516,1.4939,0.7061,1.5664,0.1419,
GSM4957343,F2,GSE162694,0.5635,0.0932,0.0342,0.4301,0.9539,0.2949,1.0767,0.5628,7.0
GSM4957344,F2,GSE162694,0.6087,-0.1204,0.1135,0.1997,0.2117,-0.063,0.1992,0.0877,5.0
GSM4957345,F3,GSE162694,0.6803,-0.1879,0.0846,0.375,-0.043,-0.0507,0.0868,0.1088,7.0
GSM4957346,F2,GSE162694,0.98,0.0156,0.3363,0.1763,-0.4608,-0.1927,0.3309,0.2155,7.0
GSM4957347,F1,GSE162694,-1.715,0.2373,-0.8491,-0.3731,-0.757,-0.6188,-0.4272,-0.9942,4.0
GSM4957348,F2,GSE162694,0.3633,-0.1269,-0.0216,0.3076,-0.2685,-0.1858,-0.2316,-0.0277,5.0
GSM4957349,F4,GSE162694,4.48,-1.5224,1.3426,1.3411,0.826,0.9879,0.3975,0.8469,4.0
GSM4957350,F2,GSE162694,-0.1275,-0.0377,-0.0374,0.2327,-0.0741,-0.105,-0.8347,-0.0679,6.0
GSM4957351,F2,GSE162694,-1.1738,0.3073,-0.7957,-0.2169,-0.5697,-0.3456,-0.2574,-0.4943,6.0
GSM4957352,F2,GSE162694,-1.3648,-0.1033,-0.6377,-0.3859,-0.4264,-0.6978,-0.7784,-0.8667,
GSM4957353,F2,GSE162694,0.9119,-0.9205,0.6385,-0.2803,0.0927,0.2537,0.0051,0.2567,7.0
GSM4957354,F2,GSE162694,2.69,-0.817,0.7912,0.4864,0.1696,0.3298,0.4559,0.3195,7.0
GSM4957355,F3,GSE162694,2.3291,-0.278,0.6911,1.1587,0.28,0.426,0.251,0.7714,
GSM4957356,F3,GSE162694,1.8464,-0.0175,0.3921,1.0798,0.2262,0.3314,0.2614,0.3709,
GSM4957357,F2,GSE162694,-0.1845,-0.1782,-0.2223,-0.0783,-0.1491,-0.2518,0.2169,-0.3203,7.0
GSM4957358,Normal,GSE162694,-1.6444,0.1982,-0.4794,-0.4404,-0.7869,-0.6298,-0.6141,-0.3141,0.0
GSM4957359,F1,GSE162694,0.321,-0.5836,-0.1343,-0.249,-0.479,-0.2619,-0.0289,-0.4144,3.0
GSM4957360,F4,GSE162694,-1.2006,0.0694,-0.4049,-0.09,-0.3253,0.1111,-0.9551,-0.1779,6.0
GSM4957361,F1,GSE162694,-0.1511,-0.3019,0.1274,-0.0336,0.0224,-0.1903,0.0136,-0.1791,6.0
GSM4957362,F2,GSE162694,0.5461,-0.3728,-0.012,0.2542,0.184,-0.2256,0.1097,-0.0167,6.0
GSM4957363,F0,GSE162694,-0.9195,-0.1081,-0.1949,-0.3458,-0.3491,-0.1554,-0.5888,-0.1991,2.0
GSM4957364,F0,GSE162694,-1.5562,0.2055,-0.4963,-0.4472,-0.7815,-0.6818,-1.0404,-0.4355,5.0
GSM4957365,F1,GSE162694,1.4517,0.1997,0.6646,0.157,-0.0594,0.261,1.1974,1.0715,
GSM4957366,F4,GSE162694,6.774,-1.4584,1.7735,2.7366,2.5304,1.9961,2.0286,2.6556,
GSM4957367,F1,GSE162694,-0.5062,0.4827,0.0908,-0.365,-0.0141,-0.0382,-0.8857,0.3274,
GSM4957368,F0,GSE162694,0.1672,0.1308,0.1943,0.25,0.2066,-0.0471,-1.3021,0.4189,
GSM4957369,F0,GSE162694,0.7968,0.2931,0.6176,0.1037,0.049,0.409,0.2971,0.5099,
GSM4957370,F1,GSE162694,1.9605,0.0724,1.0775,0.4612,0.2731,0.4739,1.0662,1.1121,
GSM4957371,F0,GSE162694,-2.4153,0.4522,-0.786,-0.6504,-0.6637,-0.7507,-0.4226,-0.9919,3.0
GSM4957372,F0,GSE162694,-0.481,0.5015,0.1412,-0.5402,-0.1872,-0.0753,0.314,0.1116,
GSM4957373,F0,GSE162694,1.2213,0.1475,0.6189,-0.0041,0.0198,0.0397,0.3724,0.5757,
GSM4957374,F3,GSE162694,1.0965,0.5898,0.3458,0.4713,0.0424,0.126,0.0825,0.5808,
GSM4957375,F0,GSE162694,0.8888,0.1524,0.7453,-0.3015,0.3054,0.3463,0.6001,0.8996,
GSM4957376,F1,GSE162694,0.9294,0.2465,0.5801,0.3105,0.1538,0.0893,-0.3006,0.6152,
GSM4957377,F1,GSE162694,0.7055,0.4178,0.0906,0.4494,-0.239,0.1902,1.0977,0.8566,
GSM4957378,F0,GSE162694,1.2977,0.3402,0.6373,0.8266,-0.0186,0.1118,0.2209,0.7551,
GSM4957379,F0,GSE162694,0.2224,0.4676,0.721,-0.3834,-0.1077,-0.0456,-0.0128,0.6457,
GSM4957380,F0,GSE162694,0.0504,0.5558,0.1919,0.0364,-0.2309,0.0208,-0.1678,0.3005,
GSM4957381,F1,GSE162694,-0.4262,0.0797,0.2601,-0.4517,0.0609,0.0368,-0.0305,0.0657,5.0
GSM4957382,F0,GSE162694,-0.1451,0.6172,0.4378,0.1607,-0.1358,0.0484,-0.3197,0.4089,
GSM4957383,F1,GSE162694,-0.1231,-0.5885,0.0938,-0.5719,-0.1382,-0.0603,-0.1352,-0.0193,4.0
GSM4957384,F2,GSE162694,-0.6767,0.3061,-0.2352,-0.0111,-0.6994,-0.297,-0.1094,-0.0632,4.0
GSM4957385,F2,GSE162694,1.8598,-0.22,0.4642,0.8737,0.4841,0.4071,-0.2962,0.4608,4.0
GSM4957386,F0,GSE162694,-1.414,0.0862,-0.7319,-0.641,-0.3855,-0.425,-0.2835,-0.9188,3.0
GSM4957387,F1,GSE162694,-2.5109,0.5355,-0.6483,-0.5129,-1.4536,-0.5943,-1.2367,-0.6223,5.0
GSM4957388,F0,GSE162694,3.0235,-0.6389,0.8543,1.3299,0.2946,0.9344,-0.3279,0.5194,2.0
GSM4957389,F0,GSE162694,-1.119,-0.0029,-0.1805,-0.475,-0.4658,-0.3749,-1.0385,-0.1616,1.0
GSM4957390,F2,GSE162694,0.1472,-0.1055,0.3216,-0.1247,0.0312,-0.0327,-0.5523,0.3258,5.0
GSM4957391,Normal,GSE162694,-2.2662,-0.1334,-1.0291,-0.5309,-0.0108,-0.6918,-0.5564,-1.0234,0.0
GSM4957392,F1,GSE162694,-1.1521,-0.1389,-0.1767,-0.6259,-0.1057,-0.3761,-0.4284,-0.4669,5.0
GSM4957393,F1,GSE162694,0.5857,-0.104,0.3689,0.1633,0.1146,-0.1998,0.1395,0.1802,6.0
GSM4957394,F0,GSE162694,-1.0911,0.6719,-0.2785,-0.1681,-0.45,0.1666,-0.655,0.2225,3.0
GSM4957395,F4,GSE162694,3.7841,-0.8649,1.2403,1.3132,1.954,1.6433,2.3242,1.7943,0.0
GSM4957396,F2,GSE162694,-1.3141,-0.4389,-0.4276,-0.6759,-0.0774,-0.5299,-0.5292,-0.1258,7.0
GSM4957397,F0,GSE162694,0.108,-0.2048,0.2842,-0.1406,0.109,0.2838,-0.3965,0.513,4.0
GSM4957398,Normal,GSE162694,-1.5889,0.13,-0.4584,-0.4876,-0.7261,-0.7052,-0.874,-0.6385,0.0
GSM4957399,F0,GSE162694,0.1241,-0.2084,0.4065,-0.1283,-0.0047,-0.0668,-0.4454,0.1392,1.0
GSM4957400,F2,GSE162694,-0.4351,0.0507,-0.1966,-0.1015,-0.5022,-0.0143,-0.3495,0.4515,7.0
GSM4957401,F0,GSE162694,2.5029,-0.329,1.1987,0.7615,0.598,0.67,0.0888,0.8772,3.0
GSM4957402,Normal,GSE162694,-0.8468,-0.0482,-0.2771,-0.6327,-0.2979,-0.1144,-0.1727,-0.2236,0.0
GSM4957403,F3,GSE162694,0.1546,-0.3796,0.9399,-0.5742,1.5865,0.7433,1.0545,0.9791,5.0
GSM4957404,Normal,GSE162694,-2.1843,0.2772,-0.7134,-0.6769,-0.7528,-0.7603,-1.1127,-0.9322,0.0
GSM4957405,F0,GSE162694,-1.1998,0.1028,-0.581,-0.2499,-0.5243,-0.3649,-0.8809,-0.6961,1.0
GSM4957406,Normal,GSE162694,-2.2152,-0.1775,-0.725,-0.866,-0.6255,-0.9689,-0.9062,-0.7502,0.0
GSM4957407,F3,GSE162694,0.8424,-0.3316,0.4914,0.2229,0.0006,-0.0002,-0.0951,0.299,6.0
GSM4957408,F0,GSE162694,-2.0511,-0.043,-1.3984,0.1812,0.6956,-0.5899,-1.0102,-1.0332,2.0
GSM4957409,Normal,GSE162694,-2.6131,0.653,-0.6703,-1.2053,-0.8684,-0.0755,-0.2659,-0.5294,0.0
GSM4957410,F0,GSE162694,-1.1362,0.1936,-0.5237,-0.1133,0.5546,-0.2135,0.361,-0.7142,2.0
GSM4957411,F1,GSE162694,-2.0097,0.2943,-0.957,-0.4733,-0.0697,-0.3091,0.055,-0.5949,2.0
GSM4957412,F1,GSE162694,-2.0994,0.376,-1.0931,-0.1045,-0.3317,-0.5797,-0.3146,-1.2142,2.0
GSM4957413,Normal,GSE162694,-2.4128,0.8609,-0.8461,-0.6324,-0.9066,-0.4461,-0.5789,-0.6663,0.0
GSM4957414,F0,GSE162694,-1.6883,0.1352,-0.3946,-0.895,-0.4601,-0.2704,-0.4363,-0.5212,3.0
GSM4957415,F2,GSE162694,-0.4256,-0.0825,-0.2412,-0.0795,0.1491,-0.4349,0.0793,-0.1007,1.0
GSM4957416,F0,GSE162694,-0.7274,0.1206,-0.1449,-0.2819,-0.414,-0.0504,-0.9342,0.0992,1.0
GSM4957417,F1,GSE162694,-0.8014,0.1555,-0.1954,-0.4654,-0.2115,0.0845,-0.1342,-0.2463,1.0
GSM4957418,Normal,GSE162694,-1.2649,0.4372,-0.4679,-0.2301,-0.5483,-0.4006,-0.5888,-0.4277,0.0
GSM4957419,F1,GSE162694,-2.0764,0.1316,-1.0043,-0.5208,-0.1931,-0.478,-0.1873,-0.7796,4.0
GSM4957420,F1,GSE162694,-0.0792,0.1414,-0.3826,0.429,0.1297,0.2749,0.1447,-0.3883,4.0
GSM4957421,Normal,GSE162694,-1.383,0.44,-0.5857,-0.2028,-0.3737,-0.2806,0.0027,-0.5088,0.0
GSM4957422,F0,GSE162694,-0.5384,0.1699,-0.3819,0.0152,-0.2221,-0.1774,-0.2179,-0.33,3.0
GSM4957423,Normal,GSE162694,-2.1001,0.523,-1.0479,-0.4207,-0.9173,-0.3214,-1.1307,-0.8855,0.0
GSM4957424,F1,GSE162694,-0.1195,0.0921,-0.2438,-0.087,0.0263,-0.2704,0.6701,-0.2082,6.0
GSM4957425,Normal,GSE162694,-0.6024,0.367,-0.1785,-0.0422,-0.094,0.1356,-0.7066,-0.3119,0.0
GSM4957426,F1,GSE162694,1.084,0.0383,0.4236,0.3305,0.3114,0.8445,0.515,0.2165,5.0
GSM4957427,Normal,GSE162694,-1.318,0.2864,-0.5816,-0.2241,-0.4474,-0.2221,-0.121,-0.6501,0.0
GSM4957428,F0,GSE162694,0.1943,-0.16,0.1345,0.1535,0.0727,0.0216,-0.3809,-0.261,5.0
GSM4957429,Normal,GSE162694,-1.8716,0.2081,-1.0617,-0.3739,-0.7048,-0.5716,-0.0868,-0.8878,0.0
GSM4957430,Normal,GSE162694,-1.6073,0.3515,-0.6408,-0.515,-0.7382,-0.5673,-0.7778,-0.7285,0.0
GSM4957431,F1,GSE162694,-1.8646,0.4412,-0.6565,-0.5832,-0.2055,-0.3144,-0.375,-0.8238,1.0
GSM4957432,F2,GSE162694,-1.5399,0.4727,-0.3066,-0.7815,-0.2566,-0.1021,-0.1447,-0.4766,3.0
GSM4957433,F2,GSE162694,0.7108,-0.1405,0.269,0.1818,-0.0518,0.136,0.9719,0.5407,4.0
GSM4957434,Normal,GSE162694,-1.3728,0.6525,-0.3918,-0.4479,0.0099,-0.1063,0.6175,-0.2895,0.0
GSM4957435,Normal,GSE162694,-1.9362,0.3156,-0.4827,-0.8105,-0.7144,-0.5569,-1.1872,-0.4695,0.0
GSM4957436,F0,GSE162694,-1.8566,0.2645,-0.3187,-1.1467,-0.6259,-0.1586,-0.1112,-0.4774,2.0
GSM4957437,Normal,GSE162694,-2.8444,0.6409,-1.0824,-0.6212,-1.0848,-0.3749,-0.8878,-1.041,0.0
GSM4957438,Normal,GSE162694,-2.4598,0.2934,-1.1584,-0.6417,-0.608,-0.3621,-0.5218,-1.2535,0.0
GSM4957439,Normal,GSE162694,-1.8787,0.4582,-0.3453,-0.745,-0.6757,-0.2903,-0.5778,-0.4874,0.0
GSM4957440,Normal,GSE162694,0.6051,-0.0687,0.6658,-0.0904,0.0312,0.8639,-0.2746,0.2494,0.0
GSM4957441,Normal,GSE162694,-1.8017,0.0435,-1.0468,-0.3831,-0.7399,-0.5036,-0.2547,-1.2277,0.0
GSM4957442,F0,GSE162694,-0.6253,0.374,-0.2045,-0.2412,-0.4226,0.1458,-0.7668,-0.1477,1.0
GSM4957443,F1,GSE162694,-0.7619,0.0905,-0.3208,-0.3441,-0.1406,0.2636,-0.5475,-0.1333,1.0
GSM4957444,Normal,GSE162694,-1.9447,0.2108,-0.8831,-0.5426,-0.3715,-0.4665,-0.342,-1.1684,0.0
GSM4957445,F2,GSE162694,1.0727,-0.7177,0.4291,-0.243,0.6161,1.0169,0.5115,0.2122,3.0
GSM4957446,F2,GSE162694,-0.6386,0.0817,-0.3165,-0.1889,-0.5593,-0.275,0.1698,-0.5034,5.0
GSM4957447,F1,GSE162694,-0.7249,0.0913,-0.4909,-0.0894,-0.3941,-0.1028,0.2709,-0.5381,5.0
GSM4957448,F2,GSE162694,1.5395,-0.1808,0.1809,0.7105,-0.2174,0.2951,0.2518,0.0847,5.0
GSM4957449,F0,GSE162694,-2.1908,0.2883,-0.628,-0.8321,-0.4868,-0.4562,-0.4534,-0.9083,2.0
GSM4957450,F0,GSE162694,-0.6495,0.1553,-0.2623,-0.3703,-0.0077,-0.0685,0.0847,-0.32,1.0
GSM4957451,F4,GSE162694,0.4325,0.0849,0.0773,0.3511,0.0966,0.4598,0.5749,0.1327,4.0
GSM4957452,F0,GSE162694,-0.6325,0.5186,0.1084,-0.2432,-0.1383,-0.0751,-0.3795,0.112,2.0
GSM4957453,Normal,GSE162694,-3.7616,0.5144,-0.9563,-1.4151,-0.8937,-0.723,-1.1844,-1.036,0.0
GSM4957454,F1,GSE162694,0.765,-0.2941,-0.1872,0.5035,-0.0844,-0.2949,-0.598,-0.2222,6.0
GSM4957455,F1,GSE162694,-0.9575,-0.2302,-0.2792,-0.6214,0.0608,-0.2784,-0.2785,-0.059,1.0
GSM4957456,Normal,GSE162694,0.4147,-0.221,0.3982,0.0662,-0.1556,0.1838,-0.5857,0.1152,0.0
GSM4957457,F2,GSE162694,-1.794,-0.0601,-0.2532,-0.8643,-0.5553,-0.6005,-0.7686,-0.4264,6.0
GSM4957458,F3,GSE162694,-0.3675,-0.4494,0.0155,-0.5628,-0.3558,-0.2079,-0.2257,-0.2746,4.0
GSM4957459,F0,GSE162694,-2.0797,0.2226,-0.8073,-0.8555,-0.8832,-0.7288,0.3155,-0.8096,1.0
GSM4957460,F2,GSE162694,-0.6307,-0.1003,-0.4613,-0.0412,-0.0235,-0.3758,-0.8441,-0.2711,6.0
GSM4957461,F0,GSE162694,1.3512,-0.1917,0.2016,0.6705,0.0928,0.6118,-0.1267,0.2382,5.0
GSM4957462,F1,GSE162694,-1.5078,0.1364,-0.4315,-0.7403,-0.3009,-0.673,-0.5289,-0.6158,5.0
GSM4957463,Normal,GSE162694,-1.6408,0.4076,-0.5959,-0.0483,-1.2248,-0.1209,-1.622,-0.4999,0.0
