tf,n_targets,t_stage,t_stage_comp_adjusted,q,q_adj_comp
RXRA,12,-8.4196,-2.196,0.0,0.0822
BCL6,45,-7.5455,1.5401,0.0,0.2437
NFKB2,15,-7.4862,0.2835,0.0,0.838
NR2C2,85,-6.8783,-0.7493,0.0,0.5608
HNF4A,76,-6.8106,1.2579,0.0,0.3421
BHLHE40,55,-6.1024,-0.2777,0.0,0.8391
SP2,21,-6.026,-3.8749,0.0,0.0013
FOXA1,21,-5.8824,0.8171,0.0,0.5307
ZFX,54,-5.6626,-1.8285,0.0,0.1547
NR2F2,11,-5.4521,-1.079,0.0,0.4111
HNF1A,23,-5.281,2.5634,0.0,0.0409
ATF3,49,-5.2551,-1.3763,0.0,0.3098
EHF,15,-4.8502,-3.658,0.0,0.0025
FOXO1,36,-4.7121,-0.3064,0.0,0.83
ATF7,27,-4.574,-2.4713,0.0,0.0492
CTCF,87,-4.3205,-2.4907,0.0001,0.0482
ZEB1,13,-4.2102,3.7024,0.0001,0.0023
FOXO4,13,-4.0957,-0.2596,0.0001,0.8504
ZNF384,65,-3.8506,-3.0633,0.0003,0.0125
BHLHE22,19,-3.8394,5.0119,0.0003,0.0
YY1,67,-3.5109,-2.146,0.0011,0.0901
SNAI2,61,-3.1962,0.5357,0.0031,0.6902
FOXJ2,31,-3.1927,-0.7711,0.0031,0.5503
ZBTB33,12,-3.0165,0.0059,0.0053,0.9953
HNF1B,33,-2.9055,-2.255,0.0074,0.0761
NANOG,39,-2.8246,-2.4694,0.0092,0.0492
FOXO3,36,-2.8136,0.4458,0.0095,0.7365
ETV1,28,-2.5067,-2.9545,0.0223,0.0164
NR1H3,12,-2.4193,-0.8915,0.0278,0.5037
NCOA1,20,-2.3753,-1.0418,0.0311,0.4281
GABPA,54,-2.3203,-0.6225,0.0354,0.6391
KLF13,31,-2.2564,1.5713,0.041,0.2328
ZEB2,51,-2.2387,1.5535,0.0426,0.2392
GATA2,30,-2.2212,-0.4531,0.0442,0.7339
ZNF263,255,-2.2115,1.3137,0.0445,0.3189
DUX4,33,-2.2108,-0.1517,0.0445,0.9068
HSF1,11,-2.1442,-0.6476,0.0516,0.6267
ARID2,30,-2.1134,0.1766,0.0539,0.8925
NRF1,74,-2.0688,-0.8573,0.0597,0.5202
SOX13,41,-1.9969,-2.0422,0.0704,0.1063
TAL1,17,-1.9249,-3.302,0.0807,0.0071
SMAD5,11,-1.8891,0.1916,0.086,0.8839
TFAP2C,12,-1.7692,1.1419,0.1095,0.3851
ZNF24,15,-1.7118,0.2979,0.123,0.8318
E2F6,64,-1.6567,1.676,0.1357,0.1978
PPARA,29,-1.6496,4.2462,0.1364,0.0005
NCOA2,18,-1.6459,-1.4119,0.1364,0.297
NCOA3,22,-1.6207,-0.8479,0.1421,0.5244
HNF4G,54,-1.5268,-1.5083,0.1694,0.2542
ZBTB11,22,-1.5167,0.8775,0.1718,0.5111
ZBTB7A,85,-1.3024,1.3133,0.2489,0.3189
HOXB13,39,-1.2835,-0.9902,0.2547,0.4505
XBP1,15,-1.139,-2.25,0.3169,0.0761
CLOCK,47,-1.0488,-3.0482,0.3588,0.0129
POU4F2,24,-0.9451,-1.0224,0.4116,0.4386
SIX5,24,-0.9405,-1.5322,0.4116,0.2455
TFAP4,38,-0.939,-2.5358,0.4116,0.0433
NFE2L1,28,-0.8865,-1.3398,0.4401,0.3189
SP4,56,-0.8863,-2.9226,0.4401,0.0174
MYOD1,42,-0.8817,-3.9525,0.4409,0.0011
ZNF592,14,-0.8581,-2.6656,0.4516,0.0318
MEIS2,55,-0.8042,-2.3008,0.4813,0.0703
ATF6,10,-0.7676,0.704,0.4976,0.5892
GFI1B,26,-0.6982,-2.7672,0.5425,0.0243
CEBPG,42,-0.6557,-1.3728,0.5701,0.3098
HOXA9,20,-0.5193,-1.2909,0.6599,0.3273
PKNOX1,34,-0.4749,-4.1026,0.685,0.0006
MBD2,17,-0.4329,-2.1208,0.7109,0.0932
MAFB,47,-0.3568,-1.3256,0.7615,0.3189
MAFF,40,-0.33,-1.9431,0.7761,0.1276
BCL11A,31,-0.2403,-4.5322,0.8438,0.0002
PDX1,44,-0.2366,-1.3848,0.8438,0.3076
ARNT,57,-0.2263,-1.2415,0.8485,0.3473
NR4A1,37,-0.2009,-3.1557,0.8628,0.0101
ONECUT1,42,-0.1997,0.4103,0.8628,0.7586
MNT,54,-0.1239,1.819,0.9125,0.1564
NR2F6,31,-0.118,0.5871,0.9135,0.6557
ZNF143,47,-0.0172,-3.2191,0.9863,0.0088
MXI1,75,0.0282,1.6971,0.9815,0.1959
PBX3,52,0.1292,-3.1141,0.9121,0.0113
NR1H2,13,0.1696,-0.4257,0.8833,0.7494
MAFK,48,0.3466,-2.4874,0.7663,0.0482
SNAPC4,27,0.3908,-0.5123,0.7379,0.7058
ZNF740,35,0.4295,-1.8664,0.7109,0.1447
EOMES,17,0.4328,-3.2337,0.7109,0.0086
AR,121,0.5115,-0.1301,0.66,0.9189
CUX1,38,0.5144,-2.304,0.66,0.0703
POU5F1,61,0.5272,-2.9849,0.6568,0.0151
FOXP1,154,0.6253,1.6873,0.5868,0.1978
MEF2B,33,0.6387,-2.4269,0.5797,0.0537
NFE2,47,0.7795,-2.9899,0.4919,0.0151
GLI2,15,0.7911,-2.1131,0.4864,0.0932
OTX2,17,0.8023,-0.8989,0.4813,0.5011
IRF2,73,0.8062,0.0646,0.4813,0.9602
SOX11,22,0.8715,-1.0906,0.4452,0.4084
IRF4,64,0.9616,-3.4919,0.4038,0.0041
MBD1,44,0.9681,1.367,0.4019,0.3107
MEF2A,99,0.9835,-1.1578,0.3946,0.3775
PRDM1,39,1.0564,-0.0795,0.3563,0.9521
MYC,333,1.1036,1.4008,0.3323,0.3009
ELF5,19,1.1111,2.0459,0.33,0.1063
TP63,11,1.1653,-0.7822,0.3051,0.5476
THAP1,51,1.2127,-1.1846,0.2833,0.3726
MITF,28,1.2644,-1.233,0.2606,0.3501
ZNF274,18,1.2708,-0.4677,0.259,0.7254
HHEX,11,1.2888,2.0047,0.2536,0.1151
TCF12,75,1.346,-1.9366,0.2315,0.1277
FOXK2,51,1.3517,-0.212,0.2304,0.8747
ASCL1,42,1.4366,-1.828,0.1981,0.1547
STAT2,38,1.5077,0.0889,0.1739,0.9484
TGIF2,18,1.5855,1.3247,0.1517,0.3189
ZBED1,21,1.6353,-0.4756,0.1387,0.7224
SIX2,30,1.6459,-2.5615,0.1364,0.0409
ARID3A,23,1.6638,-2.1099,0.1345,0.0932
PAX5,49,1.7002,-2.4175,0.1253,0.0543
MEIS1,49,1.8581,-1.6227,0.0906,0.2134
KLF3,12,1.8597,-0.4933,0.0906,0.718
KDM5B,18,1.8789,-2.2795,0.0875,0.0728
PROX1,22,1.8903,-5.8379,0.086,0.0
HINFP,16,1.9044,-2.1166,0.0841,0.0932
TEAD1,119,1.9527,-0.7738,0.0762,0.5503
MAZ,69,1.9537,-1.0103,0.0762,0.4442
SOX6,29,1.9804,-1.93,0.0723,0.1277
NEUROD1,27,1.9946,-1.3246,0.0704,0.3189
FOXP2,34,2.1294,3.6862,0.0522,0.0024
HMBOX1,27,2.1318,1.2012,0.0522,0.3647
GATA3,58,2.1319,-0.8412,0.0522,0.5265
NR2F1,55,2.1352,-1.5062,0.0522,0.2542
SREBF1,23,2.1518,2.2773,0.051,0.0728
IRF3,67,2.174,0.0498,0.0485,0.9681
PPARG,35,2.2112,0.9915,0.0445,0.4505
SREBF2,16,2.2925,3.4727,0.0376,0.0043
IRF1,23,2.3068,-1.9319,0.0365,0.1277
TFAP2A,49,2.3303,1.1246,0.0348,0.3937
VDR,14,2.434,-1.7722,0.0269,0.1685
BATF,47,2.4946,-2.6999,0.0229,0.0292
KLF1,47,2.5377,-1.8982,0.0206,0.136
PRDM14,148,2.5442,-2.3893,0.0204,0.0578
CTCFL,39,2.5664,-1.0636,0.0193,0.4162
TCF3,13,2.73,-1.2214,0.0121,0.3548
EPAS1,10,2.8387,0.1497,0.0089,0.9068
ZNF217,11,2.8388,0.3097,0.0089,0.83
RFX1,36,2.8399,-1.4487,0.0089,0.2794
ZNF639,29,2.8634,-0.2247,0.0084,0.868
GATA6,50,3.0339,-1.7867,0.005,0.1648
KLF9,64,3.0383,-1.332,0.005,0.3189
ELF1,50,3.0694,-0.606,0.0045,0.6439
CREM,51,3.0711,-0.204,0.0045,0.8775
MAFG,35,3.2746,-2.1699,0.0024,0.0858
CEBPA,126,3.3046,3.57,0.0021,0.0033
PBX2,45,3.3126,-2.8182,0.0021,0.0226
ESRRA,62,3.419,-0.5448,0.0015,0.6862
NFATC1,30,3.4335,-0.8331,0.0014,0.5296
IRF9,12,3.4745,0.0152,0.0012,0.9919
ZKSCAN1,41,3.4826,-0.8165,0.0012,0.5307
JUNB,47,3.497,-2.2053,0.0011,0.0813
TCF7,56,3.5069,-0.9336,0.0011,0.4817
CDX2,10,3.5108,0.9249,0.0011,0.4852
HBP1,39,3.5587,0.9562,0.0009,0.4711
KLF5,72,3.6177,-0.4764,0.0008,0.7224
NFIC,23,3.619,1.2538,0.0008,0.3423
TP73,38,3.8384,-3.0641,0.0003,0.0125
TEAD2,29,3.8523,-1.985,0.0003,0.1181
SPIB,52,3.8609,-3.5462,0.0003,0.0035
TCF4,57,3.9293,-0.8175,0.0002,0.5307
AHR,42,3.9834,-0.2442,0.0002,0.8594
EBF1,68,4.0153,-3.7276,0.0002,0.0022
RFX2,17,4.11,0.7859,0.0001,0.5476
ELK1,26,4.1109,-0.7542,0.0001,0.56
NFYB,72,4.2096,0.3911,0.0001,0.7708
MAF,34,4.2532,-1.9995,0.0001,0.1153
NFE2L2,11,4.3096,2.1917,0.0001,0.0822
CREB1,47,4.3547,1.2759,0.0,0.3338
IKZF1,40,4.3701,-2.8964,0.0,0.0185
STAT5A,14,4.4206,2.5971,0.0,0.0382
MEF2C,65,4.4515,-1.3452,0.0,0.3189
ELF3,47,4.5008,-1.6356,0.0,0.2113
CREB3,25,4.5182,1.1106,0.0,0.4002
LYL1,82,4.5846,-2.8565,0.0,0.0206
E2F4,212,4.6102,2.7974,0.0,0.0226
MAX,51,4.721,-0.6117,0.0,0.6425
MYBL2,24,4.723,1.3171,0.0,0.3189
TBX21,71,4.7247,-3.9395,0.0,0.0011
TEAD4,70,4.7557,-1.1628,0.0,0.3771
TBP,39,5.1198,1.1657,0.0,0.3771
USF2,33,5.1817,0.8241,0.0,0.5307
TFDP1,10,5.3469,2.2286,0.0,0.0794
ELK4,14,5.3567,1.1703,0.0,0.3771
STAT1,257,5.4265,0.4852,0.0,0.7212
RUNX1,18,5.5811,-2.8014,0.0,0.0226
BACH2,46,5.6316,-1.7866,0.0,0.1648
THAP11,112,5.7269,0.641,0.0,0.6288
NR5A2,29,5.8497,1.2912,0.0,0.3273
USF1,51,5.8743,0.8713,0.0,0.5128
JUND,11,5.8971,1.631,0.0,0.2116
RUNX3,10,5.9118,-1.6172,0.0,0.214
RFX5,14,6.1987,-0.2289,0.0,0.868
LEF1,17,6.2267,0.7917,0.0,0.5462
CEBPB,29,6.3771,4.15,0.0,0.0006
SMAD1,15,6.4906,0.7362,0.0,0.5678
SPI1,85,6.5363,-0.9898,0.0,0.4505
RUNX2,61,6.6212,-0.2954,0.0,0.8318
ESR2,13,6.7021,1.0751,0.0,0.4111
ESR1,119,6.7425,1.6621,0.0,0.2018
SP1,245,6.7949,2.3003,0.0,0.0703
E2F1,275,6.9412,1.0772,0.0,0.4111
SP3,51,7.003,3.2051,0.0,0.009
HIF1A,122,7.0821,1.683,0.0,0.1978
NFYA,10,7.1573,2.4457,0.0,0.0517
RBPJ,55,7.3712,0.3719,0.0,0.7831
ERG,10,7.5979,2.9334,0.0,0.0171
KLF6,47,7.7672,0.6729,0.0,0.6101
GRHL2,64,7.8243,-0.9424,0.0,0.4782
STAT5B,10,7.899,4.2214,0.0,0.0005
CREB3L1,20,8.0204,2.0694,0.0,0.1017
FOXL2,14,8.0429,3.6447,0.0,0.0026
E2F5,12,8.1804,5.0172,0.0,0.0
BACH1,27,8.2892,2.2152,0.0,0.0805
SOX10,12,8.9478,1.4533,0.0,0.2791
TCF7L2,14,8.9966,2.8138,0.0,0.0226
ATF4,13,9.0084,5.1161,0.0,0.0
EGR1,97,9.0718,2.1124,0.0,0.0932
MYCN,13,9.1255,1.9717,0.0,0.1206
ETS2,20,9.3486,3.1846,0.0,0.0094
MYB,17,9.3628,0.6199,0.0,0.6391
STAT3,57,9.7543,4.1734,0.0,0.0006
RELB,12,9.7931,-1.1623,0.0,0.3771
E2F7,27,10.0209,1.3338,0.0,0.3189
ATF2,19,10.0249,5.2834,0.0,0.0
ETS1,112,10.1619,3.0962,0.0,0.0117
ETV4,11,10.3086,1.1064,0.0,0.4005
RARA,27,10.3596,3.7533,0.0,0.0021
TWIST1,14,10.5267,3.3476,0.0,0.0065
CEBPD,12,11.0316,4.038,0.0,0.0008
JUN,82,11.3998,3.3108,0.0,0.0071
FOS,67,11.7707,2.8061,0.0,0.0226
REL,14,11.8534,3.2979,0.0,0.0071
SMAD4,22,11.8763,5.244,0.0,0.0
TP53,208,11.9527,5.5047,0.0,0.0
ATF1,12,12.1292,1.677,0.0,0.1978
WT1,23,12.2711,2.2141,0.0,0.0805
KLF4,10,12.6767,5.7109,0.0,0.0
FOXM1,30,12.686,4.1315,0.0,0.0006
SMAD3,27,12.8098,4.8776,0.0,0.0
RELA,109,13.5581,4.1891,0.0,0.0006
POU2F1,22,13.7226,6.6335,0.0,0.0
NFKB1,122,14.2591,5.7,0.0,0.0
