,POU2F1,KLF4,NFKB1,TP53,ATF2,SMAD4,ATF4,SMAD3,PPARA,STAT5B,RELA,STAT3
TNFA_SIGNALING_VIA_NFKB,3,3,30,16,9,6,2,6,4,1,32,10
EPITHELIAL_MESENCHYMAL_TRANSITION,1,1,11,8,2,6,0,8,1,0,8,2
ALLOGRAFT_REJECTION,1,0,21,7,2,1,0,3,0,1,17,7
BILE_ACID_METABOLISM,0,0,1,0,0,0,0,0,1,0,1,0
ANGIOGENESIS,1,1,4,1,0,0,0,3,1,0,2,2
P53_PATHWAY,0,3,4,31,5,4,3,4,0,1,4,5
INFLAMMATORY_RESPONSE,1,1,20,6,1,3,0,5,2,0,18,5
APOPTOSIS,1,3,15,16,8,2,1,4,1,2,13,7
IL6_JAK_STAT3_SIGNALING,0,0,8,5,2,2,0,2,0,1,5,5
APICAL_JUNCTION,1,1,5,3,1,1,0,0,0,0,4,0
HYPOXIA,0,3,7,12,5,5,2,4,1,1,8,6
FATTY_ACID_METABOLISM,0,0,0,0,0,0,0,0,5,0,1,0
