gene_id,gene_name,t_bulk_stage,t_bulk_comp_adjusted,padj_bulk,t_sc_Hepatocito,t_sc_Mesenquima_HSC,t_sc_Colangiocito,t_sc_Fagocito_mononuclear,t_sc_Endotelio,t_sc_T_NK,t_sc_B,t_sc_Plasma,t_sc_pDC,coupled_neighbour,in_DE_neighbourhood,druggable_class,cell_type_up_sc,t_sc_max,score,target_class,drug_landscape,development_stage,evidence_category,target_or_role_reviewed,evidence_note_reviewed,t_trend_comp_adj,t_step_F4_comp_adj,q_adj_step,switch_gene,lineage,timing
ENSG00000137331,IER3,10.774,3.972,0.0,1.796,1.055,-0.093,4.233,4.361,0.524,-0.144,3.74,0.416,"FLOT1,DDR1",True,membrane_receptor,"Fagocito_mononuclear,Endotelio",4.361,2.942,IER3,not druggable,none,No established modulator,IER3,No established direct modulator identified in this review.,1.5535,5.7669,0.0,True,Endotelio,switch at F4
ENSG00000087245,MMP2,11.902,2.866,0.0,,0.804,,4.48,2.538,,,,0.41,LPCAT2,True,secreted_ligand,"Fagocito_mononuclear,Endotelio",4.48,2.847,MMP2,broad MMP inhibitors failed in oncology; no fibrosis programme,tool compounds,Experimental,MMP2,Broad MMP inhibitors have been studied in oncology; this does not establish selective MMP2 efficacy in liver fibrosis.,2.7322,-0.2455,0.9334,False,Fagocito_mononuclear,"early, linear"
ENSG00000086289,EPDR1,7.593,4.212,0.0,0.455,-0.363,,,2.052,,,,,STARD3NL,True,membrane_receptor,Endotelio,2.052,2.678,,,not curated,Not curated,Not assessed,Pharmacological evidence not curated.,3.9599,-0.2164,0.9419,False,Endotelio,"early, linear"
ENSG00000131981,LGALS3,12.851,2.86,0.0,1.363,0.757,1.645,1.083,2.895,0.518,-0.393,0.845,0.025,MAPK1IP1L,True,secreted_ligand,Endotelio,2.895,2.648,galectin-3,belapectin (GR-MD-02): phase 2b NASH cirrhosis negative on fibrosis (NCT02462967); phase 3 NAVIGATE (NCT04365868) reported 2025,"clinical, liver",Clinical liver study,Galectin-3,Belapectin: earlier cirrhosis trial did not improve fibrosis; NAVIGATE phase 2b studied variceal prevention and did not meet full-analysis primary comparisons.,2.9551,-0.8263,0.7357,False,Endotelio,"early, linear"
ENSG00000186340,THBS2,16.289,7.45,0.0,,2.057,,,,,,,,SMOC2,False,secreted_ligand,Mesenquima_HSC,2.057,2.502,THBS2,serum biomarker of advanced fibrosis; no modulator,biomarker,Biomarker candidate,Thrombospondin-2,Reported serum biomarker of disease severity; no established direct modulator identified.,6.5187,0.877,0.7153,False,Mesenquima_HSC,"early, linear"
ENSG00000163453,IGFBP7,13.131,5.111,0.0,-0.127,1.217,-0.761,0.529,2.369,0.479,0.084,0.758,0.03,POLR2B,False,secreted_ligand,Endotelio,2.369,2.307,IGFBP7,antibody preclinical (senescence/cardiometabolic); CKD biomarker,preclinical,Experimental,IGFBP7,Experimental target; renal biomarker use does not establish a liver-directed treatment.,3.731,2.5917,0.1024,False,Endotelio,"early, linear"
ENSG00000122861,PLAU,12.886,4.555,0.0,,0.311,,2.01,1.895,,,,,VCL,False,secreted_ligand,Fagocito_mononuclear,2.01,2.207,uPA,amiloride/UK-371804 inhibit uPA; anti-uPAR antibodies preclinical,tool compounds,Experimental,uPA,Experimental uPA inhibitors; agents targeting uPAR act on a different protein.,3.5431,1.7017,0.3653,False,Fagocito_mononuclear,"early, linear"
ENSG00000154065,ANKRD29,10.274,6.076,0.0,0.409,-0.07,0.562,0.908,4.585,,,,,"NPC1,LAMA3",True,,Endotelio,4.585,2.181,,,not curated,Not curated,Not assessed,Pharmacological evidence not curated.,6.0049,-1.0463,0.6454,False,Endotelio,"early, linear"
ENSG00000118523,CCN2,8.86,3.044,0.0,0.388,-0.461,-0.576,0.226,2.966,,0.286,0.484,0.266,MOXD1,False,secreted_ligand,Endotelio,2.966,2.175,CTGF,pamrevlumab (FG-3019): IPF phase 3; liver fibrosis phase 2 paused,"clinical, other fibrosis",Clinical other disease,CTGF/CCN2,Pamrevlumab: phase 2 pulmonary fibrosis study; phase 3 ZEPHYRUS-1 did not meet its primary endpoint. Liver efficacy is unestablished.,0.9314,5.0176,0.0002,True,Endotelio,switch at F4
ENSG00000161649,CD300LG,5.344,1.516,0.0,,,,,3.65,,,,,MPP3,False,membrane_receptor,Endotelio,3.65,2.108,,,not curated,Not curated,Not assessed,Pharmacological evidence not curated.,0.9185,1.2291,0.5623,False,Endotelio,other
ENSG00000104689,TNFRSF10A,5.149,1.814,0.0,,,2.211,0.827,3.271,0.675,1.03,,,,True,membrane_receptor,"Colangiocito,Endotelio",3.271,2.09,TRAIL-R1,agonist antibodies (mapatumumab) oncology,"clinical, other",Clinical other disease,TRAIL-R1,Mapatumumab has been studied in oncology; no antifibrotic efficacy established here.,1.3122,0.9216,0.6972,False,Endotelio,other
ENSG00000136859,ANGPTL2,7.958,1.675,0.0,,0.778,,,3.303,,,,,RALGPS1,False,secreted_ligand,Endotelio,3.303,2.08,ANGPTL2,no modulator; ANGPTL3 antibodies approved (evinacumab),none,No established modulator,ANGPTL2,No established direct modulator identified. ANGPTL3 antibodies do not target ANGPTL2.,1.9967,-1.1639,0.5911,False,Endotelio,other
ENSG00000185088,RPS27L,9.059,7.213,0.0,2.872,2.618,1.832,0.638,1.887,1.967,1.17,2.574,1.828,RAB8B,True,,Mesenquima_HSC,2.618,2.049,,,not curated,Not curated,Not assessed,Pharmacological evidence not curated.,6.0494,1.5575,0.4239,False,Mesenquima_HSC,"early, linear"
ENSG00000008517,IL32,13.631,6.661,0.0,2.652,-0.991,2.622,-0.104,-0.791,-0.476,-1.426,-0.759,-1.039,,False,secreted_ligand,Colangiocito,2.622,1.994,IL-32,no modulator; cytokine linked to MASLD,none,No established modulator,IL-32,No established direct modulator identified in this review.,7.2348,-2.705,0.0847,False,Colangiocito,"early, linear"
ENSG00000118680,MYL12B,8.481,5.286,0.0,2.04,3.716,1.886,1.119,2.153,2.678,0.046,-0.486,1.312,TGIF1,True,,"Mesenquima_HSC,Endotelio",3.716,1.993,,,not curated,Not curated,Not assessed,Pharmacological evidence not curated.,3.7264,3.0611,0.0429,True,Mesenquima_HSC,switch at F4
ENSG00000163191,S100A11,11.517,4.009,0.0,-0.614,2.598,1.646,4.732,2.174,3.162,-0.064,1.576,2.529,,False,secreted_ligand,"Mesenquima_HSC,Fagocito_mononuclear,Endotelio",4.732,1.992,S100A11,no modulator,none,No established modulator,S100A11,No established direct modulator identified in this review.,2.7798,2.3987,0.1438,False,Fagocito_mononuclear,"early, linear"
ENSG00000156535,CD109,6.807,1.511,0.0,,,,0.5,2.436,,,,,COL12A1,False,membrane_receptor,Endotelio,2.436,1.956,,,not curated,Not curated,Not assessed,Pharmacological evidence not curated.,1.7249,-0.8578,0.7231,False,Endotelio,other
ENSG00000148180,GSN,12.734,5.677,0.0,1.243,-0.614,0.57,0.903,2.658,-0.096,-0.361,-0.381,-0.244,STOM,True,,Endotelio,2.658,1.9,gelsolin,recombinant plasma gelsolin clinical (sepsis),"clinical, other",Other indications,Gelsolin,Recombinant plasma gelsolin has been investigated outside liver fibrosis; efficacy for this indication is unestablished.,4.7788,1.1629,0.5916,False,Endotelio,"early, linear"
ENSG00000164687,FABP5,9.5,3.213,0.0,-1.656,1.112,-0.547,-0.266,4.58,0.754,1.785,2.424,1.718,PAG1,True,,Endotelio,4.58,1.894,FABP5,FABP4/5 inhibitors preclinical,preclinical,Experimental,FABP5,Experimental FABP inhibitors; selectivity and efficacy require validation.,4.3721,-3.5242,0.0146,False,Endotelio,"early, linear"
ENSG00000102265,TIMP1,12.225,5.331,0.0,1.856,2.322,0.332,-0.563,-1.566,0.108,-0.112,0.509,-0.187,,False,secreted_ligand,Mesenquima_HSC,2.322,1.823,TIMP1,no direct modulator; ELF-score biomarker,biomarker,Biomarker component,TIMP1,Component of the ELF biomarker panel; biomarker use does not establish a therapeutic target.,3.2377,4.5997,0.0007,True,Mesenquima_HSC,switch at F4
ENSG00000142871,CCN1,10.783,5.35,0.0,0.439,0.038,0.014,0.721,2.222,-0.28,0.011,0.066,0.763,,False,secreted_ligand,Endotelio,2.222,1.813,,,not curated,Not curated,Not assessed,Pharmacological evidence not curated.,2.8333,5.8824,0.0,True,Endotelio,switch at F4
ENSG00000095970,TREM2,10.951,4.616,0.0,,,,2.79,,,,,,,False,membrane_receptor,Fagocito_mononuclear,2.79,1.81,TREM2,agonist antibodies in development (neurodegeneration); scar-associated macrophage marker; no liver trial,preclinical,Other indications,TREM2,Agonist antibodies have been studied in neurodegeneration; direction and benefit of modulation in MASLD require testing.,6.2517,-4.8459,0.0003,False,Fagocito_mononuclear,"early, linear"
ENSG00000136003,ISCU,4.747,4.851,0.0,0.803,0.832,1.896,0.669,2.564,1.457,1.515,2.022,0.723,TMEM119,True,,Endotelio,2.564,1.806,,,not curated,Not curated,Not assessed,Pharmacological evidence not curated.,3.3593,2.9564,0.0527,False,Endotelio,"early, linear"
ENSG00000103490,PYCARD,7.887,3.108,0.0,-0.427,-0.721,0.656,3.835,-0.459,2.306,0.317,1.827,4.322,ITGAM,True,,Fagocito_mononuclear,3.835,1.79,ASC/inflammasome,"NLRP3 inhibitors (MCC950 class, dapansutrile, DFV890) in clinical development incl. MASH","clinical, inflammasome",Indirect pathway evidence,ASC adaptor,"NLRP3 inhibitors target an upstream sensor, not PYCARD directly; pathway development does not establish PYCARD-directed efficacy.",2.4728,1.0023,0.6648,False,Fagocito_mononuclear,"early, linear"
ENSG00000204397,CARD16,9.295,3.151,0.0,-0.889,-0.238,0.205,3.586,0.555,3.457,-0.04,0.052,0.672,CASP1,True,,Fagocito_mononuclear,3.586,1.763,caspase-1 axis,"VX-765 (belnacasan) caspase-1 inhibitor, clinical history","clinical, other",Indirect pathway evidence,Caspase-1 pathway,VX-765 targets caspase-1 rather than CARD16 directly.,3.1625,-0.6721,0.7928,False,Fagocito_mononuclear,"early, linear"
ENSG00000108821,COL1A1,11.095,3.916,0.0,,2.915,,,,,,,,"SGCA,TMEM92",True,,Mesenquima_HSC,2.915,1.756,collagen I,HSP47 siRNA BMS-986263 (NCT06646276),"clinical, liver",,,,4.9262,-3.281,0.0259,False,Mesenquima_HSC,"early, linear"
ENSG00000197747,S100A10,9.085,4.615,0.0,-0.125,2.293,0.065,0.916,2.286,0.561,-0.326,-0.817,-0.366,,False,secreted_ligand,"Mesenquima_HSC,Endotelio",2.293,1.748,S100A10/annexin A2,no modulator,none,,,,4.3714,-0.3222,0.9155,False,Mesenquima_HSC,"early, linear"
ENSG00000006625,GGCT,4.241,4.469,0.0,1.61,1.365,1.264,1.166,2.249,0.639,-1.669,-0.795,1.402,"NOD1,GARS1",True,,Endotelio,2.249,1.728,,,not curated,,,,4.0115,0.2583,0.9303,False,Endotelio,"early, linear"
ENSG00000125257,ABCC4,9.336,3.485,0.0,,,0.443,2.992,2.221,,,2.555,,CLDN10,True,,"Fagocito_mononuclear,Endotelio",2.992,1.722,,,not curated,,,,3.7013,-1.256,0.5501,False,Fagocito_mononuclear,"early, linear"
ENSG00000130520,LSM4,4.567,3.38,0.0,0.744,0.372,0.964,2.956,1.545,2.911,1.266,-0.613,1.099,JUND,True,,Fagocito_mononuclear,2.956,1.708,,,not curated,,,,3.2937,-0.4697,0.8658,False,Fagocito_mononuclear,"early, linear"
ENSG00000164294,GPX8,9.574,1.786,0.0,,4.083,,,2.195,,,,,GZMA,True,,"Mesenquima_HSC,Endotelio",4.083,1.689,,,not curated,,,,1.8268,-0.4697,0.8658,False,Mesenquima_HSC,other
ENSG00000132661,NXT1,6.543,3.729,0.0,-0.517,-1.098,0.282,2.487,1.103,0.221,1.213,-0.497,-2.043,CD93,True,,Fagocito_mononuclear,2.487,1.684,,,not curated,,,,2.637,2.0845,0.2276,False,Fagocito_mononuclear,"early, linear"
ENSG00000101608,MYL12A,8.583,3.548,0.0,0.719,0.075,2.48,0.197,2.246,1.731,-0.162,-1.864,1.849,MYOM1,True,,"Colangiocito,Endotelio",2.48,1.665,,,not curated,,,,1.9127,3.6016,0.0121,True,Colangiocito,switch at F4
ENSG00000117461,PIK3R3,8.649,3.967,0.0,,-0.409,,-1.445,2.042,0.135,,0.999,-0.124,,False,membrane_receptor;kinase,Endotelio,2.042,1.652,PI3K regulatory,PI3K inhibitors approved (oncology),"approved, other",,,,3.0527,1.5614,0.4226,False,Endotelio,"early, linear"
ENSG00000120306,CYSTM1,4.269,2.563,0.0,1.159,0.219,0.108,-0.616,3.001,-0.115,-0.108,1.848,-0.042,PFDN1,True,,Endotelio,3.001,1.631,,,not curated,,,,1.1216,3.2541,0.0279,True,Endotelio,switch at F4
ENSG00000011465,DCN,9.662,3.41,0.0,,1.93,-1.46,1.748,2.131,,,,,"LUM,BTG1",True,,Endotelio,2.131,1.607,decorin,recombinant decorin preclinical,preclinical,,,,3.1831,-0.1169,0.9704,False,Endotelio,"early, linear"
ENSG00000161513,FDXR,5.547,2.388,0.0,2.868,2.873,2.065,1.346,0.647,1.136,,0.272,0.993,,False,membrane_receptor,"Mesenquima_HSC,Colangiocito",2.873,1.598,,,not curated,,,,2.3088,-0.2868,0.9233,False,Mesenquima_HSC,"early, linear"
ENSG00000091409,ITGA6,6.631,1.934,0.0,2.149,0.787,0.586,1.633,3.212,1.15,-0.136,1.388,-1.196,,False,membrane_receptor,Endotelio,3.212,1.595,integrin a6,antibodies preclinical,preclinical,,,,1.9788,-0.5105,0.853,False,Endotelio,other
ENSG00000186074,CD300LF,8.637,2.081,0.0,,,,2.997,,,,,,,False,membrane_receptor,Fagocito_mononuclear,2.997,1.583,CD300LF,no modulator,none,,,,2.6257,-1.8069,0.3265,False,Fagocito_mononuclear,"early, linear"
ENSG00000204257,HLA-DMA,8.295,2.922,0.0,-1.148,-0.96,-1.906,2.323,0.612,0.159,2.533,1.7,0.672,HLA-DMB,True,,Fagocito_mononuclear,2.323,1.583,MHC-II,not a target,none,,,,2.5102,0.4595,0.8692,False,Fagocito_mononuclear,"early, linear"
ENSG00000205336,ADGRG1,9.908,2.386,0.0,1.049,-0.567,0.278,,2.664,1.43,-0.087,,0.442,,False,membrane_receptor,Endotelio,2.664,1.572,GPR56,no modulator,none,,,,1.7823,1.0688,0.6364,False,Endotelio,other
ENSG00000129465,RIPK3,9.623,2.537,0.0,,,2.486,0.607,,1.24,-0.567,,-0.416,NFATC4,True,,Colangiocito,2.486,1.564,RIPK3,RIPK3/MLKL inhibitors preclinical; RIPK1 inhibitors clinical,preclinical,,,,2.0497,0.7343,0.7683,False,Colangiocito,"early, linear"
ENSG00000019991,HGF,6.819,1.657,0.0,,1.171,,3.042,,,,,,"SEMA3C,CACNA2D1",True,,Fagocito_mononuclear,3.042,1.546,,,not curated,,,,1.4029,0.3122,0.9173,False,Fagocito_mononuclear,other
ENSG00000072571,HMMR,4.651,2.579,0.0,,,,2.245,,,,1.322,0.784,,False,membrane_receptor,Fagocito_mononuclear,2.245,1.539,,,not curated,,,,3.919,-3.863,0.0064,False,Fagocito_mononuclear,"early, linear"
ENSG00000107551,RASSF4,5.842,2.162,0.0,0.152,-1.163,0.213,2.516,-0.692,-0.739,,0.07,-0.054,CXCL12,True,,Fagocito_mononuclear,2.516,1.531,,,not curated,,,,1.9768,0.0307,0.992,False,Fagocito_mononuclear,other
ENSG00000126264,HCST,7.422,1.821,0.0,-1.882,-2.102,-1.203,2.621,-1.598,1.154,-1.069,-0.788,0.929,"NFKBID,TYROBP",True,,Fagocito_mononuclear,2.621,1.51,,,not curated,,,,1.9015,-0.5792,0.8302,False,Fagocito_mononuclear,other
ENSG00000229474,PATL2,4.592,2.295,0.0,,,,2.204,-0.348,-0.431,2.727,0.623,0.072,B2M,True,,Fagocito_mononuclear,2.204,1.505,,,not curated,,,,1.9362,0.4511,0.8724,False,Fagocito_mononuclear,other
ENSG00000164761,TNFRSF11B,6.419,1.766,0.0,,2.507,-0.12,,,,,,,,False,membrane_receptor,Mesenquima_HSC,2.507,1.49,,,not curated,,,,0.5513,2.7971,0.0716,False,Mesenquima_HSC,other
ENSG00000177721,ANXA2R,6.892,1.95,0.0,-3.015,-1.676,-0.607,0.722,2.267,0.654,-0.089,-1.01,0.495,,False,membrane_receptor,Endotelio,2.267,1.478,,,not curated,,,,1.7253,0.1775,0.9519,False,Endotelio,other
ENSG00000140743,CDR2,4.856,2.166,0.0,2.618,2.05,1.294,-1.128,0.489,-2.141,-1.872,0.985,-0.392,,False,membrane_receptor,Mesenquima_HSC,2.05,1.473,,,not curated,,,,0.8057,3.1096,0.0394,True,Mesenquima_HSC,switch at F4
ENSG00000110799,VWF,10.391,3.799,0.0,,0.955,,1.261,4.607,,,1.836,1.257,CD9,False,,Endotelio,4.607,1.456,,,not curated,,,,2.0514,3.8691,0.0064,True,Endotelio,switch at F4
ENSG00000226479,TMEM185B,8.196,1.953,0.0,-3.15,2.025,1.025,-0.17,1.005,-0.512,2.325,,,RALB,True,,Mesenquima_HSC,2.025,1.448,,,not curated,,,,1.2452,1.4284,0.4758,False,Mesenquima_HSC,other
ENSG00000100997,ABHD12,5.167,1.821,0.0,0.986,-1.38,0.395,2.056,-1.081,0.426,-1.786,3.343,-1.286,"PYGB,GINS1",True,,Fagocito_mononuclear,2.056,1.439,,,not curated,,,,1.1435,1.3755,0.4985,False,Fagocito_mononuclear,other
ENSG00000106952,TNFSF8,6.386,1.554,0.0,,-1.624,,2.264,,0.707,,-0.487,1.533,,False,secreted_ligand,Fagocito_mononuclear,2.264,1.438,,,not curated,,,,0.7335,1.8021,0.3282,False,Fagocito_mononuclear,other
ENSG00000101940,WDR13,5.035,1.578,0.0,2.291,-0.44,0.646,2.235,1.567,0.776,0.884,1.134,-0.753,"RBM3,WAS",True,,Fagocito_mononuclear,2.235,1.437,,,not curated,,,,0.6565,2.0625,0.2335,False,Fagocito_mononuclear,other
ENSG00000135205,CCDC146,9.647,5.362,0.0,,3.07,0.278,-0.821,0.163,0.142,,,0.126,FGL2,False,,Mesenquima_HSC,3.07,1.42,,,not curated,,,,4.8594,0.19,0.9491,False,Mesenquima_HSC,"early, linear"
ENSG00000112578,BYSL,5.76,2.328,0.0,1.037,2.14,5.48,1.731,0.596,1.798,-1.273,-0.889,-0.988,CCND3,False,,"Mesenquima_HSC,Colangiocito",5.48,1.418,,,not curated,,,,1.6968,1.1527,0.5953,False,Colangiocito,other
ENSG00000064601,CTSA,4.954,2.233,0.0,2.984,3.003,5.239,1.984,-0.633,1.364,0.828,0.804,1.238,PLTP,False,,"Mesenquima_HSC,Colangiocito",5.239,1.378,,,not curated,,,,1.0498,2.6234,0.0966,False,Colangiocito,other
ENSG00000163584,RPL22L1,4.392,2.719,0.0,3.767,1.345,4.688,1.793,1.77,1.7,1.175,2.412,0.664,"CLDN11,EIF5A2",False,,Colangiocito,4.688,1.358,,,not curated,,,,2.3907,0.2859,0.9234,False,Colangiocito,"early, linear"
ENSG00000119650,IFT43,4.448,2.942,0.0,2.511,1.235,0.992,4.115,2.857,1.255,0.601,-0.408,-0.09,TGFB3,False,,"Fagocito_mononuclear,Endotelio",4.115,1.309,,,not curated,,,,1.7735,2.448,0.1315,False,Fagocito_mononuclear,other
ENSG00000171621,SPSB1,10.768,5.117,0.0,0.018,2.021,0.195,,1.022,,,,,SLC25A33,False,,Mesenquima_HSC,2.021,1.264,,,not curated,,,,4.3665,0.8876,0.7111,False,Mesenquima_HSC,"early, linear"
ENSG00000154096,THY1,14.839,5.778,0.0,,2.291,,,5.242,-0.286,,,,,False,,"Mesenquima_HSC,Endotelio",5.242,1.233,,,not curated,,,,5.758,-1.1161,0.614,False,Endotelio,"early, linear"
ENSG00000111057,KRT18,10.18,4.2,0.0,0.767,1.833,0.156,0.712,2.377,0.599,0.073,0.703,0.65,,True,,Endotelio,2.377,1.217,,,not curated,,,,3.2469,1.6172,0.3977,False,Endotelio,"early, linear"
ENSG00000115129,TP53I3,8.323,2.838,0.0,1.778,1.244,0.792,3.263,2.614,,1.769,3.627,-0.514,FAM228B,False,,"Fagocito_mononuclear,Endotelio",3.263,1.192,,,not curated,,,,3.5596,-2.3917,0.1454,False,Fagocito_mononuclear,"early, linear"
ENSG00000111229,ARPC3,6.699,3.816,0.0,-0.319,-0.112,0.238,2.387,-0.031,3.264,1.212,0.271,2.538,ANAPC7,False,,Fagocito_mononuclear,2.387,1.18,,,not curated,,,,2.8888,1.6265,0.3942,False,Fagocito_mononuclear,"early, linear"
ENSG00000170323,FABP4,9.773,3.161,0.0,0.852,0.518,0.477,0.369,2.903,1.445,1.264,1.712,0.881,,True,,Endotelio,2.903,1.179,,,not curated,,,,4.0586,-2.8816,0.0607,False,Endotelio,"early, linear"
ENSG00000168542,COL3A1,12.055,3.718,0.0,,2.451,,,,,,,,COL5A2,False,,Mesenquima_HSC,2.451,1.178,,,not curated,,,,4.8639,-3.573,0.0129,False,Mesenquima_HSC,"early, linear"
ENSG00000034510,TMSB10,9.818,2.152,0.0,-0.129,1.032,1.337,1.231,3.623,2.185,-0.572,-0.877,0.841,TRABD2A,False,,Endotelio,3.623,1.168,,,not curated,,,,1.339,1.6639,0.3799,False,Endotelio,other
ENSG00000088832,FKBP1A,4.653,2.045,0.0,-1.239,0.56,-0.814,-1.843,3.403,1.574,0.028,0.623,-0.107,SDCBP2,False,,Endotelio,3.403,1.13,,,not curated,,,,0.8363,2.7286,0.0814,False,Endotelio,other
ENSG00000166292,TMEM100,6.842,2.492,0.0,,3.018,,,1.419,,,,,MMD,False,,Mesenquima_HSC,3.018,1.127,,,not curated,,,,1.7898,1.3041,0.5302,False,Mesenquima_HSC,other
ENSG00000182836,PLCXD3,11.894,3.246,0.0,,2.328,,,2.288,,,,,OXCT1,False,,"Mesenquima_HSC,Endotelio",2.328,1.116,,,not curated,,,,2.8134,0.4451,0.8737,False,Mesenquima_HSC,"early, linear"
ENSG00000148908,RGS10,10.458,2.021,0.0,-1.354,-0.017,-2.072,3.25,-1.344,3.231,-0.224,-0.986,1.216,GRK5,False,,Fagocito_mononuclear,3.25,1.108,,,not curated,,,,2.2798,-1.0725,0.6351,False,Fagocito_mononuclear,"early, linear"
ENSG00000130956,HABP4,5.791,3.078,0.0,,0.766,0.032,2.384,2.349,0.25,-1.043,,,ZNF367,False,,"Fagocito_mononuclear,Endotelio",2.384,1.106,,,not curated,,,,2.172,1.7211,0.3582,False,Fagocito_mononuclear,"early, linear"
ENSG00000197302,KRABD5,4.044,2.328,0.0,2.1,-0.089,2.338,2.808,1.487,1.057,-0.225,0.064,0.768,ZNF267,False,,"Colangiocito,Fagocito_mononuclear",2.808,1.084,,,not curated,,,,2.8367,-1.7657,0.3425,False,Fagocito_mononuclear,"early, linear"
ENSG00000203950,RTL8A,6.48,3.059,0.0,2.622,1.059,0.632,0.7,2.168,1.124,-0.341,0.962,1.625,,True,,Endotelio,2.168,1.077,,,not curated,,,,1.5707,3.2882,0.0255,True,Endotelio,switch at F4
ENSG00000159214,CCDC24,4.364,1.562,0.0,,,0.257,3.363,,,,,,SLC6A9,False,,Fagocito_mononuclear,3.363,1.077,,,not curated,,,,1.6355,-0.5081,0.854,False,Fagocito_mononuclear,other
ENSG00000175643,RMI2,7.068,2.236,0.0,,,0.193,2.795,,,,,,LITAF,False,,Fagocito_mononuclear,2.795,1.073,,,not curated,,,,2.4662,-1.0431,0.6466,False,Fagocito_mononuclear,"early, linear"
ENSG00000112799,LY86,5.315,2.301,0.0,-1.667,-1.473,-2.606,2.716,-2.422,-2.807,2.12,-0.905,-0.559,F13A1,False,,Fagocito_mononuclear,2.716,1.07,,,not curated,,,,2.2579,-0.3617,0.901,False,Fagocito_mononuclear,"early, linear"
ENSG00000153814,JAZF1,4.944,3.034,0.0,0.098,-0.59,-0.336,2.122,0.161,-0.09,0.264,0.191,0.58,CREB5,False,,Fagocito_mononuclear,2.122,1.069,,,not curated,,,,3.5306,-1.87,0.3008,False,Fagocito_mononuclear,"early, linear"
ENSG00000100271,TTLL1,8.1,3.129,0.0,,,0.428,2.015,0.951,-1.295,,,2.91,PACSIN2,False,,Fagocito_mononuclear,2.015,1.065,,,not curated,,,,3.1029,-0.5719,0.8318,False,Fagocito_mononuclear,"early, linear"
ENSG00000253276,CCDC71L,5.541,2.729,0.0,-1.24,2.207,-0.029,0.241,-1.571,-0.231,0.913,-0.937,-1.557,PIK3CG,False,,Mesenquima_HSC,2.207,1.049,,,not curated,,,,0.9638,4.1034,0.0032,True,Mesenquima_HSC,switch at F4
ENSG00000144063,MALL,5.341,1.824,0.0,,,,,2.906,,,,,"LIMS3,NPHP1",False,,Endotelio,2.906,1.046,,,not curated,,,,0.8247,2.2181,0.192,False,Endotelio,other
ENSG00000131100,ATP6V1E1,5.65,2.272,0.0,0.236,-0.062,2.381,0.813,0.189,2.382,-0.471,2.211,1.075,SLC25A18,False,,Colangiocito,2.381,1.025,,,not curated,,,,1.3671,1.8811,0.297,False,Colangiocito,other
ENSG00000102007,PLP2,9.887,2.136,0.0,-0.03,2.021,2.402,0.964,1.714,2.428,-0.131,0.999,0.915,PRICKLE3,False,,"Mesenquima_HSC,Colangiocito",2.402,1.014,,,not curated,,,,1.7187,0.6348,0.809,False,Colangiocito,other
ENSG00000160813,PPP1R35,4.138,2.433,0.0,2.915,-0.076,2.138,1.502,1.215,1.641,-0.168,0.722,0.133,TSC22D4,False,,Colangiocito,2.138,1.011,,,not curated,,,,1.5585,1.7693,0.3416,False,Colangiocito,other
ENSG00000182718,ANXA2,14.308,5.451,0.0,0.778,1.278,1.155,3.674,3.224,0.484,0.05,0.36,-0.122,,False,,"Fagocito_mononuclear,Endotelio",3.674,1.004,,,not curated,,,,4.7025,0.8127,0.7391,False,Fagocito_mononuclear,"early, linear"
ENSG00000172757,CFL1,6.773,2.018,0.0,-0.814,-1.256,-0.239,2.37,1.25,1.784,-0.437,-1.092,0.758,SNX32,False,,Fagocito_mononuclear,2.37,0.998,,,not curated,,,,1.1616,1.8035,0.328,False,Fagocito_mononuclear,other
ENSG00000107175,CREB3,4.427,1.725,0.0,1.797,0.85,0.992,1.781,2.031,-1.377,-1.19,2.153,-1.945,,True,,Endotelio,2.031,0.926,,,not curated,,,,1.8325,-0.6296,0.8116,False,Endotelio,other
ENSG00000130635,COL5A1,11.716,3.421,0.0,,4.518,,,1.584,,,,,,False,,Mesenquima_HSC,4.518,0.907,,,not curated,,,,4.0305,-2.2207,0.1911,False,Mesenquima_HSC,"early, linear"
ENSG00000182463,TSHZ2,5.0,3.826,0.0,1.99,4.052,1.073,,1.697,1.836,-0.491,-0.745,,,False,,Mesenquima_HSC,4.052,0.889,,,not curated,,,,4.3495,-2.0843,0.2276,False,Mesenquima_HSC,"early, linear"
ENSG00000102393,GLA,8.704,5.784,0.0,-0.674,-0.807,1.302,2.44,-1.584,2.289,-0.652,2.654,-0.686,,False,,Fagocito_mononuclear,2.44,0.883,,,not curated,,,,5.0777,0.6338,0.8094,False,Fagocito_mononuclear,"early, linear"
ENSG00000087088,BAX,10.037,4.502,0.0,0.87,0.897,3.372,3.159,-0.105,4.165,0.999,-0.033,1.975,,False,,"Colangiocito,Fagocito_mononuclear",3.372,0.872,,,not curated,,,,4.2998,-0.4025,0.887,False,Colangiocito,"early, linear"
ENSG00000134574,DDB2,8.486,6.026,0.0,1.822,0.933,2.048,1.832,2.02,0.382,-2.918,0.057,0.315,,False,,"Colangiocito,Endotelio",2.048,0.859,,,not curated,,,,5.22,0.845,0.7286,False,Colangiocito,"early, linear"
ENSG00000087077,TRIP6,5.106,2.046,0.0,0.65,0.606,0.022,1.586,5.231,1.226,-0.577,1.369,0.939,,False,,Endotelio,5.231,0.859,,,not curated,,,,1.6033,0.7209,0.7732,False,Endotelio,other
ENSG00000104361,NIPAL2,9.486,4.517,0.0,,3.053,0.007,1.122,1.919,,,0.273,,,False,,Mesenquima_HSC,3.053,0.833,,,not curated,,,,3.8592,0.7693,0.7552,False,Mesenquima_HSC,"early, linear"
ENSG00000087116,ADAMTS2,11.319,3.195,0.0,,4.026,,-1.382,,,,,,,False,,Mesenquima_HSC,4.026,0.823,,,not curated,,,,3.3077,-0.9371,0.6906,False,Mesenquima_HSC,"early, linear"
ENSG00000174307,PHLDA3,11.514,5.279,0.0,,0.961,1.161,2.247,2.281,0.825,,2.574,,,False,,"Fagocito_mononuclear,Endotelio",2.281,0.813,,,not curated,,,,5.1181,-0.6642,0.7971,False,Endotelio,"early, linear"
ENSG00000146232,NFKBIE,9.479,2.516,0.0,-0.239,-0.127,0.251,4.329,-1.328,-1.353,1.445,0.46,-0.814,,False,,Fagocito_mononuclear,4.329,0.793,,,not curated,,,,2.2566,0.1497,0.9603,False,Fagocito_mononuclear,"early, linear"
ENSG00000132646,PCNA,6.885,4.888,0.0,0.606,1.72,2.028,1.256,2.242,3.746,0.166,0.326,1.297,,False,,"Colangiocito,Endotelio",2.242,0.769,,,not curated,,,,4.64,-0.3644,0.8999,False,Endotelio,"early, linear"
ENSG00000166557,TMED3,9.664,3.145,0.0,1.668,3.625,1.785,3.633,-1.758,2.106,-0.494,1.491,2.161,,False,,"Mesenquima_HSC,Fagocito_mononuclear",3.633,0.769,,,not curated,,,,3.1808,-0.7328,0.7687,False,Fagocito_mononuclear,"early, linear"
ENSG00000174175,SELP,6.468,4.082,0.0,,,,,2.85,,,,,,False,,Endotelio,2.85,0.764,,,not curated,,,,2.7807,2.5802,0.1044,False,Endotelio,"early, linear"
ENSG00000150337,FCGR1A,9.835,3.614,0.0,-0.842,,0.051,3.215,-1.068,,,,,,False,,Fagocito_mononuclear,3.215,0.763,,,not curated,,,,3.4649,-0.3587,0.9019,False,Fagocito_mononuclear,"early, linear"
ENSG00000119280,C1orf198,13.872,5.04,0.0,2.229,-0.228,-0.281,-0.9,2.059,,,,,,False,,Endotelio,2.059,0.761,,,not curated,,,,3.7499,2.359,0.1538,False,Endotelio,"early, linear"
ENSG00000102760,RGCC,12.361,3.305,0.0,0.276,0.464,-1.425,0.063,3.387,3.337,1.194,2.336,1.079,,False,,Endotelio,3.387,0.754,,,not curated,,,,1.9314,2.9288,0.0555,False,Endotelio,other
ENSG00000179933,C14orf119,4.242,4.501,0.0,1.141,1.217,2.318,1.953,2.032,2.715,2.111,1.982,0.608,,False,,"Colangiocito,Endotelio",2.318,0.74,,,not curated,,,,3.4725,1.7568,0.3456,False,Colangiocito,"early, linear"
ENSG00000042493,CAPG,11.943,3.278,0.0,-1.276,1.118,0.178,3.25,-0.68,0.321,1.526,0.028,0.529,,False,,Fagocito_mononuclear,3.25,0.734,,,not curated,,,,4.1472,-2.8319,0.0663,False,Fagocito_mononuclear,"early, linear"
ENSG00000165152,PGAP4,7.722,1.96,0.0,,0.272,0.425,,4.289,,,,,,False,,Endotelio,4.289,0.732,,,not curated,,,,2.9033,-2.782,0.074,False,Endotelio,"early, linear"
ENSG00000158186,MRAS,12.071,4.399,0.0,,0.666,-0.536,-0.932,2.187,,,,,,False,,Endotelio,2.187,0.713,,,not curated,,,,4.9251,-2.1958,0.1976,False,Endotelio,"early, linear"
ENSG00000089327,FXYD5,7.751,2.878,0.0,-1.052,-0.039,-0.645,3.326,1.351,1.236,0.73,-0.536,0.229,,False,,Fagocito_mononuclear,3.326,0.704,,,not curated,,,,1.6829,2.5316,0.1141,False,Fagocito_mononuclear,other
ENSG00000131148,EMC8,4.485,3.231,0.0,-0.501,1.68,0.69,2.016,2.966,2.172,-0.091,0.647,1.716,,False,,"Fagocito_mononuclear,Endotelio",2.966,0.694,,,not curated,,,,2.8932,0.205,0.9443,False,Endotelio,"early, linear"
ENSG00000124216,SNAI1,9.104,2.436,0.0,,1.548,,0.226,3.598,,0.674,,1.139,,False,,Endotelio,3.598,0.693,,,not curated,,,,1.4313,2.1103,0.2202,False,Endotelio,other
ENSG00000180817,PPA1,5.354,3.736,0.0,2.5,0.519,0.895,2.011,2.553,0.409,-0.883,0.522,-0.514,,False,,"Fagocito_mononuclear,Endotelio",2.553,0.693,,,not curated,,,,3.2335,0.5274,0.8469,False,Endotelio,"early, linear"
ENSG00000162444,RBP7,7.867,2.472,0.0,-0.923,0.397,-0.362,-1.013,3.49,0.267,0.201,0.495,0.318,,False,,Endotelio,3.49,0.684,,,not curated,,,,1.2458,2.694,0.086,False,Endotelio,other
ENSG00000198355,PIM3,4.836,2.899,0.0,-0.211,-0.026,-0.938,0.009,2.949,-0.67,-0.258,3.322,-0.092,,False,,Endotelio,2.949,0.658,,,not curated,,,,1.4857,3.1151,0.039,True,Endotelio,switch at F4
ENSG00000115226,FNDC4,4.232,3.632,0.0,0.674,0.619,0.479,,2.338,,,,,,False,,Endotelio,2.338,0.655,,,not curated,,,,2.2578,2.869,0.0621,False,Endotelio,"early, linear"
ENSG00000184009,ACTG1,5.551,1.593,0.0,-0.111,0.14,-0.872,1.015,3.932,0.508,-1.267,-2.354,0.993,,False,,Endotelio,3.932,0.651,,,not curated,,,,1.0722,1.0155,0.6597,False,Endotelio,other
ENSG00000197019,SERTAD1,7.093,3.717,0.0,-0.649,-0.52,-0.385,2.184,-0.163,0.863,-0.421,-0.086,-0.414,,False,,Fagocito_mononuclear,2.184,0.645,,,not curated,,,,2.4942,2.4399,0.1328,False,Fagocito_mononuclear,"early, linear"
ENSG00000196569,LAMA2,12.191,2.668,0.0,,3.021,,,,,,,,,False,,Mesenquima_HSC,3.021,0.644,,,not curated,,,,2.1999,0.6566,0.7997,False,Mesenquima_HSC,"early, linear"
ENSG00000119640,ACYP1,4.152,3.101,0.0,1.648,0.072,1.345,2.45,2.658,2.567,1.753,-4.938,1.833,,False,,"Fagocito_mononuclear,Endotelio",2.658,0.642,,,not curated,,,,3.1352,-0.7215,0.7731,False,Endotelio,"early, linear"
ENSG00000171223,JUNB,7.263,3.092,0.0,-0.477,0.025,-0.156,2.447,1.14,1.022,-0.003,1.753,-0.129,,False,,Fagocito_mononuclear,2.447,0.615,,,not curated,,,,1.5234,3.5014,0.0154,True,Fagocito_mononuclear,switch at F4
ENSG00000163918,RFC4,4.031,3.232,0.0,0.237,-1.853,2.291,0.675,1.152,1.934,-0.241,-1.259,-0.411,,False,,Colangiocito,2.291,0.61,,,not curated,,,,3.4675,-1.2537,0.5509,False,Colangiocito,"early, linear"
ENSG00000124802,EEF1E1,4.089,3.473,0.0,1.272,1.38,2.071,1.862,1.582,0.787,0.937,0.582,0.368,,False,,Colangiocito,2.071,0.606,,,not curated,,,,3.2003,-0.0124,0.9958,False,Colangiocito,"early, linear"
ENSG00000115204,MPV17,6.649,2.637,0.0,1.494,1.749,-0.217,2.727,0.03,2.407,-0.168,1.421,0.58,,False,,Fagocito_mononuclear,2.727,0.605,,,not curated,,,,1.927,1.2949,0.5344,False,Fagocito_mononuclear,other
ENSG00000105220,GPI,4.41,3.028,0.0,1.719,-1.691,2.375,1.624,-0.51,-0.42,-2.597,-0.441,0.125,,False,,Colangiocito,2.375,0.6,,,not curated,,,,2.597,0.4861,0.8601,False,Colangiocito,"early, linear"
ENSG00000116157,GPX7,7.241,2.65,0.0,1.078,1.6,2.668,1.362,0.945,2.589,0.811,0.321,1.698,,False,,Colangiocito,2.668,0.599,,,not curated,,,,2.0196,1.0844,0.6294,False,Colangiocito,"early, linear"
ENSG00000119782,FKBP1B,4.796,2.407,0.0,,,-0.0,0.651,2.782,,,,,,False,,Endotelio,2.782,0.588,,,not curated,,,,2.3998,-0.475,0.8634,False,Endotelio,"early, linear"
ENSG00000173715,TOP6BL,8.765,3.043,0.0,,,0.471,,2.211,1.2,-1.509,1.576,,,False,,Endotelio,2.211,0.581,,,not curated,,,,3.5771,-1.965,0.2667,False,Endotelio,"early, linear"
ENSG00000203760,CENPW,5.408,1.809,0.0,0.135,0.97,0.36,3.154,1.197,1.265,-0.038,1.398,1.916,,False,,Fagocito_mononuclear,3.154,0.575,,,not curated,,,,2.2902,-1.5941,0.4067,False,Fagocito_mononuclear,"early, linear"
ENSG00000133216,EPHB2,9.098,1.655,0.0,,,,3.24,,,,,,,False,,Fagocito_mononuclear,3.24,0.57,,,not curated,,,,2.2937,-1.9627,0.2673,False,Fagocito_mononuclear,"early, linear"
ENSG00000184635,ZNF93,6.087,1.972,0.0,,,,2.963,0.58,,,,,,False,,Fagocito_mononuclear,2.963,0.568,,,not curated,,,,1.7327,0.2096,0.943,False,Fagocito_mononuclear,other
ENSG00000109016,DHRS7B,5.158,2.672,0.0,1.558,-0.167,0.521,2.209,2.362,-0.201,0.284,-0.421,0.24,,False,,"Fagocito_mononuclear,Endotelio",2.362,0.562,,,not curated,,,,1.5125,2.4755,0.1256,False,Endotelio,other
ENSG00000169188,APEX2,4.695,1.513,0.0,2.447,-1.297,1.007,1.399,3.275,0.412,-0.897,-0.435,0.49,,False,,Endotelio,3.275,0.561,,,not curated,,,,0.6818,1.8386,0.3139,False,Endotelio,other
ENSG00000079257,LXN,10.146,1.856,0.0,0.506,2.735,1.26,0.705,2.992,4.139,,0.262,0.869,,False,,"Mesenquima_HSC,Endotelio",2.992,0.56,,,not curated,,,,1.2143,1.2763,0.5408,False,Endotelio,other
ENSG00000131386,GALNT15,6.736,2.333,0.0,,,,,2.582,,,,,,False,,Endotelio,2.582,0.556,,,not curated,,,,1.4879,1.7121,0.361,False,Endotelio,other
ENSG00000105472,CLEC11A,8.097,2.35,0.0,-0.546,2.363,-1.668,2.568,-1.477,0.612,-1.236,-0.706,0.051,,False,,"Mesenquima_HSC,Fagocito_mononuclear",2.568,0.556,,,not curated,,,,2.8293,-1.6959,0.3681,False,Fagocito_mononuclear,"early, linear"
ENSG00000102316,MAGED2,5.237,1.972,0.0,1.881,0.309,1.077,1.222,2.853,0.653,-0.688,1.789,0.057,,False,,Endotelio,2.853,0.554,,,not curated,,,,1.662,0.3913,0.8904,False,Endotelio,other
ENSG00000167642,SPINT2,10.259,1.754,0.0,1.777,0.158,0.552,3.011,-1.15,1.543,1.022,0.615,0.612,,False,,Fagocito_mononuclear,3.011,0.552,,,not curated,,,,2.0952,-1.2306,0.5611,False,Fagocito_mononuclear,"early, linear"
ENSG00000090316,MAEA,4.904,2.792,0.0,1.75,-0.622,2.17,-1.033,-2.244,0.271,-2.239,-0.483,-0.983,,False,,Colangiocito,2.17,0.55,,,not curated,,,,2.1978,0.9604,0.682,False,Colangiocito,"early, linear"
ENSG00000104889,RNASEH2A,4.292,1.746,0.001,-1.027,0.202,-0.128,2.995,0.404,2.759,1.465,2.305,-0.07,,False,,Fagocito_mononuclear,2.995,0.549,,,not curated,,,,2.1183,-1.3066,0.5289,False,Fagocito_mononuclear,"early, linear"
ENSG00000104760,FGL1,4.155,2.692,0.0,2.046,2.192,1.105,1.66,,,,,,,False,,Mesenquima_HSC,2.192,0.543,,,not curated,,,,1.1106,3.6093,0.0119,True,Mesenquima_HSC,switch at F4
ENSG00000040633,PHF23,4.434,2.757,0.0,1.934,0.516,1.942,2.129,0.047,1.013,2.032,-0.252,1.169,,False,,Fagocito_mononuclear,2.129,0.542,,,not curated,,,,2.5341,0.0052,0.9979,False,Fagocito_mononuclear,"early, linear"
ENSG00000139926,FRMD6,8.556,2.328,0.0,0.934,-0.009,0.817,,2.379,,,,,,False,,Endotelio,2.379,0.53,,,not curated,,,,1.3031,2.1851,0.1996,False,Endotelio,other
ENSG00000117632,STMN1,7.472,1.762,0.0,-1.055,-0.996,-0.965,0.629,2.811,1.355,-1.751,0.378,0.758,,False,,Endotelio,2.811,0.528,,,not curated,,,,1.8369,-0.5526,0.839,False,Endotelio,other
ENSG00000130755,GMFG,6.923,2.071,0.0,-1.536,-0.981,-1.347,2.492,-5.45,1.776,-0.594,-0.103,0.704,,False,,Fagocito_mononuclear,2.492,0.519,,,not curated,,,,2.4129,-1.2937,0.5348,False,Fagocito_mononuclear,"early, linear"
ENSG00000159674,SPON2,7.229,2.35,0.0,0.888,2.254,1.101,0.246,-0.729,0.576,-0.998,-2.131,1.107,,False,,Mesenquima_HSC,2.254,0.517,,,not curated,,,,1.8152,0.897,0.7082,False,Mesenquima_HSC,other
ENSG00000087589,CASS4,6.729,1.735,0.0,,,,2.68,,-2.489,,,-1.633,,False,,Fagocito_mononuclear,2.68,0.509,,,not curated,,,,0.5758,2.6567,0.0918,False,Fagocito_mononuclear,other
ENSG00000161960,EIF4A1,4.879,1.863,0.0,-0.162,-0.727,-0.053,-0.174,2.519,-0.148,-1.097,-1.582,-0.568,,False,,Endotelio,2.519,0.501,,,not curated,,,,0.4666,3.2602,0.0275,True,Endotelio,switch at F4
ENSG00000170876,TMEM43,6.934,1.573,0.0,0.076,-1.052,-0.561,-2.12,2.738,-1.211,-1.15,-2.944,-0.702,,False,,Endotelio,2.738,0.5,,,not curated,,,,0.2368,3.1546,0.0357,True,Endotelio,switch at F4
ENSG00000243279,PRAF2,6.526,1.692,0.0,-0.259,2.453,1.246,1.532,1.626,1.855,-0.712,1.085,-0.295,,False,,Mesenquima_HSC,2.453,0.476,,,not curated,,,,1.2431,0.8098,0.7399,False,Mesenquima_HSC,other
ENSG00000139970,RTN1,7.947,1.95,0.0,-1.708,,-0.338,2.222,-1.145,-2.611,,0.364,,,False,,Fagocito_mononuclear,2.222,0.473,,,not curated,,,,2.3605,-1.4446,0.4696,False,Fagocito_mononuclear,"early, linear"
ENSG00000176435,CLEC14A,8.059,1.732,0.0,-0.106,0.819,-0.366,0.211,2.341,0.288,0.39,0.841,0.253,,False,,Endotelio,2.341,0.466,,,not curated,,,,0.7664,2.1469,0.2106,False,Endotelio,other
ENSG00000128524,ATP6V1F,4.809,1.991,0.0,0.13,0.65,-0.258,2.129,0.72,2.946,0.62,3.673,2.49,,False,,Fagocito_mononuclear,2.129,0.465,,,not curated,,,,1.4429,1.005,0.6641,False,Fagocito_mononuclear,other
ENSG00000181885,CLDN7,7.934,2.052,0.0,0.995,,0.132,2.069,0.37,-0.171,,,-0.602,,False,,Fagocito_mononuclear,2.069,0.464,,,not curated,,,,0.6546,3.23,0.0294,True,Fagocito_mononuclear,switch at F4
ENSG00000139146,SINHCAF,9.459,1.85,0.0,-0.119,-0.975,-0.872,-0.412,2.031,-1.232,-0.104,-3.441,0.234,,False,,Endotelio,2.031,0.439,,,not curated,,,,1.1013,1.5565,0.4244,False,Endotelio,other
