tf,t_step_F4,t_step_F4_comp_adj,q_adj
SP3,3.7131,5.638,0.0
REL,4.8435,5.6189,0.0
STAT3,4.7127,5.5028,0.0
SMAD4,5.7387,5.4249,0.0
ETS1,3.214,5.2952,0.0
RELA,3.6772,4.7923,0.0001
ELK1,5.6029,4.5542,0.0002
FOXL2,3.6117,4.3731,0.0004
ATF2,4.5665,4.2619,0.0005
SMAD3,5.1499,4.2616,0.0005
HIF1A,3.8047,4.1265,0.0008
TBP,4.0586,4.0895,0.0009
RARA,4.6711,3.8988,0.0019
TP53,3.8463,3.7766,0.0027
SP1,3.5194,3.7675,0.0027
ETS2,2.5744,3.322,0.0133
KLF6,4.0322,3.2812,0.0146
ERG,3.3687,3.26,0.0149
CEBPD,3.7965,3.2307,0.0157
EPAS1,3.8941,3.13,0.021
ZNF24,2.6685,3.0787,0.0222
CREM,3.3391,3.0737,0.0222
NFKB1,2.5654,3.0716,0.0222
CEBPB,2.8054,3.0633,0.0222
VDR,4.2246,3.049,0.0224
EGR1,3.3531,2.9826,0.0267
ELK4,2.9357,2.8447,0.0397
STAT5B,2.1207,2.7817,0.0465
USF2,2.3073,2.711,0.0557
ESR1,3.6296,2.662,0.0621
CREB3L1,3.8516,2.6503,0.0621
TFAP2A,3.2341,2.6423,0.0621
KLF4,3.5972,2.6222,0.0639
STAT5A,1.95,2.5273,0.0792
NFYA,2.9685,2.5083,0.0806
CREB1,2.3167,2.4718,0.0855
JUN,2.5914,2.4085,0.0968
ATF4,3.0262,2.3333,0.1154
FOXO4,1.0679,2.325,0.1154
BHLHE22,-0.07,2.2045,0.1473
NFATC1,2.275,2.185,0.1484
STAT2,1.2313,2.0575,0.195
ESR2,2.2611,2.0425,0.1982
IRF9,1.5213,2.0171,0.2027
TCF7L2,2.6055,1.9879,0.2132
ETV4,2.5942,1.9752,0.2157
AR,2.081,1.9073,0.2435
IRF2,0.8533,1.8775,0.2476
KDM5B,2.8735,1.8676,0.2491
ETV1,2.3252,1.8435,0.2586
NFE2L2,1.8632,1.7843,0.2854
NR1H3,1.5629,1.6424,0.3667
STAT1,0.9466,1.6328,0.3667
ELF1,1.8246,1.6298,0.3667
CUX1,2.7832,1.5996,0.3795
MYC,1.5406,1.4959,0.4465
NR2F2,0.2247,1.4694,0.4465
FOXO1,0.3431,1.4612,0.4465
JUNB,2.3136,1.459,0.4465
TEAD4,2.6048,1.4497,0.4465
SMAD1,1.9096,1.4484,0.4465
TWIST1,3.1164,1.4152,0.4531
SOX13,2.4212,1.4086,0.4534
CEBPA,1.5001,1.3602,0.4843
MYBL2,1.4962,1.3281,0.5018
MITF,1.8352,1.3074,0.515
HHEX,0.8714,1.2524,0.5376
FOXO3,0.2097,1.2227,0.5542
GATA2,1.464,1.1943,0.5644
CDX2,2.1335,1.1853,0.5673
NR4A1,2.0811,1.1584,0.5875
ZNF263,-0.4083,1.1509,0.5891
CREB3,1.2661,1.1208,0.6015
MXI1,-0.0672,1.0814,0.6263
TEAD1,1.6286,1.0785,0.6263
GFI1B,1.6879,1.0607,0.6326
ATF1,2.4491,1.0308,0.657
MAFF,1.4048,0.9894,0.6793
RBPJ,1.1718,0.9863,0.6793
ZBED1,1.5044,0.9736,0.681
ZNF217,0.6966,0.9308,0.7038
DUX4,0.1352,0.919,0.7087
FOXJ2,0.1397,0.8966,0.7262
BACH2,1.377,0.8905,0.7268
PROX1,2.6558,0.8807,0.7314
KLF13,-0.5346,0.8696,0.7316
NCOA3,0.1939,0.8696,0.7316
MBD1,0.0999,0.8439,0.7512
HNF4G,1.7021,0.8399,0.7512
HNF1A,-0.7108,0.7893,0.7615
SP4,1.376,0.7872,0.7615
NFIC,2.1509,0.7476,0.7861
ARID2,-0.2931,0.7422,0.7863
MEF2C,1.192,0.7175,0.8065
RXRA,0.3503,0.6945,0.8079
ZEB2,0.5665,0.6724,0.8079
THAP11,1.0976,0.6578,0.8079
E2F6,-0.6107,0.6539,0.8079
MNT,-0.47,0.6535,0.8079
ARNT,0.8166,0.6496,0.8079
E2F7,2.0133,0.6117,0.825
POU2F1,1.9166,0.6022,0.826
HNF4A,-0.0186,0.5689,0.8426
ZBTB11,-0.6317,0.5464,0.8595
MEF2A,0.4974,0.5264,0.8595
AHR,0.8061,0.5186,0.8595
ZBTB7A,-0.8211,0.4965,0.8595
FOS,1.6609,0.4903,0.8595
KLF5,2.1337,0.484,0.8595
ZFX,-0.5369,0.4701,0.8595
NR1H2,1.0385,0.4676,0.8595
TCF4,1.1638,0.4554,0.8637
MEIS2,0.6622,0.4438,0.8637
SNAI2,-1.0476,0.3745,0.9014
RELB,1.5359,0.3714,0.9014
MYB,2.2012,0.3459,0.9075
OTX2,0.313,0.3371,0.9075
E2F5,0.0831,0.3308,0.9075
EBF1,1.7409,0.3292,0.9075
PRDM1,0.1427,0.3115,0.9193
GATA6,1.6894,0.2988,0.9248
CTCF,0.7927,0.2892,0.9248
WT1,1.3979,0.2623,0.9248
RUNX2,1.1435,0.2466,0.9255
CEBPG,-0.1178,0.1713,0.9595
XBP1,0.5891,0.1641,0.9595
GATA3,0.4449,0.1552,0.9625
POU4F2,-0.2185,0.1393,0.9682
ONECUT1,-0.3271,0.1372,0.9682
HINFP,0.5853,0.1337,0.9682
ZBTB33,-1.0339,0.1242,0.9691
ZNF274,0.6138,0.0999,0.9842
PPARA,-0.5486,0.0663,0.9913
NEUROD1,1.1782,0.0613,0.9913
FOXP2,-0.9387,0.028,0.996
MAX,1.6183,0.0101,0.996
FOXK2,0.3377,0.0099,0.996
GABPA,-0.7236,0.0051,0.996
NR2F6,-1.004,-0.0123,0.996
NCOA2,-0.3555,-0.0136,0.996
KLF9,1.5822,-0.0319,0.996
HMBOX1,0.6841,-0.0448,0.9924
KLF3,0.3908,-0.0508,0.9917
MEF2B,0.4902,-0.0508,0.9917
CLOCK,1.0507,-0.0614,0.9913
GRHL2,2.3328,-0.067,0.9913
NCOA1,-0.6773,-0.0734,0.9913
FOXP1,-0.0263,-0.0939,0.9851
TCF7,-0.4769,-0.1227,0.9691
JUND,0.3484,-0.1636,0.9595
NRF1,0.2598,-0.1669,0.9595
PBX2,1.2661,-0.191,0.9528
ZKSCAN1,1.2604,-0.2049,0.9449
PDX1,-0.3115,-0.2298,0.9272
RFX2,1.2231,-0.2337,0.9272
SREBF1,-0.4149,-0.2414,0.9255
ELF5,-0.7184,-0.2432,0.9255
MAF,0.5945,-0.2471,0.9255
TP63,0.7206,-0.2616,0.9248
NR2C2,-1.2185,-0.2632,0.9248
NFE2L1,-0.1376,-0.2642,0.9248
ATF7,-0.3201,-0.2779,0.9248
HOXB13,-0.2783,-0.2801,0.9248
IRF3,0.6519,-0.284,0.9248
TCF12,0.2121,-0.3393,0.9075
SPI1,0.085,-0.3509,0.9075
ZNF639,0.8245,-0.3648,0.9016
LEF1,0.6817,-0.3699,0.9014
SREBF2,-0.6219,-0.3777,0.9014
ESRRA,1.122,-0.3908,0.9002
SOX11,0.0706,-0.3929,0.9002
MEIS1,0.005,-0.4388,0.8639
KLF1,0.9703,-0.4468,0.8637
ZNF384,-0.2853,-0.4532,0.8637
TEAD2,1.2758,-0.4704,0.8595
ZNF740,0.5395,-0.4741,0.8595
THAP1,0.6785,-0.4777,0.8595
HSF1,-0.0972,-0.4779,0.8595
PPARG,-0.0589,-0.4798,0.8595
SNAPC4,0.3793,-0.5016,0.8595
HOXA9,-1.1406,-0.517,0.8595
SMAD5,-1.1844,-0.5208,0.8595
CTCFL,0.9847,-0.5346,0.8595
IKZF1,-0.358,-0.5882,0.8284
HBP1,0.2101,-0.5956,0.826
MAFB,-0.4336,-0.5996,0.826
NFKB2,-1.6641,-0.6209,0.8207
ATF6,-1.0587,-0.6377,0.8089
TFAP4,0.4832,-0.6438,0.8079
GLI2,0.3523,-0.6442,0.8079
E2F4,-0.9809,-0.6568,0.8079
ZNF592,0.2592,-0.659,0.8079
PBX3,0.4102,-0.6776,0.8079
ELF3,0.9728,-0.6942,0.8079
SIX5,0.3527,-0.6993,0.8079
RFX1,1.122,-0.7087,0.8079
ARID3A,0.0737,-0.7617,0.777
MAZ,0.4963,-0.7785,0.7651
MAFK,0.1018,-0.7887,0.7615
BACH1,0.2741,-0.7989,0.7615
IRF4,-0.7507,-0.8059,0.7615
BCL6,-1.9398,-0.8139,0.7614
SOX10,0.1088,-0.8226,0.758
BHLHE40,-2.1816,-0.831,0.7548
BCL11A,-0.9072,-0.9292,0.7038
RFX5,-0.1954,-0.9341,0.7038
SOX6,-0.4902,-0.9669,0.6821
ZNF143,0.1055,-0.9803,0.6798
NANOG,-0.9884,-0.9948,0.6793
POU5F1,-0.2147,-1.0187,0.6635
PRDM14,0.801,-1.0702,0.6288
TAL1,-1.3408,-1.0823,0.6263
TGIF2,-1.947,-1.1212,0.6015
BATF,-1.3131,-1.1388,0.5953
HNF1B,-0.7576,-1.1999,0.5644
TCF3,-0.1688,-1.2159,0.5551
SP2,-1.0887,-1.2451,0.5389
PKNOX1,-0.0298,-1.2586,0.5374
NR2F1,0.2923,-1.2696,0.5328
IRF1,-1.3802,-1.2867,0.5227
USF1,0.3702,-1.3001,0.516
TBX21,-0.7454,-1.3435,0.4936
TP73,-0.0675,-1.3863,0.4671
NFE2,-0.4632,-1.4193,0.4531
SPIB,-0.8634,-1.4201,0.4531
TFDP1,-1.364,-1.4294,0.4531
SIX2,0.0333,-1.4498,0.4465
ASCL1,0.0386,-1.4773,0.4465
ZEB1,-4.043,-1.4929,0.4465
MBD2,-0.2136,-1.5502,0.4123
PAX5,-0.6303,-1.5988,0.3795
NR5A2,0.0109,-1.6537,0.3648
MAFG,-0.3566,-1.7138,0.3267
EHF,-1.4997,-1.8183,0.2691
E2F1,-1.2371,-1.8869,0.2464
RUNX1,-0.5271,-1.8949,0.2462
LYL1,-0.2083,-1.9573,0.2209
MYOD1,-0.2949,-2.019,0.2027
MYCN,-0.2945,-2.1108,0.1748
EOMES,-1.776,-2.1861,0.1484
RUNX3,-1.3677,-2.2074,0.1473
FOXM1,-0.494,-2.3124,0.1166
FOXA1,-2.4964,-2.4308,0.0933
YY1,-2.9679,-2.5023,0.0806
NFYB,-2.3797,-2.5568,0.0749
TFAP2C,-3.9326,-4.3968,0.0004
ATF3,-4.795,-4.4223,0.0004
