programme,direction,n,expected,odds,p
ECM/fibrosis,up,83,25.5,9.52,1.8211178545339027e-30
ECM/fibrosis,down,5,24.4,0.17,0.9999999529161635
Hepatocito,up,23,43.6,0.46,0.9999545896399609
Hepatocito,down,99,41.7,3.89,8.137900075221636e-20
Inmune,up,160,65.3,4.38,5.13176522170705e-34
Inmune,down,23,62.4,0.31,0.9999999999237213
Colangiocito/progenitor,up,14,4.9,6.1,3.838407492835701e-05
Colangiocito/progenitor,down,6,4.7,1.38,0.3246660154006792
Ciclo celular,up,58,28.2,3.0,3.204833886094975e-09
Ciclo celular,down,17,26.9,0.57,0.991515077779032
Ribosoma,up,13,36.9,0.29,0.9999998431444669
Ribosoma,down,20,35.3,0.5,0.9993184132016412
